ISO-10303-21;
HEADER;
/* Generated by software containing ST-Developer
 * from STEP Tools, Inc. (www.steptools.com) 
 */

FILE_DESCRIPTION(
/* description */ (''),
/* implementation_level */ '2;1');

FILE_NAME(
/* name */ 'Foam Plane.step',
/* time_stamp */ '2026-09-21T23:04:21-04:00',
/* author */ (''),
/* organization */ (''),
/* preprocessor_version */ 'ST-DEVELOPER v20.2',
/* originating_system */ 'Autodesk Translation Framework v15.15.0.0',
/* authorisation */ '');

FILE_SCHEMA (('AUTOMOTIVE_DESIGN { 1 0 10303 214 3 1 1 }'));
ENDSEC;

DATA;
#10=MECHANICAL_DESIGN_GEOMETRIC_PRESENTATION_REPRESENTATION('',(#18,#19,
#20,#21,#22,#23,#24,#25,#26,#27,#28,#29,#30,#31,#32,#33,#34,#35,#36,#37,
#38,#39,#40,#41,#42),#11845);
#11=SHAPE_REPRESENTATION_RELATIONSHIP('SRR','None',#11852,#12);
#12=ADVANCED_BREP_SHAPE_REPRESENTATION('',(#43,#44,#45,#46,#47,#48,#49,
#50,#51,#52,#53,#54,#55,#56,#57,#58,#59,#60,#61,#62,#63,#64,#65,#66,#67),
#11844);
#13=FACE_BOUND('',#2324,.T.);
#14=FACE_BOUND('',#2394,.T.);
#15=FACE_BOUND('',#2421,.T.);
#16=FACE_BOUND('',#2509,.T.);
#17=FACE_BOUND('',#2592,.T.);
#18=STYLED_ITEM('',(#11862),#43);
#19=STYLED_ITEM('',(#11862),#44);
#20=STYLED_ITEM('',(#11862),#45);
#21=STYLED_ITEM('',(#11861),#46);
#22=STYLED_ITEM('',(#11861),#47);
#23=STYLED_ITEM('',(#11861),#48);
#24=STYLED_ITEM('',(#11861),#49);
#25=STYLED_ITEM('',(#11861),#50);
#26=STYLED_ITEM('',(#11862),#51);
#27=STYLED_ITEM('',(#11863),#52);
#28=STYLED_ITEM('',(#11861),#53);
#29=STYLED_ITEM('',(#11862),#54);
#30=STYLED_ITEM('',(#11862),#55);
#31=STYLED_ITEM('',(#11862),#56);
#32=STYLED_ITEM('',(#11862),#57);
#33=STYLED_ITEM('',(#11862),#58);
#34=STYLED_ITEM('',(#11862),#59);
#35=STYLED_ITEM('',(#11862),#60);
#36=STYLED_ITEM('',(#11862),#61);
#37=STYLED_ITEM('',(#11861),#62);
#38=STYLED_ITEM('',(#11861),#63);
#39=STYLED_ITEM('',(#11862),#64);
#40=STYLED_ITEM('',(#11861),#65);
#41=STYLED_ITEM('',(#11861),#66);
#42=STYLED_ITEM('',(#11861),#67);
#43=MANIFOLD_SOLID_BREP('Body1',#6361);
#44=MANIFOLD_SOLID_BREP('Body2',#6362);
#45=MANIFOLD_SOLID_BREP('Body3',#6363);
#46=MANIFOLD_SOLID_BREP('Body6',#6364);
#47=MANIFOLD_SOLID_BREP('Body7',#6365);
#48=MANIFOLD_SOLID_BREP('Body8',#6366);
#49=MANIFOLD_SOLID_BREP('Body9',#6367);
#50=MANIFOLD_SOLID_BREP('Body10',#6368);
#51=MANIFOLD_SOLID_BREP('Body14',#6369);
#52=MANIFOLD_SOLID_BREP('battery',#6370);
#53=MANIFOLD_SOLID_BREP('Body17',#6371);
#54=MANIFOLD_SOLID_BREP('Body21',#6372);
#55=MANIFOLD_SOLID_BREP('Body22',#6373);
#56=MANIFOLD_SOLID_BREP('Body24',#6374);
#57=MANIFOLD_SOLID_BREP('Body27',#6375);
#58=MANIFOLD_SOLID_BREP('Body28',#6376);
#59=MANIFOLD_SOLID_BREP('Body29',#6377);
#60=MANIFOLD_SOLID_BREP('Body30',#6378);
#61=MANIFOLD_SOLID_BREP('Body31',#6379);
#62=MANIFOLD_SOLID_BREP('Body35',#6380);
#63=MANIFOLD_SOLID_BREP('Body36',#6381);
#64=MANIFOLD_SOLID_BREP('Body37',#6382);
#65=MANIFOLD_SOLID_BREP('Body38',#6383);
#66=MANIFOLD_SOLID_BREP('Body39',#6384);
#67=MANIFOLD_SOLID_BREP('Body40',#6385);
#68=LINE('',#8461,#826);
#69=LINE('',#8463,#827);
#70=LINE('',#8464,#828);
#71=LINE('',#8467,#829);
#72=LINE('',#8468,#830);
#73=LINE('',#8471,#831);
#74=LINE('',#8472,#832);
#75=LINE('',#8474,#833);
#76=LINE('',#8479,#834);
#77=LINE('',#8481,#835);
#78=LINE('',#8483,#836);
#79=LINE('',#8484,#837);
#80=LINE('',#8488,#838);
#81=LINE('',#8490,#839);
#82=LINE('',#8492,#840);
#83=LINE('',#8493,#841);
#84=LINE('',#8495,#842);
#85=LINE('',#8496,#843);
#86=LINE('',#8499,#844);
#87=LINE('',#8501,#845);
#88=LINE('',#8502,#846);
#89=LINE('',#8505,#847);
#90=LINE('',#8507,#848);
#91=LINE('',#8509,#849);
#92=LINE('',#8510,#850);
#93=LINE('',#8513,#851);
#94=LINE('',#8515,#852);
#95=LINE('',#8517,#853);
#96=LINE('',#8518,#854);
#97=LINE('',#8521,#855);
#98=LINE('',#8523,#856);
#99=LINE('',#8524,#857);
#100=LINE('',#8527,#858);
#101=LINE('',#8529,#859);
#102=LINE('',#8530,#860);
#103=LINE('',#8533,#861);
#104=LINE('',#8535,#862);
#105=LINE('',#8537,#863);
#106=LINE('',#8539,#864);
#107=LINE('',#8540,#865);
#108=LINE('',#8543,#866);
#109=LINE('',#8544,#867);
#110=LINE('',#8547,#868);
#111=LINE('',#8548,#869);
#112=LINE('',#8549,#870);
#113=LINE('',#8552,#871);
#114=LINE('',#8554,#872);
#115=LINE('',#8555,#873);
#116=LINE('',#8558,#874);
#117=LINE('',#8560,#875);
#118=LINE('',#8561,#876);
#119=LINE('',#8563,#877);
#120=LINE('',#8565,#878);
#121=LINE('',#8568,#879);
#122=LINE('',#8569,#880);
#123=LINE('',#8571,#881);
#124=LINE('',#8574,#882);
#125=LINE('',#8575,#883);
#126=LINE('',#8577,#884);
#127=LINE('',#8579,#885);
#128=LINE('',#8584,#886);
#129=LINE('',#8586,#887);
#130=LINE('',#8588,#888);
#131=LINE('',#8589,#889);
#132=LINE('',#8592,#890);
#133=LINE('',#8594,#891);
#134=LINE('',#8596,#892);
#135=LINE('',#8598,#893);
#136=LINE('',#8600,#894);
#137=LINE('',#8602,#895);
#138=LINE('',#8603,#896);
#139=LINE('',#8607,#897);
#140=LINE('',#8609,#898);
#141=LINE('',#8610,#899);
#142=LINE('',#8614,#900);
#143=LINE('',#8615,#901);
#144=LINE('',#8616,#902);
#145=LINE('',#8619,#903);
#146=LINE('',#8620,#904);
#147=LINE('',#8622,#905);
#148=LINE('',#8625,#906);
#149=LINE('',#8627,#907);
#150=LINE('',#8628,#908);
#151=LINE('',#8629,#909);
#152=LINE('',#8632,#910);
#153=LINE('',#8633,#911);
#154=LINE('',#8635,#912);
#155=LINE('',#8636,#913);
#156=LINE('',#8640,#914);
#157=LINE('',#8642,#915);
#158=LINE('',#8644,#916);
#159=LINE('',#8646,#917);
#160=LINE('',#8648,#918);
#161=LINE('',#8650,#919);
#162=LINE('',#8652,#920);
#163=LINE('',#8654,#921);
#164=LINE('',#8655,#922);
#165=LINE('',#8657,#923);
#166=LINE('',#8661,#924);
#167=LINE('',#8663,#925);
#168=LINE('',#8665,#926);
#169=LINE('',#8666,#927);
#170=LINE('',#8668,#928);
#171=LINE('',#8670,#929);
#172=LINE('',#8672,#930);
#173=LINE('',#8674,#931);
#174=LINE('',#8676,#932);
#175=LINE('',#8677,#933);
#176=LINE('',#8679,#934);
#177=LINE('',#8682,#935);
#178=LINE('',#8684,#936);
#179=LINE('',#8686,#937);
#180=LINE('',#8688,#938);
#181=LINE('',#8690,#939);
#182=LINE('',#8691,#940);
#183=LINE('',#8693,#941);
#184=LINE('',#8695,#942);
#185=LINE('',#8698,#943);
#186=LINE('',#8699,#944);
#187=LINE('',#8700,#945);
#188=LINE('',#8704,#946);
#189=LINE('',#8706,#947);
#190=LINE('',#8707,#948);
#191=LINE('',#8708,#949);
#192=LINE('',#8712,#950);
#193=LINE('',#8713,#951);
#194=LINE('',#8716,#952);
#195=LINE('',#8717,#953);
#196=LINE('',#8719,#954);
#197=LINE('',#8795,#955);
#198=LINE('',#8797,#956);
#199=LINE('',#8798,#957);
#200=LINE('',#8801,#958);
#201=LINE('',#8803,#959);
#202=LINE('',#8804,#960);
#203=LINE('',#8807,#961);
#204=LINE('',#8808,#962);
#205=LINE('',#8811,#963);
#206=LINE('',#8812,#964);
#207=LINE('',#8814,#965);
#208=LINE('',#8819,#966);
#209=LINE('',#8821,#967);
#210=LINE('',#8823,#968);
#211=LINE('',#8824,#969);
#212=LINE('',#8827,#970);
#213=LINE('',#8829,#971);
#214=LINE('',#8830,#972);
#215=LINE('',#8833,#973);
#216=LINE('',#8835,#974);
#217=LINE('',#8836,#975);
#218=LINE('',#8838,#976);
#219=LINE('',#8839,#977);
#220=LINE('',#8845,#978);
#221=LINE('',#8847,#979);
#222=LINE('',#8849,#980);
#223=LINE('',#8850,#981);
#224=LINE('',#8853,#982);
#225=LINE('',#8855,#983);
#226=LINE('',#8856,#984);
#227=LINE('',#8859,#985);
#228=LINE('',#8861,#986);
#229=LINE('',#8862,#987);
#230=LINE('',#8864,#988);
#231=LINE('',#8865,#989);
#232=LINE('',#8871,#990);
#233=LINE('',#8873,#991);
#234=LINE('',#8875,#992);
#235=LINE('',#8876,#993);
#236=LINE('',#8879,#994);
#237=LINE('',#8904,#995);
#238=LINE('',#8905,#996);
#239=LINE('',#8908,#997);
#240=LINE('',#8982,#998);
#241=LINE('',#8983,#999);
#242=LINE('',#8985,#1000);
#243=LINE('',#8990,#1001);
#244=LINE('',#8992,#1002);
#245=LINE('',#8994,#1003);
#246=LINE('',#8995,#1004);
#247=LINE('',#8998,#1005);
#248=LINE('',#9023,#1006);
#249=LINE('',#9024,#1007);
#250=LINE('',#9027,#1008);
#251=LINE('',#9101,#1009);
#252=LINE('',#9102,#1010);
#253=LINE('',#9104,#1011);
#254=LINE('',#9109,#1012);
#255=LINE('',#9111,#1013);
#256=LINE('',#9113,#1014);
#257=LINE('',#9114,#1015);
#258=LINE('',#9117,#1016);
#259=LINE('',#9142,#1017);
#260=LINE('',#9143,#1018);
#261=LINE('',#9146,#1019);
#262=LINE('',#9220,#1020);
#263=LINE('',#9221,#1021);
#264=LINE('',#9223,#1022);
#265=LINE('',#9228,#1023);
#266=LINE('',#9230,#1024);
#267=LINE('',#9232,#1025);
#268=LINE('',#9233,#1026);
#269=LINE('',#9236,#1027);
#270=LINE('',#9238,#1028);
#271=LINE('',#9239,#1029);
#272=LINE('',#9242,#1030);
#273=LINE('',#9244,#1031);
#274=LINE('',#9245,#1032);
#275=LINE('',#9247,#1033);
#276=LINE('',#9248,#1034);
#277=LINE('',#9254,#1035);
#278=LINE('',#9256,#1036);
#279=LINE('',#9258,#1037);
#280=LINE('',#9259,#1038);
#281=LINE('',#9262,#1039);
#282=LINE('',#9264,#1040);
#283=LINE('',#9265,#1041);
#284=LINE('',#9268,#1042);
#285=LINE('',#9270,#1043);
#286=LINE('',#9271,#1044);
#287=LINE('',#9273,#1045);
#288=LINE('',#9274,#1046);
#289=LINE('',#9280,#1047);
#290=LINE('',#9282,#1048);
#291=LINE('',#9284,#1049);
#292=LINE('',#9286,#1050);
#293=LINE('',#9287,#1051);
#294=LINE('',#9290,#1052);
#295=LINE('',#9292,#1053);
#296=LINE('',#9293,#1054);
#297=LINE('',#9296,#1055);
#298=LINE('',#9297,#1056);
#299=LINE('',#9300,#1057);
#300=LINE('',#9301,#1058);
#301=LINE('',#9304,#1059);
#302=LINE('',#9305,#1060);
#303=LINE('',#9307,#1061);
#304=LINE('',#9311,#1062);
#305=LINE('',#9313,#1063);
#306=LINE('',#9315,#1064);
#307=LINE('',#9316,#1065);
#308=LINE('',#9319,#1066);
#309=LINE('',#9321,#1067);
#310=LINE('',#9322,#1068);
#311=LINE('',#9325,#1069);
#312=LINE('',#9327,#1070);
#313=LINE('',#9328,#1071);
#314=LINE('',#9330,#1072);
#315=LINE('',#9331,#1073);
#316=LINE('',#9337,#1074);
#317=LINE('',#9339,#1075);
#318=LINE('',#9341,#1076);
#319=LINE('',#9342,#1077);
#320=LINE('',#9345,#1078);
#321=LINE('',#9347,#1079);
#322=LINE('',#9348,#1080);
#323=LINE('',#9351,#1081);
#324=LINE('',#9353,#1082);
#325=LINE('',#9355,#1083);
#326=LINE('',#9356,#1084);
#327=LINE('',#9360,#1085);
#328=LINE('',#9361,#1086);
#329=LINE('',#9362,#1087);
#330=LINE('',#9364,#1088);
#331=LINE('',#9367,#1089);
#332=LINE('',#9368,#1090);
#333=LINE('',#9370,#1091);
#334=LINE('',#9375,#1092);
#335=LINE('',#9377,#1093);
#336=LINE('',#9379,#1094);
#337=LINE('',#9380,#1095);
#338=LINE('',#9383,#1096);
#339=LINE('',#9385,#1097);
#340=LINE('',#9387,#1098);
#341=LINE('',#9389,#1099);
#342=LINE('',#9390,#1100);
#343=LINE('',#9393,#1101);
#344=LINE('',#9395,#1102);
#345=LINE('',#9396,#1103);
#346=LINE('',#9398,#1104);
#347=LINE('',#9401,#1105);
#348=LINE('',#9402,#1106);
#349=LINE('',#9405,#1107);
#350=LINE('',#9406,#1108);
#351=LINE('',#9408,#1109);
#352=LINE('',#9413,#1110);
#353=LINE('',#9415,#1111);
#354=LINE('',#9417,#1112);
#355=LINE('',#9418,#1113);
#356=LINE('',#9421,#1114);
#357=LINE('',#9423,#1115);
#358=LINE('',#9424,#1116);
#359=LINE('',#9428,#1117);
#360=LINE('',#9430,#1118);
#361=LINE('',#9432,#1119);
#362=LINE('',#9433,#1120);
#363=LINE('',#9436,#1121);
#364=LINE('',#9438,#1122);
#365=LINE('',#9439,#1123);
#366=LINE('',#9442,#1124);
#367=LINE('',#9444,#1125);
#368=LINE('',#9445,#1126);
#369=LINE('',#9449,#1127);
#370=LINE('',#9450,#1128);
#371=LINE('',#9451,#1129);
#372=LINE('',#9453,#1130);
#373=LINE('',#9455,#1131);
#374=LINE('',#9457,#1132);
#375=LINE('',#9459,#1133);
#376=LINE('',#9464,#1134);
#377=LINE('',#9473,#1135);
#378=LINE('',#9475,#1136);
#379=LINE('',#9477,#1137);
#380=LINE('',#9479,#1138);
#381=LINE('',#9481,#1139);
#382=LINE('',#9488,#1140);
#383=LINE('',#9490,#1141);
#384=LINE('',#9492,#1142);
#385=LINE('',#9493,#1143);
#386=LINE('',#9496,#1144);
#387=LINE('',#9498,#1145);
#388=LINE('',#9499,#1146);
#389=LINE('',#9502,#1147);
#390=LINE('',#9503,#1148);
#391=LINE('',#9510,#1149);
#392=LINE('',#9565,#1150);
#393=LINE('',#9567,#1151);
#394=LINE('',#9568,#1152);
#395=LINE('',#9572,#1153);
#396=LINE('',#9573,#1154);
#397=LINE('',#9574,#1155);
#398=LINE('',#9576,#1156);
#399=LINE('',#9577,#1157);
#400=LINE('',#9581,#1158);
#401=LINE('',#9583,#1159);
#402=LINE('',#9585,#1160);
#403=LINE('',#9587,#1161);
#404=LINE('',#9588,#1162);
#405=LINE('',#9636,#1163);
#406=LINE('',#9638,#1164);
#407=LINE('',#9640,#1165);
#408=LINE('',#9642,#1166);
#409=LINE('',#9644,#1167);
#410=LINE('',#9645,#1168);
#411=LINE('',#9653,#1169);
#412=LINE('',#9654,#1170);
#413=LINE('',#9704,#1171);
#414=LINE('',#9705,#1172);
#415=LINE('',#9707,#1173);
#416=LINE('',#9709,#1174);
#417=LINE('',#9710,#1175);
#418=LINE('',#9714,#1176);
#419=LINE('',#9715,#1177);
#420=LINE('',#9716,#1178);
#421=LINE('',#9718,#1179);
#422=LINE('',#9720,#1180);
#423=LINE('',#9722,#1181);
#424=LINE('',#9723,#1182);
#425=LINE('',#9726,#1183);
#426=LINE('',#9727,#1184);
#427=LINE('',#9734,#1185);
#428=LINE('',#9742,#1186);
#429=LINE('',#9743,#1187);
#430=LINE('',#9751,#1188);
#431=LINE('',#9752,#1189);
#432=LINE('',#9759,#1190);
#433=LINE('',#9788,#1191);
#434=LINE('',#9800,#1192);
#435=LINE('',#9802,#1193);
#436=LINE('',#9804,#1194);
#437=LINE('',#9805,#1195);
#438=LINE('',#9807,#1196);
#439=LINE('',#9811,#1197);
#440=LINE('',#9812,#1198);
#441=LINE('',#9814,#1199);
#442=LINE('',#9873,#1200);
#443=LINE('',#9875,#1201);
#444=LINE('',#9876,#1202);
#445=LINE('',#9877,#1203);
#446=LINE('',#9880,#1204);
#447=LINE('',#9881,#1205);
#448=LINE('',#9883,#1206);
#449=LINE('',#9886,#1207);
#450=LINE('',#9887,#1208);
#451=LINE('',#9890,#1209);
#452=LINE('',#9891,#1210);
#453=LINE('',#9894,#1211);
#454=LINE('',#9895,#1212);
#455=LINE('',#9898,#1213);
#456=LINE('',#9899,#1214);
#457=LINE('',#9902,#1215);
#458=LINE('',#9904,#1216);
#459=LINE('',#9905,#1217);
#460=LINE('',#9908,#1218);
#461=LINE('',#9910,#1219);
#462=LINE('',#9911,#1220);
#463=LINE('',#9914,#1221);
#464=LINE('',#9915,#1222);
#465=LINE('',#9918,#1223);
#466=LINE('',#9919,#1224);
#467=LINE('',#9968,#1225);
#468=LINE('',#9969,#1226);
#469=LINE('',#9970,#1227);
#470=LINE('',#9972,#1228);
#471=LINE('',#9974,#1229);
#472=LINE('',#9977,#1230);
#473=LINE('',#9978,#1231);
#474=LINE('',#9981,#1232);
#475=LINE('',#9982,#1233);
#476=LINE('',#9985,#1234);
#477=LINE('',#9986,#1235);
#478=LINE('',#9988,#1236);
#479=LINE('',#9993,#1237);
#480=LINE('',#9995,#1238);
#481=LINE('',#10002,#1239);
#482=LINE('',#10009,#1240);
#483=LINE('',#10015,#1241);
#484=LINE('',#10052,#1242);
#485=LINE('',#10053,#1243);
#486=LINE('',#10056,#1244);
#487=LINE('',#10083,#1245);
#488=LINE('',#10085,#1246);
#489=LINE('',#10087,#1247);
#490=LINE('',#10094,#1248);
#491=LINE('',#10095,#1249);
#492=LINE('',#10096,#1250);
#493=LINE('',#10100,#1251);
#494=LINE('',#10102,#1252);
#495=LINE('',#10104,#1253);
#496=LINE('',#10105,#1254);
#497=LINE('',#10109,#1255);
#498=LINE('',#10110,#1256);
#499=LINE('',#10112,#1257);
#500=LINE('',#10113,#1258);
#501=LINE('',#10116,#1259);
#502=LINE('',#10118,#1260);
#503=LINE('',#10119,#1261);
#504=LINE('',#10122,#1262);
#505=LINE('',#10123,#1263);
#506=LINE('',#10126,#1264);
#507=LINE('',#10127,#1265);
#508=LINE('',#10129,#1266);
#509=LINE('',#10132,#1267);
#510=LINE('',#10133,#1268);
#511=LINE('',#10136,#1269);
#512=LINE('',#10138,#1270);
#513=LINE('',#10139,#1271);
#514=LINE('',#10142,#1272);
#515=LINE('',#10144,#1273);
#516=LINE('',#10145,#1274);
#517=LINE('',#10148,#1275);
#518=LINE('',#10150,#1276);
#519=LINE('',#10151,#1277);
#520=LINE('',#10153,#1278);
#521=LINE('',#10154,#1279);
#522=LINE('',#10157,#1280);
#523=LINE('',#10158,#1281);
#524=LINE('',#10161,#1282);
#525=LINE('',#10162,#1283);
#526=LINE('',#10163,#1284);
#527=LINE('',#10167,#1285);
#528=LINE('',#10168,#1286);
#529=LINE('',#10171,#1287);
#530=LINE('',#10175,#1288);
#531=LINE('',#10177,#1289);
#532=LINE('',#10179,#1290);
#533=LINE('',#10187,#1291);
#534=LINE('',#10189,#1292);
#535=LINE('',#10191,#1293);
#536=LINE('',#10192,#1294);
#537=LINE('',#10195,#1295);
#538=LINE('',#10197,#1296);
#539=LINE('',#10198,#1297);
#540=LINE('',#10201,#1298);
#541=LINE('',#10203,#1299);
#542=LINE('',#10205,#1300);
#543=LINE('',#10207,#1301);
#544=LINE('',#10208,#1302);
#545=LINE('',#10211,#1303);
#546=LINE('',#10213,#1304);
#547=LINE('',#10214,#1305);
#548=LINE('',#10217,#1306);
#549=LINE('',#10219,#1307);
#550=LINE('',#10220,#1308);
#551=LINE('',#10223,#1309);
#552=LINE('',#10225,#1310);
#553=LINE('',#10227,#1311);
#554=LINE('',#10229,#1312);
#555=LINE('',#10231,#1313);
#556=LINE('',#10232,#1314);
#557=LINE('',#10235,#1315);
#558=LINE('',#10237,#1316);
#559=LINE('',#10239,#1317);
#560=LINE('',#10240,#1318);
#561=LINE('',#10243,#1319);
#562=LINE('',#10251,#1320);
#563=LINE('',#10252,#1321);
#564=LINE('',#10254,#1322);
#565=LINE('',#10255,#1323);
#566=LINE('',#10257,#1324);
#567=LINE('',#10259,#1325);
#568=LINE('',#10260,#1326);
#569=LINE('',#10263,#1327);
#570=LINE('',#10264,#1328);
#571=LINE('',#10267,#1329);
#572=LINE('',#10268,#1330);
#573=LINE('',#10270,#1331);
#574=LINE('',#10273,#1332);
#575=LINE('',#10274,#1333);
#576=LINE('',#10276,#1334);
#577=LINE('',#10280,#1335);
#578=LINE('',#10281,#1336);
#579=LINE('',#10282,#1337);
#580=LINE('',#10285,#1338);
#581=LINE('',#10286,#1339);
#582=LINE('',#10288,#1340);
#583=LINE('',#10291,#1341);
#584=LINE('',#10340,#1342);
#585=LINE('',#10349,#1343);
#586=LINE('',#10351,#1344);
#587=LINE('',#10353,#1345);
#588=LINE('',#10355,#1346);
#589=LINE('',#10357,#1347);
#590=LINE('',#10359,#1348);
#591=LINE('',#10361,#1349);
#592=LINE('',#10363,#1350);
#593=LINE('',#10365,#1351);
#594=LINE('',#10366,#1352);
#595=LINE('',#10370,#1353);
#596=LINE('',#10371,#1354);
#597=LINE('',#10372,#1355);
#598=LINE('',#10375,#1356);
#599=LINE('',#10382,#1357);
#600=LINE('',#10384,#1358);
#601=LINE('',#10385,#1359);
#602=LINE('',#10388,#1360);
#603=LINE('',#10389,#1361);
#604=LINE('',#10392,#1362);
#605=LINE('',#10394,#1363);
#606=LINE('',#10395,#1364);
#607=LINE('',#10398,#1365);
#608=LINE('',#10400,#1366);
#609=LINE('',#10401,#1367);
#610=LINE('',#10404,#1368);
#611=LINE('',#10406,#1369);
#612=LINE('',#10407,#1370);
#613=LINE('',#10410,#1371);
#614=LINE('',#10412,#1372);
#615=LINE('',#10413,#1373);
#616=LINE('',#10416,#1374);
#617=LINE('',#10418,#1375);
#618=LINE('',#10449,#1376);
#619=LINE('',#10453,#1377);
#620=LINE('',#10454,#1378);
#621=LINE('',#10455,#1379);
#622=LINE('',#10458,#1380);
#623=LINE('',#10459,#1381);
#624=LINE('',#10461,#1382);
#625=LINE('',#10463,#1383);
#626=LINE('',#10464,#1384);
#627=LINE('',#10468,#1385);
#628=LINE('',#10521,#1386);
#629=LINE('',#10523,#1387);
#630=LINE('',#10525,#1388);
#631=LINE('',#10526,#1389);
#632=LINE('',#10530,#1390);
#633=LINE('',#10532,#1391);
#634=LINE('',#10534,#1392);
#635=LINE('',#10535,#1393);
#636=LINE('',#10538,#1394);
#637=LINE('',#10540,#1395);
#638=LINE('',#10541,#1396);
#639=LINE('',#10545,#1397);
#640=LINE('',#10547,#1398);
#641=LINE('',#10548,#1399);
#642=LINE('',#10552,#1400);
#643=LINE('',#10554,#1401);
#644=LINE('',#10556,#1402);
#645=LINE('',#10558,#1403);
#646=LINE('',#10559,#1404);
#647=LINE('',#10562,#1405);
#648=LINE('',#10564,#1406);
#649=LINE('',#10571,#1407);
#650=LINE('',#10573,#1408);
#651=LINE('',#10575,#1409);
#652=LINE('',#10577,#1410);
#653=LINE('',#10579,#1411);
#654=LINE('',#10580,#1412);
#655=LINE('',#10584,#1413);
#656=LINE('',#10586,#1414);
#657=LINE('',#10587,#1415);
#658=LINE('',#10590,#1416);
#659=LINE('',#10592,#1417);
#660=LINE('',#10593,#1418);
#661=LINE('',#10595,#1419);
#662=LINE('',#10596,#1420);
#663=LINE('',#10597,#1421);
#664=LINE('',#10601,#1422);
#665=LINE('',#10602,#1423);
#666=LINE('',#10603,#1424);
#667=LINE('',#10606,#1425);
#668=LINE('',#10607,#1426);
#669=LINE('',#10662,#1427);
#670=LINE('',#10664,#1428);
#671=LINE('',#10666,#1429);
#672=LINE('',#10668,#1430);
#673=LINE('',#10670,#1431);
#674=LINE('',#10671,#1432);
#675=LINE('',#10678,#1433);
#676=LINE('',#10679,#1434);
#677=LINE('',#10728,#1435);
#678=LINE('',#10759,#1436);
#679=LINE('',#10761,#1437);
#680=LINE('',#10763,#1438);
#681=LINE('',#10770,#1439);
#682=LINE('',#10771,#1440);
#683=LINE('',#10775,#1441);
#684=LINE('',#10776,#1442);
#685=LINE('',#10778,#1443);
#686=LINE('',#10779,#1444);
#687=LINE('',#10780,#1445);
#688=LINE('',#10782,#1446);
#689=LINE('',#10785,#1447);
#690=LINE('',#10787,#1448);
#691=LINE('',#10898,#1449);
#692=LINE('',#10901,#1450);
#693=LINE('',#10902,#1451);
#694=LINE('',#10906,#1452);
#695=LINE('',#10911,#1453);
#696=LINE('',#10914,#1454);
#697=LINE('',#10915,#1455);
#698=LINE('',#10918,#1456);
#699=LINE('',#10919,#1457);
#700=LINE('',#10922,#1458);
#701=LINE('',#10923,#1459);
#702=LINE('',#10926,#1460);
#703=LINE('',#10958,#1461);
#704=LINE('',#10968,#1462);
#705=LINE('',#11017,#1463);
#706=LINE('',#11018,#1464);
#707=LINE('',#11019,#1465);
#708=LINE('',#11022,#1466);
#709=LINE('',#11023,#1467);
#710=LINE('',#11027,#1468);
#711=LINE('',#11028,#1469);
#712=LINE('',#11029,#1470);
#713=LINE('',#11032,#1471);
#714=LINE('',#11033,#1472);
#715=LINE('',#11035,#1473);
#716=LINE('',#11036,#1474);
#717=LINE('',#11038,#1475);
#718=LINE('',#11040,#1476);
#719=LINE('',#11041,#1477);
#720=LINE('',#11043,#1478);
#721=LINE('',#11047,#1479);
#722=LINE('',#11048,#1480);
#723=LINE('',#11051,#1481);
#724=LINE('',#11052,#1482);
#725=LINE('',#11055,#1483);
#726=LINE('',#11056,#1484);
#727=LINE('',#11058,#1485);
#728=LINE('',#11063,#1486);
#729=LINE('',#11065,#1487);
#730=LINE('',#11067,#1488);
#731=LINE('',#11068,#1489);
#732=LINE('',#11072,#1490);
#733=LINE('',#11074,#1491);
#734=LINE('',#11076,#1492);
#735=LINE('',#11077,#1493);
#736=LINE('',#11080,#1494);
#737=LINE('',#11082,#1495);
#738=LINE('',#11083,#1496);
#739=LINE('',#11086,#1497);
#740=LINE('',#11088,#1498);
#741=LINE('',#11089,#1499);
#742=LINE('',#11091,#1500);
#743=LINE('',#11092,#1501);
#744=LINE('',#11094,#1502);
#745=LINE('',#11097,#1503);
#746=LINE('',#11099,#1504);
#747=LINE('',#11100,#1505);
#748=LINE('',#11103,#1506);
#749=LINE('',#11105,#1507);
#750=LINE('',#11106,#1508);
#751=LINE('',#11108,#1509);
#752=LINE('',#11188,#1510);
#753=LINE('',#11190,#1511);
#754=LINE('',#11191,#1512);
#755=LINE('',#11193,#1513);
#756=LINE('',#11250,#1514);
#757=LINE('',#11410,#1515);
#758=LINE('',#11412,#1516);
#759=LINE('',#11414,#1517);
#760=LINE('',#11415,#1518);
#761=LINE('',#11418,#1519);
#762=LINE('',#11443,#1520);
#763=LINE('',#11444,#1521);
#764=LINE('',#11447,#1522);
#765=LINE('',#11521,#1523);
#766=LINE('',#11522,#1524);
#767=LINE('',#11524,#1525);
#768=LINE('',#11529,#1526);
#769=LINE('',#11531,#1527);
#770=LINE('',#11533,#1528);
#771=LINE('',#11534,#1529);
#772=LINE('',#11537,#1530);
#773=LINE('',#11562,#1531);
#774=LINE('',#11563,#1532);
#775=LINE('',#11566,#1533);
#776=LINE('',#11640,#1534);
#777=LINE('',#11641,#1535);
#778=LINE('',#11643,#1536);
#779=LINE('',#11648,#1537);
#780=LINE('',#11650,#1538);
#781=LINE('',#11652,#1539);
#782=LINE('',#11653,#1540);
#783=LINE('',#11656,#1541);
#784=LINE('',#11658,#1542);
#785=LINE('',#11659,#1543);
#786=LINE('',#11662,#1544);
#787=LINE('',#11664,#1545);
#788=LINE('',#11665,#1546);
#789=LINE('',#11667,#1547);
#790=LINE('',#11668,#1548);
#791=LINE('',#11674,#1549);
#792=LINE('',#11676,#1550);
#793=LINE('',#11678,#1551);
#794=LINE('',#11679,#1552);
#795=LINE('',#11682,#1553);
#796=LINE('',#11684,#1554);
#797=LINE('',#11685,#1555);
#798=LINE('',#11688,#1556);
#799=LINE('',#11690,#1557);
#800=LINE('',#11691,#1558);
#801=LINE('',#11693,#1559);
#802=LINE('',#11694,#1560);
#803=LINE('',#11700,#1561);
#804=LINE('',#11702,#1562);
#805=LINE('',#11704,#1563);
#806=LINE('',#11705,#1564);
#807=LINE('',#11708,#1565);
#808=LINE('',#11710,#1566);
#809=LINE('',#11711,#1567);
#810=LINE('',#11714,#1568);
#811=LINE('',#11716,#1569);
#812=LINE('',#11717,#1570);
#813=LINE('',#11719,#1571);
#814=LINE('',#11720,#1572);
#815=LINE('',#11726,#1573);
#816=LINE('',#11728,#1574);
#817=LINE('',#11730,#1575);
#818=LINE('',#11731,#1576);
#819=LINE('',#11734,#1577);
#820=LINE('',#11759,#1578);
#821=LINE('',#11760,#1579);
#822=LINE('',#11763,#1580);
#823=LINE('',#11837,#1581);
#824=LINE('',#11838,#1582);
#825=LINE('',#11840,#1583);
#826=VECTOR('',#6735,10.);
#827=VECTOR('',#6736,10.);
#828=VECTOR('',#6737,10.);
#829=VECTOR('',#6740,10.);
#830=VECTOR('',#6741,10.);
#831=VECTOR('',#6744,10.);
#832=VECTOR('',#6745,10.);
#833=VECTOR('',#6748,10.);
#834=VECTOR('',#6753,10.);
#835=VECTOR('',#6754,10.);
#836=VECTOR('',#6755,10.);
#837=VECTOR('',#6756,10.);
#838=VECTOR('',#6759,10.);
#839=VECTOR('',#6760,10.);
#840=VECTOR('',#6761,10.);
#841=VECTOR('',#6762,10.);
#842=VECTOR('',#6765,10.);
#843=VECTOR('',#6766,10.);
#844=VECTOR('',#6769,10.);
#845=VECTOR('',#6770,10.);
#846=VECTOR('',#6771,10.);
#847=VECTOR('',#6774,10.);
#848=VECTOR('',#6775,10.);
#849=VECTOR('',#6776,10.);
#850=VECTOR('',#6777,10.);
#851=VECTOR('',#6780,10.);
#852=VECTOR('',#6781,10.);
#853=VECTOR('',#6782,10.);
#854=VECTOR('',#6783,10.);
#855=VECTOR('',#6786,10.);
#856=VECTOR('',#6787,10.);
#857=VECTOR('',#6788,10.);
#858=VECTOR('',#6791,10.);
#859=VECTOR('',#6792,10.);
#860=VECTOR('',#6793,10.);
#861=VECTOR('',#6796,10.);
#862=VECTOR('',#6797,10.);
#863=VECTOR('',#6798,10.);
#864=VECTOR('',#6799,10.);
#865=VECTOR('',#6800,10.);
#866=VECTOR('',#6803,10.);
#867=VECTOR('',#6804,10.);
#868=VECTOR('',#6807,10.);
#869=VECTOR('',#6808,10.);
#870=VECTOR('',#6809,10.);
#871=VECTOR('',#6812,10.);
#872=VECTOR('',#6813,10.);
#873=VECTOR('',#6814,10.);
#874=VECTOR('',#6817,10.);
#875=VECTOR('',#6818,10.);
#876=VECTOR('',#6819,10.);
#877=VECTOR('',#6822,10.);
#878=VECTOR('',#6825,10.);
#879=VECTOR('',#6828,10.);
#880=VECTOR('',#6829,10.);
#881=VECTOR('',#6832,10.);
#882=VECTOR('',#6835,10.);
#883=VECTOR('',#6836,10.);
#884=VECTOR('',#6839,10.);
#885=VECTOR('',#6842,10.);
#886=VECTOR('',#6847,10.);
#887=VECTOR('',#6848,10.);
#888=VECTOR('',#6849,10.);
#889=VECTOR('',#6850,10.);
#890=VECTOR('',#6853,10.);
#891=VECTOR('',#6854,10.);
#892=VECTOR('',#6855,10.);
#893=VECTOR('',#6856,10.);
#894=VECTOR('',#6857,10.);
#895=VECTOR('',#6858,10.);
#896=VECTOR('',#6859,10.);
#897=VECTOR('',#6862,10.);
#898=VECTOR('',#6863,10.);
#899=VECTOR('',#6864,10.);
#900=VECTOR('',#6867,10.);
#901=VECTOR('',#6868,10.);
#902=VECTOR('',#6869,10.);
#903=VECTOR('',#6872,10.);
#904=VECTOR('',#6873,10.);
#905=VECTOR('',#6876,10.);
#906=VECTOR('',#6879,10.);
#907=VECTOR('',#6880,10.);
#908=VECTOR('',#6881,10.);
#909=VECTOR('',#6882,10.);
#910=VECTOR('',#6885,10.);
#911=VECTOR('',#6886,10.);
#912=VECTOR('',#6887,10.);
#913=VECTOR('',#6888,10.);
#914=VECTOR('',#6893,10.);
#915=VECTOR('',#6894,10.);
#916=VECTOR('',#6895,10.);
#917=VECTOR('',#6896,10.);
#918=VECTOR('',#6897,10.);
#919=VECTOR('',#6898,10.);
#920=VECTOR('',#6899,10.);
#921=VECTOR('',#6900,10.);
#922=VECTOR('',#6901,10.);
#923=VECTOR('',#6904,10.);
#924=VECTOR('',#6907,10.);
#925=VECTOR('',#6908,10.);
#926=VECTOR('',#6909,10.);
#927=VECTOR('',#6910,10.);
#928=VECTOR('',#6913,10.);
#929=VECTOR('',#6914,10.);
#930=VECTOR('',#6915,10.);
#931=VECTOR('',#6916,10.);
#932=VECTOR('',#6917,10.);
#933=VECTOR('',#6918,10.);
#934=VECTOR('',#6921,10.);
#935=VECTOR('',#6924,10.);
#936=VECTOR('',#6925,10.);
#937=VECTOR('',#6926,10.);
#938=VECTOR('',#6927,10.);
#939=VECTOR('',#6928,10.);
#940=VECTOR('',#6929,10.);
#941=VECTOR('',#6932,10.);
#942=VECTOR('',#6935,10.);
#943=VECTOR('',#6938,10.);
#944=VECTOR('',#6939,10.);
#945=VECTOR('',#6940,10.);
#946=VECTOR('',#6945,10.);
#947=VECTOR('',#6946,10.);
#948=VECTOR('',#6947,10.);
#949=VECTOR('',#6948,10.);
#950=VECTOR('',#6953,10.);
#951=VECTOR('',#6954,10.);
#952=VECTOR('',#6957,10.);
#953=VECTOR('',#6958,10.);
#954=VECTOR('',#6961,10.);
#955=VECTOR('',#6966,10.);
#956=VECTOR('',#6967,10.);
#957=VECTOR('',#6968,10.);
#958=VECTOR('',#6971,10.);
#959=VECTOR('',#6972,10.);
#960=VECTOR('',#6973,10.);
#961=VECTOR('',#6976,10.);
#962=VECTOR('',#6977,10.);
#963=VECTOR('',#6980,10.);
#964=VECTOR('',#6981,10.);
#965=VECTOR('',#6984,10.);
#966=VECTOR('',#6989,10.);
#967=VECTOR('',#6990,10.);
#968=VECTOR('',#6991,10.);
#969=VECTOR('',#6992,10.);
#970=VECTOR('',#6995,10.);
#971=VECTOR('',#6996,10.);
#972=VECTOR('',#6997,10.);
#973=VECTOR('',#7000,10.);
#974=VECTOR('',#7001,10.);
#975=VECTOR('',#7002,10.);
#976=VECTOR('',#7005,10.);
#977=VECTOR('',#7006,10.);
#978=VECTOR('',#7013,10.);
#979=VECTOR('',#7014,10.);
#980=VECTOR('',#7015,10.);
#981=VECTOR('',#7016,10.);
#982=VECTOR('',#7019,10.);
#983=VECTOR('',#7020,10.);
#984=VECTOR('',#7021,10.);
#985=VECTOR('',#7024,10.);
#986=VECTOR('',#7025,10.);
#987=VECTOR('',#7026,10.);
#988=VECTOR('',#7029,10.);
#989=VECTOR('',#7030,10.);
#990=VECTOR('',#7037,10.);
#991=VECTOR('',#7038,10.);
#992=VECTOR('',#7039,10.);
#993=VECTOR('',#7040,10.);
#994=VECTOR('',#7043,10.);
#995=VECTOR('',#7044,10.);
#996=VECTOR('',#7045,10.);
#997=VECTOR('',#7048,10.);
#998=VECTOR('',#7051,10.);
#999=VECTOR('',#7052,10.);
#1000=VECTOR('',#7055,10.);
#1001=VECTOR('',#7060,10.);
#1002=VECTOR('',#7061,10.);
#1003=VECTOR('',#7062,10.);
#1004=VECTOR('',#7063,10.);
#1005=VECTOR('',#7066,10.);
#1006=VECTOR('',#7067,10.);
#1007=VECTOR('',#7068,10.);
#1008=VECTOR('',#7071,10.);
#1009=VECTOR('',#7074,10.);
#1010=VECTOR('',#7075,10.);
#1011=VECTOR('',#7078,10.);
#1012=VECTOR('',#7083,10.);
#1013=VECTOR('',#7084,10.);
#1014=VECTOR('',#7085,10.);
#1015=VECTOR('',#7086,10.);
#1016=VECTOR('',#7089,10.);
#1017=VECTOR('',#7090,10.);
#1018=VECTOR('',#7091,10.);
#1019=VECTOR('',#7094,10.);
#1020=VECTOR('',#7097,10.);
#1021=VECTOR('',#7098,10.);
#1022=VECTOR('',#7101,10.);
#1023=VECTOR('',#7106,10.);
#1024=VECTOR('',#7107,10.);
#1025=VECTOR('',#7108,10.);
#1026=VECTOR('',#7109,10.);
#1027=VECTOR('',#7112,10.);
#1028=VECTOR('',#7113,10.);
#1029=VECTOR('',#7114,10.);
#1030=VECTOR('',#7117,10.);
#1031=VECTOR('',#7118,10.);
#1032=VECTOR('',#7119,10.);
#1033=VECTOR('',#7122,10.);
#1034=VECTOR('',#7123,10.);
#1035=VECTOR('',#7130,10.);
#1036=VECTOR('',#7131,10.);
#1037=VECTOR('',#7132,10.);
#1038=VECTOR('',#7133,10.);
#1039=VECTOR('',#7136,10.);
#1040=VECTOR('',#7137,10.);
#1041=VECTOR('',#7138,10.);
#1042=VECTOR('',#7141,10.);
#1043=VECTOR('',#7142,10.);
#1044=VECTOR('',#7143,10.);
#1045=VECTOR('',#7146,10.);
#1046=VECTOR('',#7147,10.);
#1047=VECTOR('',#7154,10.);
#1048=VECTOR('',#7155,10.);
#1049=VECTOR('',#7156,10.);
#1050=VECTOR('',#7157,10.);
#1051=VECTOR('',#7158,10.);
#1052=VECTOR('',#7161,10.);
#1053=VECTOR('',#7162,10.);
#1054=VECTOR('',#7163,10.);
#1055=VECTOR('',#7166,10.);
#1056=VECTOR('',#7167,10.);
#1057=VECTOR('',#7170,10.);
#1058=VECTOR('',#7171,10.);
#1059=VECTOR('',#7174,10.);
#1060=VECTOR('',#7175,10.);
#1061=VECTOR('',#7178,10.);
#1062=VECTOR('',#7181,10.);
#1063=VECTOR('',#7182,10.);
#1064=VECTOR('',#7183,10.);
#1065=VECTOR('',#7184,10.);
#1066=VECTOR('',#7187,10.);
#1067=VECTOR('',#7188,10.);
#1068=VECTOR('',#7189,10.);
#1069=VECTOR('',#7192,10.);
#1070=VECTOR('',#7193,10.);
#1071=VECTOR('',#7194,10.);
#1072=VECTOR('',#7197,10.);
#1073=VECTOR('',#7198,10.);
#1074=VECTOR('',#7205,10.);
#1075=VECTOR('',#7206,10.);
#1076=VECTOR('',#7207,10.);
#1077=VECTOR('',#7208,10.);
#1078=VECTOR('',#7211,10.);
#1079=VECTOR('',#7212,10.);
#1080=VECTOR('',#7213,10.);
#1081=VECTOR('',#7216,10.);
#1082=VECTOR('',#7217,10.);
#1083=VECTOR('',#7218,10.);
#1084=VECTOR('',#7219,10.);
#1085=VECTOR('',#7222,10.);
#1086=VECTOR('',#7223,10.);
#1087=VECTOR('',#7224,10.);
#1088=VECTOR('',#7227,10.);
#1089=VECTOR('',#7230,10.);
#1090=VECTOR('',#7231,10.);
#1091=VECTOR('',#7234,10.);
#1092=VECTOR('',#7239,10.);
#1093=VECTOR('',#7240,10.);
#1094=VECTOR('',#7241,10.);
#1095=VECTOR('',#7242,10.);
#1096=VECTOR('',#7245,10.);
#1097=VECTOR('',#7246,10.);
#1098=VECTOR('',#7247,10.);
#1099=VECTOR('',#7248,10.);
#1100=VECTOR('',#7249,10.);
#1101=VECTOR('',#7252,10.);
#1102=VECTOR('',#7253,10.);
#1103=VECTOR('',#7254,10.);
#1104=VECTOR('',#7257,10.);
#1105=VECTOR('',#7260,10.);
#1106=VECTOR('',#7261,10.);
#1107=VECTOR('',#7264,10.);
#1108=VECTOR('',#7265,10.);
#1109=VECTOR('',#7268,10.);
#1110=VECTOR('',#7273,10.);
#1111=VECTOR('',#7274,10.);
#1112=VECTOR('',#7275,10.);
#1113=VECTOR('',#7276,10.);
#1114=VECTOR('',#7279,10.);
#1115=VECTOR('',#7280,10.);
#1116=VECTOR('',#7281,10.);
#1117=VECTOR('',#7284,10.);
#1118=VECTOR('',#7285,10.);
#1119=VECTOR('',#7286,10.);
#1120=VECTOR('',#7287,10.);
#1121=VECTOR('',#7290,10.);
#1122=VECTOR('',#7291,10.);
#1123=VECTOR('',#7292,10.);
#1124=VECTOR('',#7295,10.);
#1125=VECTOR('',#7296,10.);
#1126=VECTOR('',#7297,10.);
#1127=VECTOR('',#7300,10.);
#1128=VECTOR('',#7301,10.);
#1129=VECTOR('',#7302,10.);
#1130=VECTOR('',#7305,10.);
#1131=VECTOR('',#7308,10.);
#1132=VECTOR('',#7311,10.);
#1133=VECTOR('',#7314,10.);
#1134=VECTOR('',#7319,10.);
#1135=VECTOR('',#7320,10.);
#1136=VECTOR('',#7321,10.);
#1137=VECTOR('',#7322,10.);
#1138=VECTOR('',#7323,10.);
#1139=VECTOR('',#7324,10.);
#1140=VECTOR('',#7325,10.);
#1141=VECTOR('',#7326,10.);
#1142=VECTOR('',#7327,10.);
#1143=VECTOR('',#7328,10.);
#1144=VECTOR('',#7331,10.);
#1145=VECTOR('',#7332,10.);
#1146=VECTOR('',#7333,10.);
#1147=VECTOR('',#7336,10.);
#1148=VECTOR('',#7337,10.);
#1149=VECTOR('',#7340,10.);
#1150=VECTOR('',#7343,10.);
#1151=VECTOR('',#7344,10.);
#1152=VECTOR('',#7345,10.);
#1153=VECTOR('',#7348,10.);
#1154=VECTOR('',#7349,10.);
#1155=VECTOR('',#7350,10.);
#1156=VECTOR('',#7351,10.);
#1157=VECTOR('',#7352,10.);
#1158=VECTOR('',#7355,10.);
#1159=VECTOR('',#7356,10.);
#1160=VECTOR('',#7357,10.);
#1161=VECTOR('',#7358,10.);
#1162=VECTOR('',#7359,10.);
#1163=VECTOR('',#7362,10.);
#1164=VECTOR('',#7363,10.);
#1165=VECTOR('',#7364,10.);
#1166=VECTOR('',#7365,10.);
#1167=VECTOR('',#7366,10.);
#1168=VECTOR('',#7367,10.);
#1169=VECTOR('',#7370,10.);
#1170=VECTOR('',#7371,10.);
#1171=VECTOR('',#7374,10.);
#1172=VECTOR('',#7375,10.);
#1173=VECTOR('',#7376,10.);
#1174=VECTOR('',#7377,10.);
#1175=VECTOR('',#7378,10.);
#1176=VECTOR('',#7381,10.);
#1177=VECTOR('',#7382,10.);
#1178=VECTOR('',#7383,10.);
#1179=VECTOR('',#7386,10.);
#1180=VECTOR('',#7389,10.);
#1181=VECTOR('',#7390,10.);
#1182=VECTOR('',#7391,10.);
#1183=VECTOR('',#7394,10.);
#1184=VECTOR('',#7395,10.);
#1185=VECTOR('',#7398,10.);
#1186=VECTOR('',#7401,10.);
#1187=VECTOR('',#7402,10.);
#1188=VECTOR('',#7405,10.);
#1189=VECTOR('',#7406,10.);
#1190=VECTOR('',#7409,10.);
#1191=VECTOR('',#7412,10.);
#1192=VECTOR('',#7415,10.);
#1193=VECTOR('',#7416,10.);
#1194=VECTOR('',#7417,10.);
#1195=VECTOR('',#7418,10.);
#1196=VECTOR('',#7421,10.);
#1197=VECTOR('',#7424,10.);
#1198=VECTOR('',#7425,10.);
#1199=VECTOR('',#7426,10.);
#1200=VECTOR('',#7431,10.);
#1201=VECTOR('',#7432,10.);
#1202=VECTOR('',#7433,10.);
#1203=VECTOR('',#7434,10.);
#1204=VECTOR('',#7437,10.);
#1205=VECTOR('',#7438,10.);
#1206=VECTOR('',#7441,10.);
#1207=VECTOR('',#7444,10.);
#1208=VECTOR('',#7445,10.);
#1209=VECTOR('',#7448,10.);
#1210=VECTOR('',#7449,10.);
#1211=VECTOR('',#7452,10.);
#1212=VECTOR('',#7453,10.);
#1213=VECTOR('',#7456,10.);
#1214=VECTOR('',#7457,10.);
#1215=VECTOR('',#7460,10.);
#1216=VECTOR('',#7461,10.);
#1217=VECTOR('',#7462,10.);
#1218=VECTOR('',#7465,10.);
#1219=VECTOR('',#7466,10.);
#1220=VECTOR('',#7467,10.);
#1221=VECTOR('',#7470,10.);
#1222=VECTOR('',#7471,10.);
#1223=VECTOR('',#7474,10.);
#1224=VECTOR('',#7475,10.);
#1225=VECTOR('',#7478,10.);
#1226=VECTOR('',#7479,10.);
#1227=VECTOR('',#7480,10.);
#1228=VECTOR('',#7483,10.);
#1229=VECTOR('',#7486,10.);
#1230=VECTOR('',#7489,10.);
#1231=VECTOR('',#7490,10.);
#1232=VECTOR('',#7493,10.);
#1233=VECTOR('',#7494,10.);
#1234=VECTOR('',#7497,10.);
#1235=VECTOR('',#7498,10.);
#1236=VECTOR('',#7501,10.);
#1237=VECTOR('',#7506,10.);
#1238=VECTOR('',#7507,10.);
#1239=VECTOR('',#7510,10.);
#1240=VECTOR('',#7511,10.);
#1241=VECTOR('',#7512,10.);
#1242=VECTOR('',#7515,10.);
#1243=VECTOR('',#7516,10.);
#1244=VECTOR('',#7519,10.);
#1245=VECTOR('',#7522,10.);
#1246=VECTOR('',#7523,10.);
#1247=VECTOR('',#7524,10.);
#1248=VECTOR('',#7527,10.);
#1249=VECTOR('',#7528,10.);
#1250=VECTOR('',#7529,10.);
#1251=VECTOR('',#7532,10.);
#1252=VECTOR('',#7533,10.);
#1253=VECTOR('',#7534,10.);
#1254=VECTOR('',#7535,10.);
#1255=VECTOR('',#7538,10.);
#1256=VECTOR('',#7539,10.);
#1257=VECTOR('',#7540,10.);
#1258=VECTOR('',#7541,10.);
#1259=VECTOR('',#7544,10.);
#1260=VECTOR('',#7545,10.);
#1261=VECTOR('',#7546,10.);
#1262=VECTOR('',#7549,10.);
#1263=VECTOR('',#7550,10.);
#1264=VECTOR('',#7553,10.);
#1265=VECTOR('',#7554,10.);
#1266=VECTOR('',#7557,10.);
#1267=VECTOR('',#7560,10.);
#1268=VECTOR('',#7561,10.);
#1269=VECTOR('',#7564,10.);
#1270=VECTOR('',#7565,10.);
#1271=VECTOR('',#7566,10.);
#1272=VECTOR('',#7569,10.);
#1273=VECTOR('',#7570,10.);
#1274=VECTOR('',#7571,10.);
#1275=VECTOR('',#7574,10.);
#1276=VECTOR('',#7575,10.);
#1277=VECTOR('',#7576,10.);
#1278=VECTOR('',#7579,10.);
#1279=VECTOR('',#7580,10.);
#1280=VECTOR('',#7583,10.);
#1281=VECTOR('',#7584,10.);
#1282=VECTOR('',#7587,10.);
#1283=VECTOR('',#7588,10.);
#1284=VECTOR('',#7589,10.);
#1285=VECTOR('',#7594,10.);
#1286=VECTOR('',#7595,10.);
#1287=VECTOR('',#7600,10.);
#1288=VECTOR('',#7603,10.);
#1289=VECTOR('',#7604,10.);
#1290=VECTOR('',#7605,10.);
#1291=VECTOR('',#7608,10.);
#1292=VECTOR('',#7609,10.);
#1293=VECTOR('',#7610,10.);
#1294=VECTOR('',#7611,10.);
#1295=VECTOR('',#7614,10.);
#1296=VECTOR('',#7615,10.);
#1297=VECTOR('',#7616,10.);
#1298=VECTOR('',#7619,10.);
#1299=VECTOR('',#7620,10.);
#1300=VECTOR('',#7621,10.);
#1301=VECTOR('',#7622,10.);
#1302=VECTOR('',#7623,10.);
#1303=VECTOR('',#7626,10.);
#1304=VECTOR('',#7627,10.);
#1305=VECTOR('',#7628,10.);
#1306=VECTOR('',#7631,10.);
#1307=VECTOR('',#7632,10.);
#1308=VECTOR('',#7633,10.);
#1309=VECTOR('',#7636,10.);
#1310=VECTOR('',#7637,10.);
#1311=VECTOR('',#7638,10.);
#1312=VECTOR('',#7639,10.);
#1313=VECTOR('',#7640,10.);
#1314=VECTOR('',#7641,10.);
#1315=VECTOR('',#7644,10.);
#1316=VECTOR('',#7645,10.);
#1317=VECTOR('',#7646,10.);
#1318=VECTOR('',#7647,10.);
#1319=VECTOR('',#7650,10.);
#1320=VECTOR('',#7651,10.);
#1321=VECTOR('',#7652,10.);
#1322=VECTOR('',#7653,10.);
#1323=VECTOR('',#7654,10.);
#1324=VECTOR('',#7655,10.);
#1325=VECTOR('',#7656,10.);
#1326=VECTOR('',#7657,10.);
#1327=VECTOR('',#7660,10.);
#1328=VECTOR('',#7661,10.);
#1329=VECTOR('',#7664,10.);
#1330=VECTOR('',#7665,10.);
#1331=VECTOR('',#7668,10.);
#1332=VECTOR('',#7671,10.);
#1333=VECTOR('',#7672,10.);
#1334=VECTOR('',#7675,10.);
#1335=VECTOR('',#7678,10.);
#1336=VECTOR('',#7679,10.);
#1337=VECTOR('',#7680,10.);
#1338=VECTOR('',#7683,10.);
#1339=VECTOR('',#7684,10.);
#1340=VECTOR('',#7687,10.);
#1341=VECTOR('',#7690,10.);
#1342=VECTOR('',#7695,10.);
#1343=VECTOR('',#7696,10.);
#1344=VECTOR('',#7697,10.);
#1345=VECTOR('',#7698,10.);
#1346=VECTOR('',#7699,10.);
#1347=VECTOR('',#7700,10.);
#1348=VECTOR('',#7701,10.);
#1349=VECTOR('',#7702,10.);
#1350=VECTOR('',#7703,10.);
#1351=VECTOR('',#7704,10.);
#1352=VECTOR('',#7705,10.);
#1353=VECTOR('',#7708,10.);
#1354=VECTOR('',#7709,10.);
#1355=VECTOR('',#7710,10.);
#1356=VECTOR('',#7713,10.);
#1357=VECTOR('',#7716,10.);
#1358=VECTOR('',#7717,10.);
#1359=VECTOR('',#7718,10.);
#1360=VECTOR('',#7721,10.);
#1361=VECTOR('',#7722,10.);
#1362=VECTOR('',#7725,10.);
#1363=VECTOR('',#7726,10.);
#1364=VECTOR('',#7727,10.);
#1365=VECTOR('',#7730,10.);
#1366=VECTOR('',#7731,10.);
#1367=VECTOR('',#7732,10.);
#1368=VECTOR('',#7735,10.);
#1369=VECTOR('',#7736,10.);
#1370=VECTOR('',#7737,10.);
#1371=VECTOR('',#7740,10.);
#1372=VECTOR('',#7741,10.);
#1373=VECTOR('',#7742,10.);
#1374=VECTOR('',#7745,10.);
#1375=VECTOR('',#7746,10.);
#1376=VECTOR('',#7747,10.);
#1377=VECTOR('',#7750,10.);
#1378=VECTOR('',#7751,10.);
#1379=VECTOR('',#7752,10.);
#1380=VECTOR('',#7755,10.);
#1381=VECTOR('',#7756,10.);
#1382=VECTOR('',#7759,10.);
#1383=VECTOR('',#7762,10.);
#1384=VECTOR('',#7763,10.);
#1385=VECTOR('',#7768,10.);
#1386=VECTOR('',#7773,10.);
#1387=VECTOR('',#7774,10.);
#1388=VECTOR('',#7775,10.);
#1389=VECTOR('',#7776,10.);
#1390=VECTOR('',#7779,10.);
#1391=VECTOR('',#7780,10.);
#1392=VECTOR('',#7781,10.);
#1393=VECTOR('',#7782,10.);
#1394=VECTOR('',#7785,10.);
#1395=VECTOR('',#7786,10.);
#1396=VECTOR('',#7787,10.);
#1397=VECTOR('',#7790,10.);
#1398=VECTOR('',#7791,10.);
#1399=VECTOR('',#7792,10.);
#1400=VECTOR('',#7795,10.);
#1401=VECTOR('',#7796,10.);
#1402=VECTOR('',#7797,10.);
#1403=VECTOR('',#7798,10.);
#1404=VECTOR('',#7799,10.);
#1405=VECTOR('',#7802,10.);
#1406=VECTOR('',#7803,10.);
#1407=VECTOR('',#7804,10.);
#1408=VECTOR('',#7805,10.);
#1409=VECTOR('',#7806,10.);
#1410=VECTOR('',#7807,10.);
#1411=VECTOR('',#7808,10.);
#1412=VECTOR('',#7809,10.);
#1413=VECTOR('',#7812,10.);
#1414=VECTOR('',#7813,10.);
#1415=VECTOR('',#7814,10.);
#1416=VECTOR('',#7817,10.);
#1417=VECTOR('',#7818,10.);
#1418=VECTOR('',#7819,10.);
#1419=VECTOR('',#7822,10.);
#1420=VECTOR('',#7823,10.);
#1421=VECTOR('',#7824,10.);
#1422=VECTOR('',#7827,10.);
#1423=VECTOR('',#7828,10.);
#1424=VECTOR('',#7829,10.);
#1425=VECTOR('',#7832,10.);
#1426=VECTOR('',#7833,10.);
#1427=VECTOR('',#7838,10.);
#1428=VECTOR('',#7839,10.);
#1429=VECTOR('',#7840,10.);
#1430=VECTOR('',#7841,10.);
#1431=VECTOR('',#7842,10.);
#1432=VECTOR('',#7843,10.);
#1433=VECTOR('',#7846,10.);
#1434=VECTOR('',#7847,10.);
#1435=VECTOR('',#7850,10.);
#1436=VECTOR('',#7855,10.);
#1437=VECTOR('',#7856,10.);
#1438=VECTOR('',#7857,10.);
#1439=VECTOR('',#7858,10.);
#1440=VECTOR('',#7859,10.);
#1441=VECTOR('',#7862,10.);
#1442=VECTOR('',#7863,10.);
#1443=VECTOR('',#7864,10.);
#1444=VECTOR('',#7865,10.);
#1445=VECTOR('',#7866,10.);
#1446=VECTOR('',#7869,10.);
#1447=VECTOR('',#7872,10.);
#1448=VECTOR('',#7873,10.);
#1449=VECTOR('',#7876,10.);
#1450=VECTOR('',#7879,10.);
#1451=VECTOR('',#7880,10.);
#1452=VECTOR('',#7883,10.);
#1453=VECTOR('',#7884,10.);
#1454=VECTOR('',#7887,10.);
#1455=VECTOR('',#7888,10.);
#1456=VECTOR('',#7891,10.);
#1457=VECTOR('',#7892,10.);
#1458=VECTOR('',#7895,10.);
#1459=VECTOR('',#7896,10.);
#1460=VECTOR('',#7899,10.);
#1461=VECTOR('',#7902,10.);
#1462=VECTOR('',#7903,10.);
#1463=VECTOR('',#7906,10.);
#1464=VECTOR('',#7907,10.);
#1465=VECTOR('',#7908,10.);
#1466=VECTOR('',#7911,10.);
#1467=VECTOR('',#7912,10.);
#1468=VECTOR('',#7915,10.);
#1469=VECTOR('',#7916,10.);
#1470=VECTOR('',#7917,10.);
#1471=VECTOR('',#7920,10.);
#1472=VECTOR('',#7921,10.);
#1473=VECTOR('',#7922,10.);
#1474=VECTOR('',#7923,10.);
#1475=VECTOR('',#7926,10.);
#1476=VECTOR('',#7927,10.);
#1477=VECTOR('',#7928,10.);
#1478=VECTOR('',#7931,10.);
#1479=VECTOR('',#7936,10.);
#1480=VECTOR('',#7937,10.);
#1481=VECTOR('',#7940,10.);
#1482=VECTOR('',#7941,10.);
#1483=VECTOR('',#7944,10.);
#1484=VECTOR('',#7945,10.);
#1485=VECTOR('',#7948,10.);
#1486=VECTOR('',#7953,10.);
#1487=VECTOR('',#7954,10.);
#1488=VECTOR('',#7955,10.);
#1489=VECTOR('',#7956,10.);
#1490=VECTOR('',#7959,10.);
#1491=VECTOR('',#7960,10.);
#1492=VECTOR('',#7961,10.);
#1493=VECTOR('',#7962,10.);
#1494=VECTOR('',#7965,10.);
#1495=VECTOR('',#7966,10.);
#1496=VECTOR('',#7967,10.);
#1497=VECTOR('',#7970,10.);
#1498=VECTOR('',#7971,10.);
#1499=VECTOR('',#7972,10.);
#1500=VECTOR('',#7975,10.);
#1501=VECTOR('',#7976,10.);
#1502=VECTOR('',#7979,10.);
#1503=VECTOR('',#7982,10.);
#1504=VECTOR('',#7983,10.);
#1505=VECTOR('',#7984,10.);
#1506=VECTOR('',#7987,10.);
#1507=VECTOR('',#7988,10.);
#1508=VECTOR('',#7989,10.);
#1509=VECTOR('',#7992,10.);
#1510=VECTOR('',#7995,10.);
#1511=VECTOR('',#7996,10.);
#1512=VECTOR('',#7997,10.);
#1513=VECTOR('',#8000,10.);
#1514=VECTOR('',#8003,10.);
#1515=VECTOR('',#8010,10.);
#1516=VECTOR('',#8011,10.);
#1517=VECTOR('',#8012,10.);
#1518=VECTOR('',#8013,10.);
#1519=VECTOR('',#8016,10.);
#1520=VECTOR('',#8017,10.);
#1521=VECTOR('',#8018,10.);
#1522=VECTOR('',#8021,10.);
#1523=VECTOR('',#8024,10.);
#1524=VECTOR('',#8025,10.);
#1525=VECTOR('',#8028,10.);
#1526=VECTOR('',#8033,10.);
#1527=VECTOR('',#8034,10.);
#1528=VECTOR('',#8035,10.);
#1529=VECTOR('',#8036,10.);
#1530=VECTOR('',#8039,10.);
#1531=VECTOR('',#8040,10.);
#1532=VECTOR('',#8041,10.);
#1533=VECTOR('',#8044,10.);
#1534=VECTOR('',#8047,10.);
#1535=VECTOR('',#8048,10.);
#1536=VECTOR('',#8051,10.);
#1537=VECTOR('',#8056,10.);
#1538=VECTOR('',#8057,10.);
#1539=VECTOR('',#8058,10.);
#1540=VECTOR('',#8059,10.);
#1541=VECTOR('',#8062,10.);
#1542=VECTOR('',#8063,10.);
#1543=VECTOR('',#8064,10.);
#1544=VECTOR('',#8067,10.);
#1545=VECTOR('',#8068,10.);
#1546=VECTOR('',#8069,10.);
#1547=VECTOR('',#8072,10.);
#1548=VECTOR('',#8073,10.);
#1549=VECTOR('',#8080,10.);
#1550=VECTOR('',#8081,10.);
#1551=VECTOR('',#8082,10.);
#1552=VECTOR('',#8083,10.);
#1553=VECTOR('',#8086,10.);
#1554=VECTOR('',#8087,10.);
#1555=VECTOR('',#8088,10.);
#1556=VECTOR('',#8091,10.);
#1557=VECTOR('',#8092,10.);
#1558=VECTOR('',#8093,10.);
#1559=VECTOR('',#8096,10.);
#1560=VECTOR('',#8097,10.);
#1561=VECTOR('',#8104,10.);
#1562=VECTOR('',#8105,10.);
#1563=VECTOR('',#8106,10.);
#1564=VECTOR('',#8107,10.);
#1565=VECTOR('',#8110,10.);
#1566=VECTOR('',#8111,10.);
#1567=VECTOR('',#8112,10.);
#1568=VECTOR('',#8115,10.);
#1569=VECTOR('',#8116,10.);
#1570=VECTOR('',#8117,10.);
#1571=VECTOR('',#8120,10.);
#1572=VECTOR('',#8121,10.);
#1573=VECTOR('',#8128,10.);
#1574=VECTOR('',#8129,10.);
#1575=VECTOR('',#8130,10.);
#1576=VECTOR('',#8131,10.);
#1577=VECTOR('',#8134,10.);
#1578=VECTOR('',#8135,10.);
#1579=VECTOR('',#8136,10.);
#1580=VECTOR('',#8139,10.);
#1581=VECTOR('',#8142,10.);
#1582=VECTOR('',#8143,10.);
#1583=VECTOR('',#8146,10.);
#1584=PLANE('',#6399);
#1585=PLANE('',#6400);
#1586=PLANE('',#6401);
#1587=PLANE('',#6402);
#1588=PLANE('',#6403);
#1589=PLANE('',#6404);
#1590=PLANE('',#6405);
#1591=PLANE('',#6406);
#1592=PLANE('',#6407);
#1593=PLANE('',#6408);
#1594=PLANE('',#6409);
#1595=PLANE('',#6410);
#1596=PLANE('',#6411);
#1597=PLANE('',#6412);
#1598=PLANE('',#6413);
#1599=PLANE('',#6414);
#1600=PLANE('',#6415);
#1601=PLANE('',#6416);
#1602=PLANE('',#6417);
#1603=PLANE('',#6418);
#1604=PLANE('',#6419);
#1605=PLANE('',#6420);
#1606=PLANE('',#6421);
#1607=PLANE('',#6422);
#1608=PLANE('',#6423);
#1609=PLANE('',#6424);
#1610=PLANE('',#6425);
#1611=PLANE('',#6426);
#1612=PLANE('',#6427);
#1613=PLANE('',#6428);
#1614=PLANE('',#6429);
#1615=PLANE('',#6430);
#1616=PLANE('',#6431);
#1617=PLANE('',#6432);
#1618=PLANE('',#6433);
#1619=PLANE('',#6434);
#1620=PLANE('',#6435);
#1621=PLANE('',#6436);
#1622=PLANE('',#6437);
#1623=PLANE('',#6438);
#1624=PLANE('',#6439);
#1625=PLANE('',#6440);
#1626=PLANE('',#6441);
#1627=PLANE('',#6442);
#1628=PLANE('',#6443);
#1629=PLANE('',#6444);
#1630=PLANE('',#6445);
#1631=PLANE('',#6446);
#1632=PLANE('',#6447);
#1633=PLANE('',#6448);
#1634=PLANE('',#6449);
#1635=PLANE('',#6450);
#1636=PLANE('',#6451);
#1637=PLANE('',#6452);
#1638=PLANE('',#6453);
#1639=PLANE('',#6454);
#1640=PLANE('',#6455);
#1641=PLANE('',#6456);
#1642=PLANE('',#6457);
#1643=PLANE('',#6458);
#1644=PLANE('',#6459);
#1645=PLANE('',#6460);
#1646=PLANE('',#6461);
#1647=PLANE('',#6462);
#1648=PLANE('',#6463);
#1649=PLANE('',#6464);
#1650=PLANE('',#6465);
#1651=PLANE('',#6466);
#1652=PLANE('',#6467);
#1653=PLANE('',#6468);
#1654=PLANE('',#6469);
#1655=PLANE('',#6470);
#1656=PLANE('',#6471);
#1657=PLANE('',#6472);
#1658=PLANE('',#6473);
#1659=PLANE('',#6474);
#1660=PLANE('',#6475);
#1661=PLANE('',#6476);
#1662=PLANE('',#6477);
#1663=PLANE('',#6478);
#1664=PLANE('',#6479);
#1665=PLANE('',#6480);
#1666=PLANE('',#6481);
#1667=PLANE('',#6482);
#1668=PLANE('',#6483);
#1669=PLANE('',#6484);
#1670=PLANE('',#6485);
#1671=PLANE('',#6486);
#1672=PLANE('',#6487);
#1673=PLANE('',#6488);
#1674=PLANE('',#6489);
#1675=PLANE('',#6490);
#1676=PLANE('',#6491);
#1677=PLANE('',#6492);
#1678=PLANE('',#6493);
#1679=PLANE('',#6494);
#1680=PLANE('',#6495);
#1681=PLANE('',#6496);
#1682=PLANE('',#6497);
#1683=PLANE('',#6498);
#1684=PLANE('',#6499);
#1685=PLANE('',#6500);
#1686=PLANE('',#6501);
#1687=PLANE('',#6502);
#1688=PLANE('',#6503);
#1689=PLANE('',#6504);
#1690=PLANE('',#6505);
#1691=PLANE('',#6506);
#1692=PLANE('',#6507);
#1693=PLANE('',#6508);
#1694=PLANE('',#6509);
#1695=PLANE('',#6510);
#1696=PLANE('',#6511);
#1697=PLANE('',#6512);
#1698=PLANE('',#6513);
#1699=PLANE('',#6514);
#1700=PLANE('',#6515);
#1701=PLANE('',#6516);
#1702=PLANE('',#6517);
#1703=PLANE('',#6518);
#1704=PLANE('',#6519);
#1705=PLANE('',#6520);
#1706=PLANE('',#6521);
#1707=PLANE('',#6522);
#1708=PLANE('',#6523);
#1709=PLANE('',#6524);
#1710=PLANE('',#6525);
#1711=PLANE('',#6526);
#1712=PLANE('',#6527);
#1713=PLANE('',#6528);
#1714=PLANE('',#6529);
#1715=PLANE('',#6530);
#1716=PLANE('',#6531);
#1717=PLANE('',#6532);
#1718=PLANE('',#6533);
#1719=PLANE('',#6534);
#1720=PLANE('',#6535);
#1721=PLANE('',#6536);
#1722=PLANE('',#6537);
#1723=PLANE('',#6538);
#1724=PLANE('',#6539);
#1725=PLANE('',#6540);
#1726=PLANE('',#6541);
#1727=PLANE('',#6542);
#1728=PLANE('',#6543);
#1729=PLANE('',#6544);
#1730=PLANE('',#6545);
#1731=PLANE('',#6546);
#1732=PLANE('',#6547);
#1733=PLANE('',#6548);
#1734=PLANE('',#6549);
#1735=PLANE('',#6550);
#1736=PLANE('',#6551);
#1737=PLANE('',#6552);
#1738=PLANE('',#6553);
#1739=PLANE('',#6554);
#1740=PLANE('',#6555);
#1741=PLANE('',#6556);
#1742=PLANE('',#6557);
#1743=PLANE('',#6558);
#1744=PLANE('',#6559);
#1745=PLANE('',#6560);
#1746=PLANE('',#6561);
#1747=PLANE('',#6562);
#1748=PLANE('',#6563);
#1749=PLANE('',#6564);
#1750=PLANE('',#6565);
#1751=PLANE('',#6566);
#1752=PLANE('',#6567);
#1753=PLANE('',#6568);
#1754=PLANE('',#6569);
#1755=PLANE('',#6570);
#1756=PLANE('',#6571);
#1757=PLANE('',#6572);
#1758=PLANE('',#6573);
#1759=PLANE('',#6574);
#1760=PLANE('',#6575);
#1761=PLANE('',#6576);
#1762=PLANE('',#6577);
#1763=PLANE('',#6578);
#1764=PLANE('',#6579);
#1765=PLANE('',#6580);
#1766=PLANE('',#6581);
#1767=PLANE('',#6582);
#1768=PLANE('',#6583);
#1769=PLANE('',#6584);
#1770=PLANE('',#6585);
#1771=PLANE('',#6586);
#1772=PLANE('',#6587);
#1773=PLANE('',#6588);
#1774=PLANE('',#6589);
#1775=PLANE('',#6590);
#1776=PLANE('',#6591);
#1777=PLANE('',#6592);
#1778=PLANE('',#6593);
#1779=PLANE('',#6594);
#1780=PLANE('',#6595);
#1781=PLANE('',#6596);
#1782=PLANE('',#6597);
#1783=PLANE('',#6598);
#1784=PLANE('',#6599);
#1785=PLANE('',#6600);
#1786=PLANE('',#6601);
#1787=PLANE('',#6602);
#1788=PLANE('',#6603);
#1789=PLANE('',#6604);
#1790=PLANE('',#6605);
#1791=PLANE('',#6606);
#1792=PLANE('',#6607);
#1793=PLANE('',#6608);
#1794=PLANE('',#6609);
#1795=PLANE('',#6610);
#1796=PLANE('',#6611);
#1797=PLANE('',#6612);
#1798=PLANE('',#6613);
#1799=PLANE('',#6614);
#1800=PLANE('',#6615);
#1801=PLANE('',#6616);
#1802=PLANE('',#6617);
#1803=PLANE('',#6618);
#1804=PLANE('',#6619);
#1805=PLANE('',#6620);
#1806=PLANE('',#6621);
#1807=PLANE('',#6622);
#1808=PLANE('',#6623);
#1809=PLANE('',#6624);
#1810=PLANE('',#6625);
#1811=PLANE('',#6626);
#1812=PLANE('',#6627);
#1813=PLANE('',#6628);
#1814=PLANE('',#6629);
#1815=PLANE('',#6630);
#1816=PLANE('',#6631);
#1817=PLANE('',#6632);
#1818=PLANE('',#6633);
#1819=PLANE('',#6634);
#1820=PLANE('',#6635);
#1821=PLANE('',#6636);
#1822=PLANE('',#6637);
#1823=PLANE('',#6638);
#1824=PLANE('',#6639);
#1825=PLANE('',#6640);
#1826=PLANE('',#6641);
#1827=PLANE('',#6642);
#1828=PLANE('',#6643);
#1829=PLANE('',#6644);
#1830=PLANE('',#6645);
#1831=PLANE('',#6646);
#1832=PLANE('',#6647);
#1833=PLANE('',#6648);
#1834=PLANE('',#6649);
#1835=PLANE('',#6650);
#1836=PLANE('',#6651);
#1837=PLANE('',#6652);
#1838=PLANE('',#6653);
#1839=PLANE('',#6654);
#1840=PLANE('',#6655);
#1841=PLANE('',#6656);
#1842=PLANE('',#6657);
#1843=PLANE('',#6658);
#1844=PLANE('',#6659);
#1845=PLANE('',#6660);
#1846=PLANE('',#6661);
#1847=PLANE('',#6662);
#1848=PLANE('',#6663);
#1849=PLANE('',#6664);
#1850=PLANE('',#6665);
#1851=PLANE('',#6666);
#1852=PLANE('',#6667);
#1853=PLANE('',#6668);
#1854=PLANE('',#6669);
#1855=PLANE('',#6670);
#1856=PLANE('',#6671);
#1857=PLANE('',#6672);
#1858=PLANE('',#6673);
#1859=PLANE('',#6674);
#1860=PLANE('',#6675);
#1861=PLANE('',#6676);
#1862=PLANE('',#6677);
#1863=PLANE('',#6678);
#1864=PLANE('',#6679);
#1865=PLANE('',#6680);
#1866=PLANE('',#6681);
#1867=PLANE('',#6682);
#1868=PLANE('',#6683);
#1869=PLANE('',#6684);
#1870=PLANE('',#6685);
#1871=PLANE('',#6686);
#1872=PLANE('',#6687);
#1873=PLANE('',#6688);
#1874=PLANE('',#6689);
#1875=PLANE('',#6690);
#1876=PLANE('',#6691);
#1877=PLANE('',#6692);
#1878=PLANE('',#6693);
#1879=PLANE('',#6694);
#1880=PLANE('',#6695);
#1881=PLANE('',#6696);
#1882=PLANE('',#6697);
#1883=PLANE('',#6698);
#1884=PLANE('',#6699);
#1885=PLANE('',#6700);
#1886=PLANE('',#6701);
#1887=PLANE('',#6702);
#1888=PLANE('',#6703);
#1889=PLANE('',#6704);
#1890=PLANE('',#6705);
#1891=PLANE('',#6706);
#1892=PLANE('',#6707);
#1893=PLANE('',#6708);
#1894=PLANE('',#6709);
#1895=PLANE('',#6710);
#1896=PLANE('',#6711);
#1897=PLANE('',#6712);
#1898=PLANE('',#6713);
#1899=PLANE('',#6714);
#1900=PLANE('',#6715);
#1901=PLANE('',#6716);
#1902=PLANE('',#6717);
#1903=PLANE('',#6718);
#1904=PLANE('',#6719);
#1905=PLANE('',#6720);
#1906=PLANE('',#6721);
#1907=PLANE('',#6722);
#1908=PLANE('',#6723);
#1909=PLANE('',#6724);
#1910=PLANE('',#6725);
#1911=PLANE('',#6726);
#1912=PLANE('',#6727);
#1913=PLANE('',#6728);
#1914=FACE_OUTER_BOUND('',#2273,.T.);
#1915=FACE_OUTER_BOUND('',#2274,.T.);
#1916=FACE_OUTER_BOUND('',#2275,.T.);
#1917=FACE_OUTER_BOUND('',#2276,.T.);
#1918=FACE_OUTER_BOUND('',#2277,.T.);
#1919=FACE_OUTER_BOUND('',#2278,.T.);
#1920=FACE_OUTER_BOUND('',#2279,.T.);
#1921=FACE_OUTER_BOUND('',#2280,.T.);
#1922=FACE_OUTER_BOUND('',#2281,.T.);
#1923=FACE_OUTER_BOUND('',#2282,.T.);
#1924=FACE_OUTER_BOUND('',#2283,.T.);
#1925=FACE_OUTER_BOUND('',#2284,.T.);
#1926=FACE_OUTER_BOUND('',#2285,.T.);
#1927=FACE_OUTER_BOUND('',#2286,.T.);
#1928=FACE_OUTER_BOUND('',#2287,.T.);
#1929=FACE_OUTER_BOUND('',#2288,.T.);
#1930=FACE_OUTER_BOUND('',#2289,.T.);
#1931=FACE_OUTER_BOUND('',#2290,.T.);
#1932=FACE_OUTER_BOUND('',#2291,.T.);
#1933=FACE_OUTER_BOUND('',#2292,.T.);
#1934=FACE_OUTER_BOUND('',#2293,.T.);
#1935=FACE_OUTER_BOUND('',#2294,.T.);
#1936=FACE_OUTER_BOUND('',#2295,.T.);
#1937=FACE_OUTER_BOUND('',#2296,.T.);
#1938=FACE_OUTER_BOUND('',#2297,.T.);
#1939=FACE_OUTER_BOUND('',#2298,.T.);
#1940=FACE_OUTER_BOUND('',#2299,.T.);
#1941=FACE_OUTER_BOUND('',#2300,.T.);
#1942=FACE_OUTER_BOUND('',#2301,.T.);
#1943=FACE_OUTER_BOUND('',#2302,.T.);
#1944=FACE_OUTER_BOUND('',#2303,.T.);
#1945=FACE_OUTER_BOUND('',#2304,.T.);
#1946=FACE_OUTER_BOUND('',#2305,.T.);
#1947=FACE_OUTER_BOUND('',#2306,.T.);
#1948=FACE_OUTER_BOUND('',#2307,.T.);
#1949=FACE_OUTER_BOUND('',#2308,.T.);
#1950=FACE_OUTER_BOUND('',#2309,.T.);
#1951=FACE_OUTER_BOUND('',#2310,.T.);
#1952=FACE_OUTER_BOUND('',#2311,.T.);
#1953=FACE_OUTER_BOUND('',#2312,.T.);
#1954=FACE_OUTER_BOUND('',#2313,.T.);
#1955=FACE_OUTER_BOUND('',#2314,.T.);
#1956=FACE_OUTER_BOUND('',#2315,.T.);
#1957=FACE_OUTER_BOUND('',#2316,.T.);
#1958=FACE_OUTER_BOUND('',#2317,.T.);
#1959=FACE_OUTER_BOUND('',#2318,.T.);
#1960=FACE_OUTER_BOUND('',#2319,.T.);
#1961=FACE_OUTER_BOUND('',#2320,.T.);
#1962=FACE_OUTER_BOUND('',#2321,.T.);
#1963=FACE_OUTER_BOUND('',#2322,.T.);
#1964=FACE_OUTER_BOUND('',#2323,.T.);
#1965=FACE_OUTER_BOUND('',#2325,.T.);
#1966=FACE_OUTER_BOUND('',#2326,.T.);
#1967=FACE_OUTER_BOUND('',#2327,.T.);
#1968=FACE_OUTER_BOUND('',#2328,.T.);
#1969=FACE_OUTER_BOUND('',#2329,.T.);
#1970=FACE_OUTER_BOUND('',#2330,.T.);
#1971=FACE_OUTER_BOUND('',#2331,.T.);
#1972=FACE_OUTER_BOUND('',#2332,.T.);
#1973=FACE_OUTER_BOUND('',#2333,.T.);
#1974=FACE_OUTER_BOUND('',#2334,.T.);
#1975=FACE_OUTER_BOUND('',#2335,.T.);
#1976=FACE_OUTER_BOUND('',#2336,.T.);
#1977=FACE_OUTER_BOUND('',#2337,.T.);
#1978=FACE_OUTER_BOUND('',#2338,.T.);
#1979=FACE_OUTER_BOUND('',#2339,.T.);
#1980=FACE_OUTER_BOUND('',#2340,.T.);
#1981=FACE_OUTER_BOUND('',#2341,.T.);
#1982=FACE_OUTER_BOUND('',#2342,.T.);
#1983=FACE_OUTER_BOUND('',#2343,.T.);
#1984=FACE_OUTER_BOUND('',#2344,.T.);
#1985=FACE_OUTER_BOUND('',#2345,.T.);
#1986=FACE_OUTER_BOUND('',#2346,.T.);
#1987=FACE_OUTER_BOUND('',#2347,.T.);
#1988=FACE_OUTER_BOUND('',#2348,.T.);
#1989=FACE_OUTER_BOUND('',#2349,.T.);
#1990=FACE_OUTER_BOUND('',#2350,.T.);
#1991=FACE_OUTER_BOUND('',#2351,.T.);
#1992=FACE_OUTER_BOUND('',#2352,.T.);
#1993=FACE_OUTER_BOUND('',#2353,.T.);
#1994=FACE_OUTER_BOUND('',#2354,.T.);
#1995=FACE_OUTER_BOUND('',#2355,.T.);
#1996=FACE_OUTER_BOUND('',#2356,.T.);
#1997=FACE_OUTER_BOUND('',#2357,.T.);
#1998=FACE_OUTER_BOUND('',#2358,.T.);
#1999=FACE_OUTER_BOUND('',#2359,.T.);
#2000=FACE_OUTER_BOUND('',#2360,.T.);
#2001=FACE_OUTER_BOUND('',#2361,.T.);
#2002=FACE_OUTER_BOUND('',#2362,.T.);
#2003=FACE_OUTER_BOUND('',#2363,.T.);
#2004=FACE_OUTER_BOUND('',#2364,.T.);
#2005=FACE_OUTER_BOUND('',#2365,.T.);
#2006=FACE_OUTER_BOUND('',#2366,.T.);
#2007=FACE_OUTER_BOUND('',#2367,.T.);
#2008=FACE_OUTER_BOUND('',#2368,.T.);
#2009=FACE_OUTER_BOUND('',#2369,.T.);
#2010=FACE_OUTER_BOUND('',#2370,.T.);
#2011=FACE_OUTER_BOUND('',#2371,.T.);
#2012=FACE_OUTER_BOUND('',#2372,.T.);
#2013=FACE_OUTER_BOUND('',#2373,.T.);
#2014=FACE_OUTER_BOUND('',#2374,.T.);
#2015=FACE_OUTER_BOUND('',#2375,.T.);
#2016=FACE_OUTER_BOUND('',#2376,.T.);
#2017=FACE_OUTER_BOUND('',#2377,.T.);
#2018=FACE_OUTER_BOUND('',#2378,.T.);
#2019=FACE_OUTER_BOUND('',#2379,.T.);
#2020=FACE_OUTER_BOUND('',#2380,.T.);
#2021=FACE_OUTER_BOUND('',#2381,.T.);
#2022=FACE_OUTER_BOUND('',#2382,.T.);
#2023=FACE_OUTER_BOUND('',#2383,.T.);
#2024=FACE_OUTER_BOUND('',#2384,.T.);
#2025=FACE_OUTER_BOUND('',#2385,.T.);
#2026=FACE_OUTER_BOUND('',#2386,.T.);
#2027=FACE_OUTER_BOUND('',#2387,.T.);
#2028=FACE_OUTER_BOUND('',#2388,.T.);
#2029=FACE_OUTER_BOUND('',#2389,.T.);
#2030=FACE_OUTER_BOUND('',#2390,.T.);
#2031=FACE_OUTER_BOUND('',#2391,.T.);
#2032=FACE_OUTER_BOUND('',#2392,.T.);
#2033=FACE_OUTER_BOUND('',#2393,.T.);
#2034=FACE_OUTER_BOUND('',#2395,.T.);
#2035=FACE_OUTER_BOUND('',#2396,.T.);
#2036=FACE_OUTER_BOUND('',#2397,.T.);
#2037=FACE_OUTER_BOUND('',#2398,.T.);
#2038=FACE_OUTER_BOUND('',#2399,.T.);
#2039=FACE_OUTER_BOUND('',#2400,.T.);
#2040=FACE_OUTER_BOUND('',#2401,.T.);
#2041=FACE_OUTER_BOUND('',#2402,.T.);
#2042=FACE_OUTER_BOUND('',#2403,.T.);
#2043=FACE_OUTER_BOUND('',#2404,.T.);
#2044=FACE_OUTER_BOUND('',#2405,.T.);
#2045=FACE_OUTER_BOUND('',#2406,.T.);
#2046=FACE_OUTER_BOUND('',#2407,.T.);
#2047=FACE_OUTER_BOUND('',#2408,.T.);
#2048=FACE_OUTER_BOUND('',#2409,.T.);
#2049=FACE_OUTER_BOUND('',#2410,.T.);
#2050=FACE_OUTER_BOUND('',#2411,.T.);
#2051=FACE_OUTER_BOUND('',#2412,.T.);
#2052=FACE_OUTER_BOUND('',#2413,.T.);
#2053=FACE_OUTER_BOUND('',#2414,.T.);
#2054=FACE_OUTER_BOUND('',#2415,.T.);
#2055=FACE_OUTER_BOUND('',#2416,.T.);
#2056=FACE_OUTER_BOUND('',#2417,.T.);
#2057=FACE_OUTER_BOUND('',#2418,.T.);
#2058=FACE_OUTER_BOUND('',#2419,.T.);
#2059=FACE_OUTER_BOUND('',#2420,.T.);
#2060=FACE_OUTER_BOUND('',#2422,.T.);
#2061=FACE_OUTER_BOUND('',#2423,.T.);
#2062=FACE_OUTER_BOUND('',#2424,.T.);
#2063=FACE_OUTER_BOUND('',#2425,.T.);
#2064=FACE_OUTER_BOUND('',#2426,.T.);
#2065=FACE_OUTER_BOUND('',#2427,.T.);
#2066=FACE_OUTER_BOUND('',#2428,.T.);
#2067=FACE_OUTER_BOUND('',#2429,.T.);
#2068=FACE_OUTER_BOUND('',#2430,.T.);
#2069=FACE_OUTER_BOUND('',#2431,.T.);
#2070=FACE_OUTER_BOUND('',#2432,.T.);
#2071=FACE_OUTER_BOUND('',#2433,.T.);
#2072=FACE_OUTER_BOUND('',#2434,.T.);
#2073=FACE_OUTER_BOUND('',#2435,.T.);
#2074=FACE_OUTER_BOUND('',#2436,.T.);
#2075=FACE_OUTER_BOUND('',#2437,.T.);
#2076=FACE_OUTER_BOUND('',#2438,.T.);
#2077=FACE_OUTER_BOUND('',#2439,.T.);
#2078=FACE_OUTER_BOUND('',#2440,.T.);
#2079=FACE_OUTER_BOUND('',#2441,.T.);
#2080=FACE_OUTER_BOUND('',#2442,.T.);
#2081=FACE_OUTER_BOUND('',#2443,.T.);
#2082=FACE_OUTER_BOUND('',#2444,.T.);
#2083=FACE_OUTER_BOUND('',#2445,.T.);
#2084=FACE_OUTER_BOUND('',#2446,.T.);
#2085=FACE_OUTER_BOUND('',#2447,.T.);
#2086=FACE_OUTER_BOUND('',#2448,.T.);
#2087=FACE_OUTER_BOUND('',#2449,.T.);
#2088=FACE_OUTER_BOUND('',#2450,.T.);
#2089=FACE_OUTER_BOUND('',#2451,.T.);
#2090=FACE_OUTER_BOUND('',#2452,.T.);
#2091=FACE_OUTER_BOUND('',#2453,.T.);
#2092=FACE_OUTER_BOUND('',#2454,.T.);
#2093=FACE_OUTER_BOUND('',#2455,.T.);
#2094=FACE_OUTER_BOUND('',#2456,.T.);
#2095=FACE_OUTER_BOUND('',#2457,.T.);
#2096=FACE_OUTER_BOUND('',#2458,.T.);
#2097=FACE_OUTER_BOUND('',#2459,.T.);
#2098=FACE_OUTER_BOUND('',#2460,.T.);
#2099=FACE_OUTER_BOUND('',#2461,.T.);
#2100=FACE_OUTER_BOUND('',#2462,.T.);
#2101=FACE_OUTER_BOUND('',#2463,.T.);
#2102=FACE_OUTER_BOUND('',#2464,.T.);
#2103=FACE_OUTER_BOUND('',#2465,.T.);
#2104=FACE_OUTER_BOUND('',#2466,.T.);
#2105=FACE_OUTER_BOUND('',#2467,.T.);
#2106=FACE_OUTER_BOUND('',#2468,.T.);
#2107=FACE_OUTER_BOUND('',#2469,.T.);
#2108=FACE_OUTER_BOUND('',#2470,.T.);
#2109=FACE_OUTER_BOUND('',#2471,.T.);
#2110=FACE_OUTER_BOUND('',#2472,.T.);
#2111=FACE_OUTER_BOUND('',#2473,.T.);
#2112=FACE_OUTER_BOUND('',#2474,.T.);
#2113=FACE_OUTER_BOUND('',#2475,.T.);
#2114=FACE_OUTER_BOUND('',#2476,.T.);
#2115=FACE_OUTER_BOUND('',#2477,.T.);
#2116=FACE_OUTER_BOUND('',#2478,.T.);
#2117=FACE_OUTER_BOUND('',#2479,.T.);
#2118=FACE_OUTER_BOUND('',#2480,.T.);
#2119=FACE_OUTER_BOUND('',#2481,.T.);
#2120=FACE_OUTER_BOUND('',#2482,.T.);
#2121=FACE_OUTER_BOUND('',#2483,.T.);
#2122=FACE_OUTER_BOUND('',#2484,.T.);
#2123=FACE_OUTER_BOUND('',#2485,.T.);
#2124=FACE_OUTER_BOUND('',#2486,.T.);
#2125=FACE_OUTER_BOUND('',#2487,.T.);
#2126=FACE_OUTER_BOUND('',#2488,.T.);
#2127=FACE_OUTER_BOUND('',#2489,.T.);
#2128=FACE_OUTER_BOUND('',#2490,.T.);
#2129=FACE_OUTER_BOUND('',#2491,.T.);
#2130=FACE_OUTER_BOUND('',#2492,.T.);
#2131=FACE_OUTER_BOUND('',#2493,.T.);
#2132=FACE_OUTER_BOUND('',#2494,.T.);
#2133=FACE_OUTER_BOUND('',#2495,.T.);
#2134=FACE_OUTER_BOUND('',#2496,.T.);
#2135=FACE_OUTER_BOUND('',#2497,.T.);
#2136=FACE_OUTER_BOUND('',#2498,.T.);
#2137=FACE_OUTER_BOUND('',#2499,.T.);
#2138=FACE_OUTER_BOUND('',#2500,.T.);
#2139=FACE_OUTER_BOUND('',#2501,.T.);
#2140=FACE_OUTER_BOUND('',#2502,.T.);
#2141=FACE_OUTER_BOUND('',#2503,.T.);
#2142=FACE_OUTER_BOUND('',#2504,.T.);
#2143=FACE_OUTER_BOUND('',#2505,.T.);
#2144=FACE_OUTER_BOUND('',#2506,.T.);
#2145=FACE_OUTER_BOUND('',#2507,.T.);
#2146=FACE_OUTER_BOUND('',#2508,.T.);
#2147=FACE_OUTER_BOUND('',#2510,.T.);
#2148=FACE_OUTER_BOUND('',#2511,.T.);
#2149=FACE_OUTER_BOUND('',#2512,.T.);
#2150=FACE_OUTER_BOUND('',#2513,.T.);
#2151=FACE_OUTER_BOUND('',#2514,.T.);
#2152=FACE_OUTER_BOUND('',#2515,.T.);
#2153=FACE_OUTER_BOUND('',#2516,.T.);
#2154=FACE_OUTER_BOUND('',#2517,.T.);
#2155=FACE_OUTER_BOUND('',#2518,.T.);
#2156=FACE_OUTER_BOUND('',#2519,.T.);
#2157=FACE_OUTER_BOUND('',#2520,.T.);
#2158=FACE_OUTER_BOUND('',#2521,.T.);
#2159=FACE_OUTER_BOUND('',#2522,.T.);
#2160=FACE_OUTER_BOUND('',#2523,.T.);
#2161=FACE_OUTER_BOUND('',#2524,.T.);
#2162=FACE_OUTER_BOUND('',#2525,.T.);
#2163=FACE_OUTER_BOUND('',#2526,.T.);
#2164=FACE_OUTER_BOUND('',#2527,.T.);
#2165=FACE_OUTER_BOUND('',#2528,.T.);
#2166=FACE_OUTER_BOUND('',#2529,.T.);
#2167=FACE_OUTER_BOUND('',#2530,.T.);
#2168=FACE_OUTER_BOUND('',#2531,.T.);
#2169=FACE_OUTER_BOUND('',#2532,.T.);
#2170=FACE_OUTER_BOUND('',#2533,.T.);
#2171=FACE_OUTER_BOUND('',#2534,.T.);
#2172=FACE_OUTER_BOUND('',#2535,.T.);
#2173=FACE_OUTER_BOUND('',#2536,.T.);
#2174=FACE_OUTER_BOUND('',#2537,.T.);
#2175=FACE_OUTER_BOUND('',#2538,.T.);
#2176=FACE_OUTER_BOUND('',#2539,.T.);
#2177=FACE_OUTER_BOUND('',#2540,.T.);
#2178=FACE_OUTER_BOUND('',#2541,.T.);
#2179=FACE_OUTER_BOUND('',#2542,.T.);
#2180=FACE_OUTER_BOUND('',#2543,.T.);
#2181=FACE_OUTER_BOUND('',#2544,.T.);
#2182=FACE_OUTER_BOUND('',#2545,.T.);
#2183=FACE_OUTER_BOUND('',#2546,.T.);
#2184=FACE_OUTER_BOUND('',#2547,.T.);
#2185=FACE_OUTER_BOUND('',#2548,.T.);
#2186=FACE_OUTER_BOUND('',#2549,.T.);
#2187=FACE_OUTER_BOUND('',#2550,.T.);
#2188=FACE_OUTER_BOUND('',#2551,.T.);
#2189=FACE_OUTER_BOUND('',#2552,.T.);
#2190=FACE_OUTER_BOUND('',#2553,.T.);
#2191=FACE_OUTER_BOUND('',#2554,.T.);
#2192=FACE_OUTER_BOUND('',#2555,.T.);
#2193=FACE_OUTER_BOUND('',#2556,.T.);
#2194=FACE_OUTER_BOUND('',#2557,.T.);
#2195=FACE_OUTER_BOUND('',#2558,.T.);
#2196=FACE_OUTER_BOUND('',#2559,.T.);
#2197=FACE_OUTER_BOUND('',#2560,.T.);
#2198=FACE_OUTER_BOUND('',#2561,.T.);
#2199=FACE_OUTER_BOUND('',#2562,.T.);
#2200=FACE_OUTER_BOUND('',#2563,.T.);
#2201=FACE_OUTER_BOUND('',#2564,.T.);
#2202=FACE_OUTER_BOUND('',#2565,.T.);
#2203=FACE_OUTER_BOUND('',#2566,.T.);
#2204=FACE_OUTER_BOUND('',#2567,.T.);
#2205=FACE_OUTER_BOUND('',#2568,.T.);
#2206=FACE_OUTER_BOUND('',#2569,.T.);
#2207=FACE_OUTER_BOUND('',#2570,.T.);
#2208=FACE_OUTER_BOUND('',#2571,.T.);
#2209=FACE_OUTER_BOUND('',#2572,.T.);
#2210=FACE_OUTER_BOUND('',#2573,.T.);
#2211=FACE_OUTER_BOUND('',#2574,.T.);
#2212=FACE_OUTER_BOUND('',#2575,.T.);
#2213=FACE_OUTER_BOUND('',#2576,.T.);
#2214=FACE_OUTER_BOUND('',#2577,.T.);
#2215=FACE_OUTER_BOUND('',#2578,.T.);
#2216=FACE_OUTER_BOUND('',#2579,.T.);
#2217=FACE_OUTER_BOUND('',#2580,.T.);
#2218=FACE_OUTER_BOUND('',#2581,.T.);
#2219=FACE_OUTER_BOUND('',#2582,.T.);
#2220=FACE_OUTER_BOUND('',#2583,.T.);
#2221=FACE_OUTER_BOUND('',#2584,.T.);
#2222=FACE_OUTER_BOUND('',#2585,.T.);
#2223=FACE_OUTER_BOUND('',#2586,.T.);
#2224=FACE_OUTER_BOUND('',#2587,.T.);
#2225=FACE_OUTER_BOUND('',#2588,.T.);
#2226=FACE_OUTER_BOUND('',#2589,.T.);
#2227=FACE_OUTER_BOUND('',#2590,.T.);
#2228=FACE_OUTER_BOUND('',#2591,.T.);
#2229=FACE_OUTER_BOUND('',#2593,.T.);
#2230=FACE_OUTER_BOUND('',#2594,.T.);
#2231=FACE_OUTER_BOUND('',#2595,.T.);
#2232=FACE_OUTER_BOUND('',#2596,.T.);
#2233=FACE_OUTER_BOUND('',#2597,.T.);
#2234=FACE_OUTER_BOUND('',#2598,.T.);
#2235=FACE_OUTER_BOUND('',#2599,.T.);
#2236=FACE_OUTER_BOUND('',#2600,.T.);
#2237=FACE_OUTER_BOUND('',#2601,.T.);
#2238=FACE_OUTER_BOUND('',#2602,.T.);
#2239=FACE_OUTER_BOUND('',#2603,.T.);
#2240=FACE_OUTER_BOUND('',#2604,.T.);
#2241=FACE_OUTER_BOUND('',#2605,.T.);
#2242=FACE_OUTER_BOUND('',#2606,.T.);
#2243=FACE_OUTER_BOUND('',#2607,.T.);
#2244=FACE_OUTER_BOUND('',#2608,.T.);
#2245=FACE_OUTER_BOUND('',#2609,.T.);
#2246=FACE_OUTER_BOUND('',#2610,.T.);
#2247=FACE_OUTER_BOUND('',#2611,.T.);
#2248=FACE_OUTER_BOUND('',#2612,.T.);
#2249=FACE_OUTER_BOUND('',#2613,.T.);
#2250=FACE_OUTER_BOUND('',#2614,.T.);
#2251=FACE_OUTER_BOUND('',#2615,.T.);
#2252=FACE_OUTER_BOUND('',#2616,.T.);
#2253=FACE_OUTER_BOUND('',#2617,.T.);
#2254=FACE_OUTER_BOUND('',#2618,.T.);
#2255=FACE_OUTER_BOUND('',#2619,.T.);
#2256=FACE_OUTER_BOUND('',#2620,.T.);
#2257=FACE_OUTER_BOUND('',#2621,.T.);
#2258=FACE_OUTER_BOUND('',#2622,.T.);
#2259=FACE_OUTER_BOUND('',#2623,.T.);
#2260=FACE_OUTER_BOUND('',#2624,.T.);
#2261=FACE_OUTER_BOUND('',#2625,.T.);
#2262=FACE_OUTER_BOUND('',#2626,.T.);
#2263=FACE_OUTER_BOUND('',#2627,.T.);
#2264=FACE_OUTER_BOUND('',#2628,.T.);
#2265=FACE_OUTER_BOUND('',#2629,.T.);
#2266=FACE_OUTER_BOUND('',#2630,.T.);
#2267=FACE_OUTER_BOUND('',#2631,.T.);
#2268=FACE_OUTER_BOUND('',#2632,.T.);
#2269=FACE_OUTER_BOUND('',#2633,.T.);
#2270=FACE_OUTER_BOUND('',#2634,.T.);
#2271=FACE_OUTER_BOUND('',#2635,.T.);
#2272=FACE_OUTER_BOUND('',#2636,.T.);
#2273=EDGE_LOOP('',(#4213,#4214,#4215,#4216));
#2274=EDGE_LOOP('',(#4217,#4218,#4219,#4220));
#2275=EDGE_LOOP('',(#4221,#4222,#4223,#4224));
#2276=EDGE_LOOP('',(#4225,#4226,#4227,#4228));
#2277=EDGE_LOOP('',(#4229,#4230,#4231,#4232));
#2278=EDGE_LOOP('',(#4233,#4234,#4235,#4236));
#2279=EDGE_LOOP('',(#4237,#4238,#4239,#4240));
#2280=EDGE_LOOP('',(#4241,#4242,#4243,#4244));
#2281=EDGE_LOOP('',(#4245,#4246,#4247,#4248));
#2282=EDGE_LOOP('',(#4249,#4250,#4251,#4252));
#2283=EDGE_LOOP('',(#4253,#4254,#4255,#4256));
#2284=EDGE_LOOP('',(#4257,#4258,#4259,#4260));
#2285=EDGE_LOOP('',(#4261,#4262,#4263,#4264));
#2286=EDGE_LOOP('',(#4265,#4266,#4267,#4268));
#2287=EDGE_LOOP('',(#4269,#4270,#4271,#4272,#4273,#4274));
#2288=EDGE_LOOP('',(#4275,#4276,#4277,#4278,#4279,#4280));
#2289=EDGE_LOOP('',(#4281,#4282,#4283,#4284));
#2290=EDGE_LOOP('',(#4285,#4286,#4287,#4288,#4289,#4290));
#2291=EDGE_LOOP('',(#4291,#4292,#4293,#4294,#4295,#4296));
#2292=EDGE_LOOP('',(#4297,#4298,#4299,#4300,#4301,#4302));
#2293=EDGE_LOOP('',(#4303,#4304,#4305,#4306,#4307,#4308));
#2294=EDGE_LOOP('',(#4309,#4310,#4311,#4312));
#2295=EDGE_LOOP('',(#4313,#4314,#4315,#4316));
#2296=EDGE_LOOP('',(#4317,#4318,#4319,#4320));
#2297=EDGE_LOOP('',(#4321,#4322,#4323,#4324,#4325,#4326));
#2298=EDGE_LOOP('',(#4327,#4328,#4329,#4330));
#2299=EDGE_LOOP('',(#4331,#4332,#4333,#4334));
#2300=EDGE_LOOP('',(#4335,#4336,#4337,#4338,#4339,#4340));
#2301=EDGE_LOOP('',(#4341,#4342,#4343,#4344));
#2302=EDGE_LOOP('',(#4345,#4346,#4347,#4348));
#2303=EDGE_LOOP('',(#4349,#4350,#4351,#4352));
#2304=EDGE_LOOP('',(#4353,#4354,#4355,#4356));
#2305=EDGE_LOOP('',(#4357,#4358,#4359,#4360,#4361,#4362,#4363,#4364));
#2306=EDGE_LOOP('',(#4365,#4366,#4367));
#2307=EDGE_LOOP('',(#4368,#4369,#4370,#4371));
#2308=EDGE_LOOP('',(#4372,#4373,#4374,#4375));
#2309=EDGE_LOOP('',(#4376,#4377,#4378,#4379));
#2310=EDGE_LOOP('',(#4380,#4381,#4382,#4383,#4384,#4385,#4386,#4387,#4388));
#2311=EDGE_LOOP('',(#4389,#4390,#4391,#4392,#4393,#4394,#4395));
#2312=EDGE_LOOP('',(#4396,#4397,#4398,#4399));
#2313=EDGE_LOOP('',(#4400,#4401,#4402,#4403,#4404,#4405,#4406,#4407,#4408,
#4409,#4410,#4411));
#2314=EDGE_LOOP('',(#4412,#4413,#4414));
#2315=EDGE_LOOP('',(#4415,#4416,#4417,#4418));
#2316=EDGE_LOOP('',(#4419,#4420,#4421,#4422,#4423,#4424,#4425,#4426));
#2317=EDGE_LOOP('',(#4427,#4428,#4429));
#2318=EDGE_LOOP('',(#4430,#4431,#4432,#4433,#4434,#4435,#4436));
#2319=EDGE_LOOP('',(#4437,#4438,#4439,#4440));
#2320=EDGE_LOOP('',(#4441,#4442,#4443,#4444));
#2321=EDGE_LOOP('',(#4445,#4446,#4447,#4448,#4449,#4450,#4451));
#2322=EDGE_LOOP('',(#4452,#4453,#4454,#4455));
#2323=EDGE_LOOP('',(#4456,#4457,#4458,#4459,#4460,#4461,#4462,#4463,#4464,
#4465));
#2324=EDGE_LOOP('',(#4466,#4467,#4468,#4469));
#2325=EDGE_LOOP('',(#4470,#4471,#4472));
#2326=EDGE_LOOP('',(#4473,#4474,#4475,#4476,#4477,#4478,#4479));
#2327=EDGE_LOOP('',(#4480,#4481,#4482,#4483));
#2328=EDGE_LOOP('',(#4484,#4485,#4486,#4487,#4488,#4489,#4490));
#2329=EDGE_LOOP('',(#4491,#4492,#4493,#4494));
#2330=EDGE_LOOP('',(#4495,#4496,#4497,#4498));
#2331=EDGE_LOOP('',(#4499,#4500,#4501,#4502));
#2332=EDGE_LOOP('',(#4503,#4504,#4505,#4506,#4507));
#2333=EDGE_LOOP('',(#4508,#4509,#4510,#4511));
#2334=EDGE_LOOP('',(#4512,#4513,#4514,#4515,#4516));
#2335=EDGE_LOOP('',(#4517,#4518,#4519,#4520));
#2336=EDGE_LOOP('',(#4521,#4522,#4523,#4524));
#2337=EDGE_LOOP('',(#4525,#4526,#4527,#4528));
#2338=EDGE_LOOP('',(#4529,#4530,#4531,#4532));
#2339=EDGE_LOOP('',(#4533,#4534,#4535,#4536));
#2340=EDGE_LOOP('',(#4537,#4538,#4539,#4540));
#2341=EDGE_LOOP('',(#4541,#4542,#4543,#4544));
#2342=EDGE_LOOP('',(#4545,#4546,#4547,#4548));
#2343=EDGE_LOOP('',(#4549,#4550,#4551,#4552));
#2344=EDGE_LOOP('',(#4553,#4554,#4555,#4556));
#2345=EDGE_LOOP('',(#4557,#4558,#4559,#4560));
#2346=EDGE_LOOP('',(#4561,#4562,#4563,#4564));
#2347=EDGE_LOOP('',(#4565,#4566,#4567,#4568));
#2348=EDGE_LOOP('',(#4569,#4570,#4571,#4572));
#2349=EDGE_LOOP('',(#4573,#4574,#4575,#4576));
#2350=EDGE_LOOP('',(#4577,#4578,#4579,#4580,#4581));
#2351=EDGE_LOOP('',(#4582,#4583,#4584,#4585));
#2352=EDGE_LOOP('',(#4586,#4587,#4588,#4589));
#2353=EDGE_LOOP('',(#4590,#4591,#4592,#4593));
#2354=EDGE_LOOP('',(#4594,#4595,#4596,#4597,#4598));
#2355=EDGE_LOOP('',(#4599,#4600,#4601,#4602));
#2356=EDGE_LOOP('',(#4603,#4604,#4605,#4606));
#2357=EDGE_LOOP('',(#4607,#4608,#4609,#4610,#4611));
#2358=EDGE_LOOP('',(#4612,#4613,#4614,#4615));
#2359=EDGE_LOOP('',(#4616,#4617,#4618,#4619));
#2360=EDGE_LOOP('',(#4620,#4621,#4622,#4623));
#2361=EDGE_LOOP('',(#4624,#4625,#4626,#4627,#4628));
#2362=EDGE_LOOP('',(#4629,#4630,#4631,#4632));
#2363=EDGE_LOOP('',(#4633,#4634,#4635,#4636));
#2364=EDGE_LOOP('',(#4637,#4638,#4639,#4640,#4641));
#2365=EDGE_LOOP('',(#4642,#4643,#4644,#4645));
#2366=EDGE_LOOP('',(#4646,#4647,#4648,#4649));
#2367=EDGE_LOOP('',(#4650,#4651,#4652,#4653));
#2368=EDGE_LOOP('',(#4654,#4655,#4656,#4657,#4658));
#2369=EDGE_LOOP('',(#4659,#4660,#4661,#4662));
#2370=EDGE_LOOP('',(#4663,#4664,#4665,#4666));
#2371=EDGE_LOOP('',(#4667,#4668,#4669,#4670));
#2372=EDGE_LOOP('',(#4671,#4672,#4673,#4674));
#2373=EDGE_LOOP('',(#4675,#4676,#4677,#4678));
#2374=EDGE_LOOP('',(#4679,#4680,#4681,#4682));
#2375=EDGE_LOOP('',(#4683,#4684,#4685,#4686));
#2376=EDGE_LOOP('',(#4687,#4688,#4689,#4690));
#2377=EDGE_LOOP('',(#4691,#4692,#4693,#4694));
#2378=EDGE_LOOP('',(#4695,#4696,#4697,#4698));
#2379=EDGE_LOOP('',(#4699,#4700,#4701,#4702));
#2380=EDGE_LOOP('',(#4703,#4704,#4705,#4706));
#2381=EDGE_LOOP('',(#4707,#4708,#4709,#4710));
#2382=EDGE_LOOP('',(#4711,#4712,#4713,#4714,#4715));
#2383=EDGE_LOOP('',(#4716,#4717,#4718,#4719));
#2384=EDGE_LOOP('',(#4720,#4721,#4722,#4723));
#2385=EDGE_LOOP('',(#4724,#4725,#4726,#4727));
#2386=EDGE_LOOP('',(#4728,#4729,#4730,#4731));
#2387=EDGE_LOOP('',(#4732,#4733,#4734,#4735));
#2388=EDGE_LOOP('',(#4736,#4737,#4738,#4739));
#2389=EDGE_LOOP('',(#4740,#4741,#4742,#4743));
#2390=EDGE_LOOP('',(#4744,#4745,#4746,#4747));
#2391=EDGE_LOOP('',(#4748,#4749,#4750,#4751));
#2392=EDGE_LOOP('',(#4752,#4753,#4754,#4755));
#2393=EDGE_LOOP('',(#4756,#4757,#4758,#4759));
#2394=EDGE_LOOP('',(#4760,#4761,#4762,#4763,#4764));
#2395=EDGE_LOOP('',(#4765,#4766,#4767,#4768));
#2396=EDGE_LOOP('',(#4769,#4770,#4771,#4772));
#2397=EDGE_LOOP('',(#4773,#4774,#4775,#4776,#4777,#4778));
#2398=EDGE_LOOP('',(#4779,#4780,#4781,#4782));
#2399=EDGE_LOOP('',(#4783,#4784,#4785,#4786));
#2400=EDGE_LOOP('',(#4787,#4788,#4789,#4790));
#2401=EDGE_LOOP('',(#4791,#4792,#4793,#4794));
#2402=EDGE_LOOP('',(#4795,#4796,#4797,#4798,#4799,#4800));
#2403=EDGE_LOOP('',(#4801,#4802,#4803,#4804));
#2404=EDGE_LOOP('',(#4805,#4806,#4807,#4808,#4809,#4810));
#2405=EDGE_LOOP('',(#4811,#4812,#4813,#4814));
#2406=EDGE_LOOP('',(#4815,#4816,#4817,#4818));
#2407=EDGE_LOOP('',(#4819,#4820,#4821,#4822));
#2408=EDGE_LOOP('',(#4823,#4824,#4825,#4826));
#2409=EDGE_LOOP('',(#4827,#4828,#4829,#4830,#4831,#4832));
#2410=EDGE_LOOP('',(#4833,#4834,#4835,#4836));
#2411=EDGE_LOOP('',(#4837,#4838,#4839,#4840));
#2412=EDGE_LOOP('',(#4841,#4842,#4843,#4844));
#2413=EDGE_LOOP('',(#4845,#4846,#4847,#4848));
#2414=EDGE_LOOP('',(#4849,#4850,#4851,#4852));
#2415=EDGE_LOOP('',(#4853,#4854,#4855,#4856));
#2416=EDGE_LOOP('',(#4857,#4858,#4859,#4860));
#2417=EDGE_LOOP('',(#4861,#4862,#4863,#4864));
#2418=EDGE_LOOP('',(#4865,#4866,#4867,#4868));
#2419=EDGE_LOOP('',(#4869,#4870,#4871,#4872));
#2420=EDGE_LOOP('',(#4873,#4874,#4875,#4876));
#2421=EDGE_LOOP('',(#4877,#4878,#4879,#4880));
#2422=EDGE_LOOP('',(#4881,#4882,#4883,#4884));
#2423=EDGE_LOOP('',(#4885,#4886,#4887,#4888,#4889,#4890,#4891,#4892,#4893,
#4894,#4895,#4896));
#2424=EDGE_LOOP('',(#4897,#4898,#4899,#4900));
#2425=EDGE_LOOP('',(#4901,#4902,#4903,#4904));
#2426=EDGE_LOOP('',(#4905,#4906,#4907,#4908));
#2427=EDGE_LOOP('',(#4909,#4910,#4911,#4912));
#2428=EDGE_LOOP('',(#4913,#4914,#4915));
#2429=EDGE_LOOP('',(#4916,#4917,#4918,#4919,#4920,#4921,#4922));
#2430=EDGE_LOOP('',(#4923,#4924,#4925,#4926,#4927));
#2431=EDGE_LOOP('',(#4928,#4929,#4930,#4931,#4932,#4933,#4934));
#2432=EDGE_LOOP('',(#4935,#4936,#4937,#4938));
#2433=EDGE_LOOP('',(#4939,#4940,#4941,#4942,#4943,#4944,#4945,#4946));
#2434=EDGE_LOOP('',(#4947,#4948,#4949,#4950));
#2435=EDGE_LOOP('',(#4951,#4952,#4953,#4954,#4955));
#2436=EDGE_LOOP('',(#4956,#4957,#4958,#4959,#4960));
#2437=EDGE_LOOP('',(#4961,#4962,#4963,#4964));
#2438=EDGE_LOOP('',(#4965,#4966,#4967));
#2439=EDGE_LOOP('',(#4968,#4969,#4970,#4971));
#2440=EDGE_LOOP('',(#4972,#4973,#4974,#4975));
#2441=EDGE_LOOP('',(#4976,#4977,#4978));
#2442=EDGE_LOOP('',(#4979,#4980,#4981,#4982,#4983,#4984));
#2443=EDGE_LOOP('',(#4985,#4986,#4987,#4988,#4989,#4990,#4991,#4992,#4993,
#4994,#4995,#4996));
#2444=EDGE_LOOP('',(#4997,#4998,#4999,#5000,#5001,#5002,#5003,#5004));
#2445=EDGE_LOOP('',(#5005,#5006,#5007));
#2446=EDGE_LOOP('',(#5008,#5009,#5010,#5011));
#2447=EDGE_LOOP('',(#5012,#5013,#5014,#5015,#5016,#5017,#5018));
#2448=EDGE_LOOP('',(#5019,#5020,#5021,#5022));
#2449=EDGE_LOOP('',(#5023,#5024,#5025,#5026,#5027));
#2450=EDGE_LOOP('',(#5028,#5029,#5030,#5031));
#2451=EDGE_LOOP('',(#5032,#5033,#5034,#5035));
#2452=EDGE_LOOP('',(#5036,#5037,#5038,#5039));
#2453=EDGE_LOOP('',(#5040,#5041,#5042,#5043,#5044));
#2454=EDGE_LOOP('',(#5045,#5046,#5047,#5048,#5049));
#2455=EDGE_LOOP('',(#5050,#5051,#5052,#5053));
#2456=EDGE_LOOP('',(#5054,#5055,#5056,#5057,#5058,#5059,#5060));
#2457=EDGE_LOOP('',(#5061,#5062,#5063,#5064));
#2458=EDGE_LOOP('',(#5065,#5066,#5067));
#2459=EDGE_LOOP('',(#5068,#5069,#5070,#5071));
#2460=EDGE_LOOP('',(#5072,#5073,#5074,#5075));
#2461=EDGE_LOOP('',(#5076,#5077,#5078,#5079,#5080,#5081));
#2462=EDGE_LOOP('',(#5082,#5083,#5084,#5085));
#2463=EDGE_LOOP('',(#5086,#5087,#5088,#5089,#5090,#5091,#5092));
#2464=EDGE_LOOP('',(#5093,#5094,#5095,#5096));
#2465=EDGE_LOOP('',(#5097,#5098,#5099,#5100,#5101));
#2466=EDGE_LOOP('',(#5102,#5103,#5104,#5105));
#2467=EDGE_LOOP('',(#5106,#5107,#5108,#5109,#5110,#5111,#5112,#5113,#5114,
#5115,#5116,#5117,#5118,#5119,#5120,#5121,#5122,#5123,#5124));
#2468=EDGE_LOOP('',(#5125,#5126,#5127,#5128,#5129,#5130,#5131,#5132));
#2469=EDGE_LOOP('',(#5133,#5134,#5135));
#2470=EDGE_LOOP('',(#5136,#5137,#5138,#5139,#5140));
#2471=EDGE_LOOP('',(#5141,#5142,#5143,#5144));
#2472=EDGE_LOOP('',(#5145,#5146,#5147,#5148));
#2473=EDGE_LOOP('',(#5149,#5150,#5151));
#2474=EDGE_LOOP('',(#5152,#5153,#5154));
#2475=EDGE_LOOP('',(#5155,#5156,#5157,#5158,#5159,#5160));
#2476=EDGE_LOOP('',(#5161,#5162,#5163,#5164,#5165,#5166,#5167));
#2477=EDGE_LOOP('',(#5168,#5169,#5170,#5171));
#2478=EDGE_LOOP('',(#5172,#5173,#5174,#5175,#5176));
#2479=EDGE_LOOP('',(#5177,#5178,#5179));
#2480=EDGE_LOOP('',(#5180,#5181,#5182,#5183));
#2481=EDGE_LOOP('',(#5184,#5185,#5186));
#2482=EDGE_LOOP('',(#5187,#5188,#5189));
#2483=EDGE_LOOP('',(#5190,#5191,#5192));
#2484=EDGE_LOOP('',(#5193,#5194,#5195,#5196,#5197,#5198,#5199));
#2485=EDGE_LOOP('',(#5200,#5201,#5202,#5203));
#2486=EDGE_LOOP('',(#5204,#5205,#5206,#5207));
#2487=EDGE_LOOP('',(#5208,#5209,#5210,#5211,#5212,#5213));
#2488=EDGE_LOOP('',(#5214,#5215,#5216,#5217));
#2489=EDGE_LOOP('',(#5218,#5219,#5220,#5221));
#2490=EDGE_LOOP('',(#5222,#5223,#5224,#5225,#5226,#5227));
#2491=EDGE_LOOP('',(#5228,#5229,#5230,#5231));
#2492=EDGE_LOOP('',(#5232,#5233,#5234));
#2493=EDGE_LOOP('',(#5235,#5236,#5237,#5238));
#2494=EDGE_LOOP('',(#5239,#5240,#5241,#5242));
#2495=EDGE_LOOP('',(#5243,#5244,#5245,#5246));
#2496=EDGE_LOOP('',(#5247,#5248,#5249,#5250));
#2497=EDGE_LOOP('',(#5251,#5252,#5253,#5254,#5255,#5256));
#2498=EDGE_LOOP('',(#5257,#5258,#5259,#5260));
#2499=EDGE_LOOP('',(#5261,#5262,#5263,#5264));
#2500=EDGE_LOOP('',(#5265,#5266,#5267,#5268,#5269,#5270,#5271));
#2501=EDGE_LOOP('',(#5272,#5273,#5274,#5275,#5276,#5277));
#2502=EDGE_LOOP('',(#5278,#5279,#5280,#5281,#5282,#5283,#5284,#5285,#5286,
#5287,#5288,#5289,#5290,#5291,#5292,#5293,#5294,#5295,#5296));
#2503=EDGE_LOOP('',(#5297,#5298,#5299,#5300,#5301,#5302));
#2504=EDGE_LOOP('',(#5303,#5304,#5305,#5306));
#2505=EDGE_LOOP('',(#5307,#5308,#5309,#5310,#5311));
#2506=EDGE_LOOP('',(#5312,#5313,#5314,#5315));
#2507=EDGE_LOOP('',(#5316,#5317,#5318,#5319));
#2508=EDGE_LOOP('',(#5320,#5321,#5322,#5323,#5324));
#2509=EDGE_LOOP('',(#5325,#5326,#5327,#5328,#5329,#5330));
#2510=EDGE_LOOP('',(#5331,#5332,#5333));
#2511=EDGE_LOOP('',(#5334,#5335,#5336,#5337,#5338));
#2512=EDGE_LOOP('',(#5339,#5340,#5341,#5342,#5343,#5344,#5345,#5346,#5347,
#5348,#5349,#5350,#5351,#5352,#5353,#5354,#5355,#5356,#5357,#5358));
#2513=EDGE_LOOP('',(#5359,#5360,#5361,#5362));
#2514=EDGE_LOOP('',(#5363,#5364,#5365,#5366,#5367,#5368));
#2515=EDGE_LOOP('',(#5369,#5370,#5371,#5372,#5373,#5374,#5375,#5376,#5377,
#5378,#5379,#5380));
#2516=EDGE_LOOP('',(#5381,#5382,#5383,#5384));
#2517=EDGE_LOOP('',(#5385,#5386,#5387,#5388));
#2518=EDGE_LOOP('',(#5389,#5390,#5391,#5392));
#2519=EDGE_LOOP('',(#5393,#5394,#5395,#5396));
#2520=EDGE_LOOP('',(#5397,#5398,#5399,#5400,#5401));
#2521=EDGE_LOOP('',(#5402,#5403,#5404,#5405));
#2522=EDGE_LOOP('',(#5406,#5407,#5408,#5409,#5410,#5411));
#2523=EDGE_LOOP('',(#5412,#5413,#5414,#5415));
#2524=EDGE_LOOP('',(#5416,#5417,#5418,#5419));
#2525=EDGE_LOOP('',(#5420,#5421,#5422,#5423));
#2526=EDGE_LOOP('',(#5424,#5425,#5426,#5427));
#2527=EDGE_LOOP('',(#5428,#5429,#5430,#5431,#5432,#5433,#5434,#5435,#5436));
#2528=EDGE_LOOP('',(#5437,#5438,#5439,#5440));
#2529=EDGE_LOOP('',(#5441,#5442,#5443,#5444,#5445,#5446,#5447));
#2530=EDGE_LOOP('',(#5448,#5449,#5450));
#2531=EDGE_LOOP('',(#5451,#5452,#5453,#5454,#5455,#5456,#5457,#5458,#5459,
#5460,#5461,#5462));
#2532=EDGE_LOOP('',(#5463,#5464,#5465,#5466));
#2533=EDGE_LOOP('',(#5467,#5468,#5469,#5470));
#2534=EDGE_LOOP('',(#5471,#5472,#5473,#5474));
#2535=EDGE_LOOP('',(#5475,#5476,#5477,#5478));
#2536=EDGE_LOOP('',(#5479,#5480,#5481,#5482));
#2537=EDGE_LOOP('',(#5483,#5484,#5485));
#2538=EDGE_LOOP('',(#5486,#5487,#5488,#5489,#5490));
#2539=EDGE_LOOP('',(#5491,#5492,#5493,#5494,#5495,#5496,#5497,#5498,#5499,
#5500));
#2540=EDGE_LOOP('',(#5501,#5502,#5503));
#2541=EDGE_LOOP('',(#5504,#5505,#5506,#5507));
#2542=EDGE_LOOP('',(#5508,#5509,#5510,#5511,#5512,#5513));
#2543=EDGE_LOOP('',(#5514,#5515,#5516,#5517));
#2544=EDGE_LOOP('',(#5518,#5519,#5520,#5521));
#2545=EDGE_LOOP('',(#5522,#5523,#5524));
#2546=EDGE_LOOP('',(#5525,#5526,#5527,#5528,#5529,#5530,#5531,#5532,#5533));
#2547=EDGE_LOOP('',(#5534,#5535,#5536,#5537));
#2548=EDGE_LOOP('',(#5538,#5539,#5540,#5541,#5542,#5543));
#2549=EDGE_LOOP('',(#5544,#5545,#5546,#5547));
#2550=EDGE_LOOP('',(#5548,#5549,#5550,#5551,#5552,#5553,#5554));
#2551=EDGE_LOOP('',(#5555,#5556,#5557,#5558,#5559,#5560,#5561,#5562));
#2552=EDGE_LOOP('',(#5563,#5564,#5565,#5566,#5567,#5568,#5569));
#2553=EDGE_LOOP('',(#5570,#5571,#5572));
#2554=EDGE_LOOP('',(#5573,#5574,#5575,#5576));
#2555=EDGE_LOOP('',(#5577,#5578,#5579,#5580));
#2556=EDGE_LOOP('',(#5581,#5582,#5583,#5584));
#2557=EDGE_LOOP('',(#5585,#5586,#5587,#5588,#5589,#5590,#5591));
#2558=EDGE_LOOP('',(#5592,#5593,#5594,#5595));
#2559=EDGE_LOOP('',(#5596,#5597,#5598,#5599));
#2560=EDGE_LOOP('',(#5600,#5601,#5602,#5603));
#2561=EDGE_LOOP('',(#5604,#5605,#5606,#5607,#5608,#5609));
#2562=EDGE_LOOP('',(#5610,#5611,#5612,#5613,#5614));
#2563=EDGE_LOOP('',(#5615,#5616,#5617,#5618));
#2564=EDGE_LOOP('',(#5619,#5620,#5621,#5622));
#2565=EDGE_LOOP('',(#5623,#5624,#5625,#5626,#5627));
#2566=EDGE_LOOP('',(#5628,#5629,#5630,#5631));
#2567=EDGE_LOOP('',(#5632,#5633,#5634,#5635));
#2568=EDGE_LOOP('',(#5636,#5637,#5638,#5639,#5640,#5641));
#2569=EDGE_LOOP('',(#5642,#5643,#5644,#5645));
#2570=EDGE_LOOP('',(#5646,#5647,#5648,#5649,#5650,#5651,#5652,#5653,#5654,
#5655,#5656));
#2571=EDGE_LOOP('',(#5657,#5658,#5659,#5660,#5661,#5662,#5663));
#2572=EDGE_LOOP('',(#5664,#5665,#5666,#5667,#5668));
#2573=EDGE_LOOP('',(#5669,#5670,#5671,#5672));
#2574=EDGE_LOOP('',(#5673,#5674,#5675,#5676,#5677,#5678,#5679,#5680,#5681,
#5682,#5683,#5684,#5685,#5686,#5687,#5688,#5689,#5690,#5691));
#2575=EDGE_LOOP('',(#5692,#5693,#5694,#5695));
#2576=EDGE_LOOP('',(#5696,#5697,#5698,#5699,#5700));
#2577=EDGE_LOOP('',(#5701,#5702,#5703,#5704));
#2578=EDGE_LOOP('',(#5705,#5706,#5707,#5708,#5709,#5710,#5711,#5712));
#2579=EDGE_LOOP('',(#5713,#5714,#5715,#5716));
#2580=EDGE_LOOP('',(#5717,#5718,#5719,#5720));
#2581=EDGE_LOOP('',(#5721,#5722,#5723,#5724));
#2582=EDGE_LOOP('',(#5725,#5726,#5727,#5728));
#2583=EDGE_LOOP('',(#5729,#5730,#5731,#5732));
#2584=EDGE_LOOP('',(#5733,#5734,#5735,#5736,#5737,#5738));
#2585=EDGE_LOOP('',(#5739,#5740,#5741,#5742));
#2586=EDGE_LOOP('',(#5743,#5744,#5745,#5746));
#2587=EDGE_LOOP('',(#5747,#5748,#5749,#5750));
#2588=EDGE_LOOP('',(#5751,#5752,#5753,#5754));
#2589=EDGE_LOOP('',(#5755,#5756,#5757,#5758,#5759,#5760));
#2590=EDGE_LOOP('',(#5761,#5762,#5763,#5764));
#2591=EDGE_LOOP('',(#5765,#5766,#5767,#5768,#5769,#5770,#5771,#5772));
#2592=EDGE_LOOP('',(#5773,#5774,#5775,#5776,#5777,#5778));
#2593=EDGE_LOOP('',(#5779,#5780,#5781,#5782,#5783,#5784,#5785,#5786));
#2594=EDGE_LOOP('',(#5787,#5788,#5789,#5790));
#2595=EDGE_LOOP('',(#5791,#5792,#5793,#5794,#5795,#5796,#5797,#5798));
#2596=EDGE_LOOP('',(#5799,#5800,#5801,#5802));
#2597=EDGE_LOOP('',(#5803,#5804,#5805,#5806,#5807,#5808,#5809,#5810));
#2598=EDGE_LOOP('',(#5811,#5812,#5813,#5814));
#2599=EDGE_LOOP('',(#5815,#5816,#5817,#5818,#5819));
#2600=EDGE_LOOP('',(#5820,#5821,#5822,#5823));
#2601=EDGE_LOOP('',(#5824,#5825,#5826,#5827));
#2602=EDGE_LOOP('',(#5828,#5829,#5830,#5831));
#2603=EDGE_LOOP('',(#5832,#5833,#5834,#5835,#5836));
#2604=EDGE_LOOP('',(#5837,#5838,#5839,#5840));
#2605=EDGE_LOOP('',(#5841,#5842,#5843,#5844));
#2606=EDGE_LOOP('',(#5845,#5846,#5847,#5848,#5849));
#2607=EDGE_LOOP('',(#5850,#5851,#5852,#5853));
#2608=EDGE_LOOP('',(#5854,#5855,#5856,#5857));
#2609=EDGE_LOOP('',(#5858,#5859,#5860,#5861));
#2610=EDGE_LOOP('',(#5862,#5863,#5864,#5865,#5866));
#2611=EDGE_LOOP('',(#5867,#5868,#5869,#5870));
#2612=EDGE_LOOP('',(#5871,#5872,#5873,#5874));
#2613=EDGE_LOOP('',(#5875,#5876,#5877,#5878));
#2614=EDGE_LOOP('',(#5879,#5880,#5881,#5882));
#2615=EDGE_LOOP('',(#5883,#5884,#5885,#5886));
#2616=EDGE_LOOP('',(#5887,#5888,#5889,#5890));
#2617=EDGE_LOOP('',(#5891,#5892,#5893,#5894));
#2618=EDGE_LOOP('',(#5895,#5896,#5897,#5898));
#2619=EDGE_LOOP('',(#5899,#5900,#5901,#5902));
#2620=EDGE_LOOP('',(#5903,#5904,#5905,#5906));
#2621=EDGE_LOOP('',(#5907,#5908,#5909,#5910));
#2622=EDGE_LOOP('',(#5911,#5912,#5913,#5914));
#2623=EDGE_LOOP('',(#5915,#5916,#5917,#5918));
#2624=EDGE_LOOP('',(#5919,#5920,#5921,#5922));
#2625=EDGE_LOOP('',(#5923,#5924,#5925,#5926));
#2626=EDGE_LOOP('',(#5927,#5928,#5929,#5930));
#2627=EDGE_LOOP('',(#5931,#5932,#5933,#5934));
#2628=EDGE_LOOP('',(#5935,#5936,#5937,#5938));
#2629=EDGE_LOOP('',(#5939,#5940,#5941,#5942));
#2630=EDGE_LOOP('',(#5943,#5944,#5945,#5946));
#2631=EDGE_LOOP('',(#5947,#5948,#5949,#5950,#5951));
#2632=EDGE_LOOP('',(#5952,#5953,#5954,#5955));
#2633=EDGE_LOOP('',(#5956,#5957,#5958,#5959));
#2634=EDGE_LOOP('',(#5960,#5961,#5962,#5963));
#2635=EDGE_LOOP('',(#5964,#5965,#5966,#5967,#5968));
#2636=EDGE_LOOP('',(#5969,#5970,#5971,#5972));
#2637=B_SPLINE_CURVE_WITH_KNOTS('',3,(#8192,#8193,#8194,#8195,#8196,#8197,
#8198,#8199,#8200,#8201,#8202,#8203,#8204,#8205,#8206,#8207,#8208,#8209),
 .UNSPECIFIED.,.F.,.F.,(4,2,2,2,2,2,2,2,4),(-0.000745403776651987,0.,0.111525325301985,
0.241838056806634,0.59178447788235,1.74030820124973,5.26885010833005,6.96111764534052,
7.97201255406847),.UNSPECIFIED.);
#2638=B_SPLINE_CURVE_WITH_KNOTS('',3,(#8211,#8212,#8213,#8214),
 .UNSPECIFIED.,.F.,.F.,(4,4),(-10.,0.),.UNSPECIFIED.);
#2639=B_SPLINE_CURVE_WITH_KNOTS('',3,(#8216,#8217,#8218,#8219,#8220,#8221,
#8222,#8223,#8224,#8225,#8226,#8227,#8228,#8229,#8230,#8231,#8232,#8233),
 .UNSPECIFIED.,.F.,.F.,(4,2,2,2,2,2,2,2,4),(0.,0.680785913064555,1.82044137119922,
4.19673350924485,4.97020537554757,5.20587635552676,5.29363530171932,5.36874189268062,
5.36924388392265),.UNSPECIFIED.);
#2640=B_SPLINE_CURVE_WITH_KNOTS('',3,(#8234,#8235,#8236,#8237),
 .UNSPECIFIED.,.F.,.F.,(4,4),(2.,8.),.UNSPECIFIED.);
#2641=B_SPLINE_CURVE_WITH_KNOTS('',3,(#8295,#8296,#8297,#8298),
 .UNSPECIFIED.,.F.,.F.,(4,4),(1.5,7.5),.UNSPECIFIED.);
#2642=B_SPLINE_CURVE_WITH_KNOTS('',3,(#8300,#8301,#8302,#8303,#8304,#8305,
#8306,#8307,#8308,#8309,#8310,#8311,#8312,#8313,#8314,#8315,#8316,#8317),
 .UNSPECIFIED.,.F.,.F.,(4,2,2,2,2,2,2,2,4),(0.,0.680785913063969,1.82044137119446,
4.19673350923751,4.97020537553937,5.20587635551828,5.29363530171072,5.36874189268348,
5.36924388393311),.UNSPECIFIED.);
#2643=B_SPLINE_CURVE_WITH_KNOTS('',3,(#8318,#8319,#8320,#8321),
 .UNSPECIFIED.,.F.,.F.,(4,4),(-9.,3.56384826533216E-15),.UNSPECIFIED.);
#2644=B_SPLINE_CURVE_WITH_KNOTS('',3,(#8324,#8325,#8326,#8327),
 .UNSPECIFIED.,.F.,.F.,(4,4),(1.5,7.5),.UNSPECIFIED.);
#2645=B_SPLINE_CURVE_WITH_KNOTS('',3,(#8328,#8329,#8330,#8331),
 .UNSPECIFIED.,.F.,.F.,(4,4),(2.,8.),.UNSPECIFIED.);
#2646=B_SPLINE_CURVE_WITH_KNOTS('',3,(#8373,#8374,#8375,#8376,#8377,#8378,
#8379,#8380,#8381,#8382,#8383,#8384,#8385,#8386,#8387,#8388,#8389,#8390),
 .UNSPECIFIED.,.F.,.F.,(4,2,2,2,2,2,2,2,4),(-0.00074540377680785,0.,0.111525325300392,
0.241838056801009,0.591784477865963,1.74030820119825,5.26885010817082,6.96111764512531,
7.97201255382237),.UNSPECIFIED.);
#2647=B_SPLINE_CURVE_WITH_KNOTS('',3,(#8391,#8392,#8393,#8394),
 .UNSPECIFIED.,.F.,.F.,(4,4),(-10.,0.),.UNSPECIFIED.);
#2648=B_SPLINE_CURVE_WITH_KNOTS('',3,(#8455,#8456,#8457,#8458),
 .UNSPECIFIED.,.F.,.F.,(4,4),(-9.,5.00836127275819E-16),.UNSPECIFIED.);
#2649=B_SPLINE_CURVE_WITH_KNOTS('',3,(#8763,#8764,#8765,#8766,#8767,#8768,
#8769,#8770,#8771,#8772),.UNSPECIFIED.,.F.,.F.,(4,2,2,2,4),(0.,1.82961964016379,
3.6789564635025,5.45780940561239,7.15848989644708),.UNSPECIFIED.);
#2650=B_SPLINE_CURVE_WITH_KNOTS('',3,(#8774,#8775,#8776,#8777),
 .UNSPECIFIED.,.F.,.F.,(4,4),(1.27171465916981,7.72828534083019),
 .UNSPECIFIED.);
#2651=B_SPLINE_CURVE_WITH_KNOTS('',3,(#8779,#8780,#8781,#8782,#8783,#8784,
#8785,#8786,#8787,#8788),.UNSPECIFIED.,.F.,.F.,(4,2,2,2,4),(0.,1.83124598439662,
3.68165953832587,5.46020857010314,7.15859272363389),.UNSPECIFIED.);
#2652=B_SPLINE_CURVE_WITH_KNOTS('',3,(#8789,#8790,#8791,#8792),
 .UNSPECIFIED.,.F.,.F.,(4,4),(-7.61048907344476,-1.38951092655524),
 .UNSPECIFIED.);
#2653=B_SPLINE_CURVE_WITH_KNOTS('',3,(#8881,#8882,#8883,#8884,#8885,#8886,
#8887,#8888,#8889,#8890,#8891,#8892,#8893,#8894,#8895,#8896,#8897,#8898,
#8899,#8900,#8901,#8902),.UNSPECIFIED.,.F.,.F.,(4,3,3,3,3,3,3,4),(-4.44089209850063E-16,
0.830477675523684,1.66095535104737,2.49143302657105,2.9066718643329,4.15238837761842,
4.98286605314211,5.81334372866579),.UNSPECIFIED.);
#2654=B_SPLINE_CURVE_WITH_KNOTS('',3,(#8909,#8910,#8911,#8912),
 .UNSPECIFIED.,.F.,.F.,(4,4),(-0.500000000000001,6.3948846218409E-14),
 .UNSPECIFIED.);
#2655=B_SPLINE_CURVE_WITH_KNOTS('',3,(#8954,#8955,#8956,#8957,#8958,#8959,
#8960,#8961,#8962,#8963,#8964,#8965,#8966,#8967,#8968,#8969,#8970,#8971,
#8972,#8973,#8974,#8975),.UNSPECIFIED.,.F.,.F.,(4,3,3,3,3,3,3,4),(0.,0.846289234828835,
1.69257846965767,2.96201232190092,3.38515693931534,4.23144617414418,5.07773540897301,
5.92402464380185),.UNSPECIFIED.);
#2656=B_SPLINE_CURVE_WITH_KNOTS('',3,(#8976,#8977,#8978,#8979),
 .UNSPECIFIED.,.F.,.F.,(4,4),(-6.3948846218409E-14,0.500000000000001),
 .UNSPECIFIED.);
#2657=B_SPLINE_CURVE_WITH_KNOTS('',3,(#9000,#9001,#9002,#9003,#9004,#9005,
#9006,#9007,#9008,#9009,#9010,#9011,#9012,#9013,#9014,#9015,#9016,#9017,
#9018,#9019,#9020,#9021),.UNSPECIFIED.,.F.,.F.,(4,3,3,3,3,3,3,4),(0.,0.846289234827706,
1.69257846965541,2.96201232189697,3.38515693931082,4.23144617413853,5.07773540896624,
5.92402464379394),.UNSPECIFIED.);
#2658=B_SPLINE_CURVE_WITH_KNOTS('',3,(#9028,#9029,#9030,#9031),
 .UNSPECIFIED.,.F.,.F.,(4,4),(-2.20391740256502E-14,0.500000000000004),
 .UNSPECIFIED.);
#2659=B_SPLINE_CURVE_WITH_KNOTS('',3,(#9073,#9074,#9075,#9076,#9077,#9078,
#9079,#9080,#9081,#9082,#9083,#9084,#9085,#9086,#9087,#9088,#9089,#9090,
#9091,#9092,#9093,#9094),.UNSPECIFIED.,.F.,.F.,(4,3,3,3,3,3,3,4),(0.,0.830477675522469,
1.66095535104494,2.49143302656741,2.90667186432864,4.15238837761234,4.98286605313481,
5.81334372865728),.UNSPECIFIED.);
#2660=B_SPLINE_CURVE_WITH_KNOTS('',3,(#9095,#9096,#9097,#9098),
 .UNSPECIFIED.,.F.,.F.,(4,4),(-0.500000000000004,2.20391740256502E-14),
 .UNSPECIFIED.);
#2661=B_SPLINE_CURVE_WITH_KNOTS('',3,(#9119,#9120,#9121,#9122,#9123,#9124,
#9125,#9126,#9127,#9128,#9129,#9130,#9131,#9132,#9133,#9134,#9135,#9136,
#9137,#9138,#9139,#9140),.UNSPECIFIED.,.F.,.F.,(4,3,3,3,3,3,3,4),(0.,2.6999492114788,
5.3998984229576,8.0998476344364,10.7997968459152,13.499746057394,16.1996952688728,
18.8996444803516),.UNSPECIFIED.);
#2662=B_SPLINE_CURVE_WITH_KNOTS('',3,(#9147,#9148,#9149,#9150),
 .UNSPECIFIED.,.F.,.F.,(4,4),(-2.68012973090908E-15,0.500000000000001),
 .UNSPECIFIED.);
#2663=B_SPLINE_CURVE_WITH_KNOTS('',3,(#9192,#9193,#9194,#9195,#9196,#9197,
#9198,#9199,#9200,#9201,#9202,#9203,#9204,#9205,#9206,#9207,#9208,#9209,
#9210,#9211,#9212,#9213),.UNSPECIFIED.,.F.,.F.,(4,3,3,3,3,3,3,4),(0.,1.89520891966374,
3.79041783932748,5.68562675899122,7.58083567865495,9.47604459831869,11.3712535179824,
13.2664624376462),.UNSPECIFIED.);
#2664=B_SPLINE_CURVE_WITH_KNOTS('',3,(#9214,#9215,#9216,#9217),
 .UNSPECIFIED.,.F.,.F.,(4,4),(-0.500000000000001,2.68012973090908E-15),
 .UNSPECIFIED.);
#2665=B_SPLINE_CURVE_WITH_KNOTS('',3,(#9466,#9467,#9468,#9469,#9470,#9471),
 .UNSPECIFIED.,.F.,.F.,(4,2,4),(-5.78024118821888,-1.29738994046432,0.),
 .UNSPECIFIED.);
#2666=B_SPLINE_CURVE_WITH_KNOTS('',3,(#9483,#9484,#9485,#9486),
 .UNSPECIFIED.,.F.,.F.,(4,4),(-1.25484878364888,-1.2298105941803),
 .UNSPECIFIED.);
#2667=B_SPLINE_CURVE_WITH_KNOTS('',3,(#9506,#9507,#9508,#9509),
 .UNSPECIFIED.,.F.,.F.,(4,4),(-9.,-8.77054392230654),.UNSPECIFIED.);
#2668=B_SPLINE_CURVE_WITH_KNOTS('',3,(#9548,#9549,#9550,#9551,#9552,#9553),
 .UNSPECIFIED.,.F.,.F.,(4,2,4),(-1.59225526892518,-0.949593621183425,-0.907940311236078),
 .UNSPECIFIED.);
#2669=B_SPLINE_CURVE_WITH_KNOTS('',3,(#9554,#9555,#9556,#9557,#9558,#9559,
#9560,#9561),.UNSPECIFIED.,.F.,.F.,(4,2,2,4),(0.,0.680785913064555,1.82044137119922,
2.93800735798508),.UNSPECIFIED.);
#2670=B_SPLINE_CURVE_WITH_KNOTS('',3,(#9592,#9593,#9594,#9595,#9596,#9597,
#9598,#9599,#9600,#9601,#9602,#9603,#9604,#9605,#9606,#9607,#9608,#9609,
#9610,#9611,#9612,#9613,#9614,#9615,#9616,#9617,#9618,#9619,#9620,#9621,
#9622,#9623,#9624,#9625,#9626,#9627,#9628,#9629,#9630,#9631,#9632,#9633,
#9634),.UNSPECIFIED.,.F.,.F.,(4,3,3,3,3,3,3,3,3,3,3,3,3,3,4),(0.0927149502470144,
0.167775103732507,0.243175358755085,0.318231818475983,0.390637539999577,
0.465895932437113,0.540935806948338,0.609528159937958,0.684623244308835,
0.728501694734536,0.80287767114238,0.878036029538696,0.95308093071041,1.02720448902063,
1.06637404507959),.UNSPECIFIED.);
#2671=B_SPLINE_CURVE_WITH_KNOTS('',3,(#9648,#9649,#9650,#9651),
 .UNSPECIFIED.,.F.,.F.,(4,4),(-7.18611631150444,-6.68604164068656),
 .UNSPECIFIED.);
#2672=B_SPLINE_CURVE_WITH_KNOTS('',3,(#9657,#9658,#9659,#9660,#9661,#9662,
#9663,#9664,#9665,#9666,#9667,#9668,#9669,#9670,#9671,#9672,#9673,#9674,
#9675,#9676,#9677,#9678,#9679,#9680,#9681,#9682,#9683,#9684,#9685,#9686,
#9687,#9688,#9689,#9690,#9691,#9692,#9693,#9694,#9695,#9696,#9697,#9698,
#9699,#9700,#9701,#9702),.UNSPECIFIED.,.F.,.F.,(4,3,3,3,3,3,3,3,3,3,3,3,
3,3,3,4),(0.,0.0737994857227331,0.148545949880891,0.223796645842589,0.298781896609797,
0.372746499128406,0.390758439007907,0.457207138481001,0.531880214737219,
0.607073162525692,0.682290261150281,0.728663267526533,0.803823450852065,
0.879157365828163,0.954029511192276,0.973843131874891),.UNSPECIFIED.);
#2673=B_SPLINE_CURVE_WITH_KNOTS('',3,(#9730,#9731,#9732,#9733),
 .UNSPECIFIED.,.F.,.F.,(4,4),(0.0162578017717693,0.092710768997206),
 .UNSPECIFIED.);
#2674=B_SPLINE_CURVE_WITH_KNOTS('',3,(#9737,#9738,#9739,#9740),
 .UNSPECIFIED.,.F.,.F.,(4,4),(0.973735410117722,0.987374105487353),
 .UNSPECIFIED.);
#2675=B_SPLINE_CURVE_WITH_KNOTS('',3,(#9746,#9747,#9748,#9749),
 .UNSPECIFIED.,.F.,.F.,(4,4),(2.14465868479356,2.14479477133794),
 .UNSPECIFIED.);
#2676=B_SPLINE_CURVE_WITH_KNOTS('',3,(#9755,#9756,#9757,#9758),
 .UNSPECIFIED.,.F.,.F.,(4,4),(0.987374148415528,1.05085867450582),
 .UNSPECIFIED.);
#2677=B_SPLINE_CURVE_WITH_KNOTS('',3,(#9761,#9762,#9763,#9764,#9765,#9766),
 .UNSPECIFIED.,.F.,.F.,(4,2,4),(2.14478374848743,4.40818205935995,7.74529337278041),
 .UNSPECIFIED.);
#2678=B_SPLINE_CURVE_WITH_KNOTS('',3,(#9790,#9791,#9792,#9793),
 .UNSPECIFIED.,.F.,.F.,(4,4),(1.05026155612485,1.06634114139242),
 .UNSPECIFIED.);
#2679=B_SPLINE_CURVE_WITH_KNOTS('',3,(#9794,#9795,#9796,#9797),
 .UNSPECIFIED.,.F.,.F.,(4,4),(1.13145816026126,1.64456061652276),
 .UNSPECIFIED.);
#2680=B_SPLINE_CURVE_WITH_KNOTS('',3,(#9815,#9816,#9817,#9818),
 .UNSPECIFIED.,.F.,.F.,(4,4),(-0.421888098939406,3.56384826533216E-15),
 .UNSPECIFIED.);
#2681=B_SPLINE_CURVE_WITH_KNOTS('',3,(#9820,#9821,#9822,#9823),
 .UNSPECIFIED.,.F.,.F.,(4,4),(-10.,0.),.UNSPECIFIED.);
#2682=B_SPLINE_CURVE_WITH_KNOTS('',3,(#9849,#9850,#9851,#9852,#9853,#9854,
#9855,#9856,#9857,#9858,#9859,#9860,#9861),.UNSPECIFIED.,.F.,.F.,(4,3,3,
3,4),(-8.97255592434995,-6.51136640647512,-4.99176949330033,-2.33984462691244,
-0.914463591097923),.UNSPECIFIED.);
#2683=B_SPLINE_CURVE_WITH_KNOTS('',3,(#9862,#9863,#9864,#9865,#9866,#9867,
#9868,#9869),.UNSPECIFIED.,.F.,.F.,(4,2,2,4),(3.1462736583422,5.26885010833005,
6.96111764534052,7.97201255406847),.UNSPECIFIED.);
#2684=B_SPLINE_CURVE_WITH_KNOTS('',3,(#9953,#9954,#9955,#9956,#9957,#9958),
 .UNSPECIFIED.,.F.,.F.,(4,2,4),(-1.2928536289477,-1.04580963180641,-0.384585637381065),
 .UNSPECIFIED.);
#2685=B_SPLINE_CURVE_WITH_KNOTS('',3,(#9959,#9960,#9961,#9962,#9963,#9964),
 .UNSPECIFIED.,.F.,.F.,(4,2,4),(-6.63872403974814,-3.21658000146717,-2.29848719376218),
 .UNSPECIFIED.);
#2686=B_SPLINE_CURVE_WITH_KNOTS('',3,(#9996,#9997,#9998,#9999),
 .UNSPECIFIED.,.F.,.F.,(4,4),(-0.693228222507839,-0.691958687051546),
 .UNSPECIFIED.);
#2687=B_SPLINE_CURVE_WITH_KNOTS('',3,(#10004,#10005,#10006,#10007),
 .UNSPECIFIED.,.F.,.F.,(4,4),(-0.316669513404548,0.),.UNSPECIFIED.);
#2688=B_SPLINE_CURVE_WITH_KNOTS('',3,(#10011,#10012,#10013,#10014),
 .UNSPECIFIED.,.F.,.F.,(4,4),(0.0437349304689543,0.316669513404548),
 .UNSPECIFIED.);
#2689=B_SPLINE_CURVE_WITH_KNOTS('',3,(#10033,#10034,#10035,#10036,#10037,
#10038),.UNSPECIFIED.,.F.,.F.,(4,2,4),(0.00254287385859445,0.247370337487869,
0.494740602942108),.UNSPECIFIED.);
#2690=B_SPLINE_CURVE_WITH_KNOTS('',3,(#10040,#10041,#10042,#10043,#10044,
#10045),.UNSPECIFIED.,.F.,.F.,(4,2,4),(-5.48597510444765,-2.93245430556805,
0.),.UNSPECIFIED.);
#2691=B_SPLINE_CURVE_WITH_KNOTS('',3,(#10046,#10047,#10048,#10049),
 .UNSPECIFIED.,.F.,.F.,(4,4),(-5.71589604866352,0.),.UNSPECIFIED.);
#2692=B_SPLINE_CURVE_WITH_KNOTS('',3,(#10057,#10058,#10059,#10060),
 .UNSPECIFIED.,.F.,.F.,(4,4),(0.,0.0174796919620209),.UNSPECIFIED.);
#2693=B_SPLINE_CURVE_WITH_KNOTS('',3,(#10077,#10078,#10079,#10080),
 .UNSPECIFIED.,.F.,.F.,(4,4),(0.,0.017451958191439),.UNSPECIFIED.);
#2694=B_SPLINE_CURVE_WITH_KNOTS('',3,(#10088,#10089,#10090,#10091),
 .UNSPECIFIED.,.F.,.F.,(4,4),(0.691958687051546,0.697034758365845),
 .UNSPECIFIED.);
#2695=B_SPLINE_CURVE_WITH_KNOTS('',3,(#10180,#10181,#10182,#10183),
 .UNSPECIFIED.,.F.,.F.,(4,4),(-8.57811190106059,-0.421888098939407),
 .UNSPECIFIED.);
#2696=B_SPLINE_CURVE_WITH_KNOTS('',3,(#10244,#10245,#10246,#10247,#10248,
#10249),.UNSPECIFIED.,.F.,.F.,(4,2,4),(-6.63872403974814,-3.21658000146717,
-2.29848719376218),.UNSPECIFIED.);
#2697=B_SPLINE_CURVE_WITH_KNOTS('',3,(#10292,#10293,#10294,#10295,#10296,
#10297),.UNSPECIFIED.,.F.,.F.,(4,2,4),(-6.62959471024029,-3.19293952932798,
-2.2972905678938),.UNSPECIFIED.);
#2698=B_SPLINE_CURVE_WITH_KNOTS('',3,(#10330,#10331,#10332,#10333,#10334,
#10335),.UNSPECIFIED.,.F.,.F.,(4,2,4),(-7.2852582721129,-4.07811190106065,
-0.870965530008604),.UNSPECIFIED.);
#2699=B_SPLINE_CURVE_WITH_KNOTS('',3,(#10342,#10343,#10344,#10345,#10346,
#10347),.UNSPECIFIED.,.F.,.F.,(4,2,4),(-5.78139510992159,-1.29774422129565,
0.),.UNSPECIFIED.);
#2700=B_SPLINE_CURVE_WITH_KNOTS('',3,(#10376,#10377,#10378,#10379),
 .UNSPECIFIED.,.F.,.F.,(4,4),(-8.77054392230654,-0.22945607769346),
 .UNSPECIFIED.);
#2701=B_SPLINE_CURVE_WITH_KNOTS('',3,(#10419,#10420,#10421,#10422),
 .UNSPECIFIED.,.F.,.F.,(4,4),(7.74529337277709,7.81667649387149),
 .UNSPECIFIED.);
#2702=B_SPLINE_CURVE_WITH_KNOTS('',3,(#10440,#10441,#10442,#10443),
 .UNSPECIFIED.,.F.,.F.,(4,4),(-1.25484878364888,-1.2298105941803),
 .UNSPECIFIED.);
#2703=B_SPLINE_CURVE_WITH_KNOTS('',3,(#10445,#10446,#10447,#10448),
 .UNSPECIFIED.,.F.,.F.,(4,4),(0.,0.0175819637830519),.UNSPECIFIED.);
#2704=B_SPLINE_CURVE_WITH_KNOTS('',3,(#10469,#10470,#10471,#10472,#10473,
#10474),.UNSPECIFIED.,.F.,.F.,(4,2,4),(-5.78024118821888,-1.29738994046432,
0.),.UNSPECIFIED.);
#2705=B_SPLINE_CURVE_WITH_KNOTS('',3,(#10511,#10512,#10513,#10514,#10515,
#10516),.UNSPECIFIED.,.F.,.F.,(4,2,4),(-7.77929699117573,-4.27054392230653,
-0.76179085343739),.UNSPECIFIED.);
#2706=B_SPLINE_CURVE_WITH_KNOTS('',3,(#10566,#10567,#10568,#10569),
 .UNSPECIFIED.,.F.,.F.,(4,4),(1.06270947393219,1.0642740466937),
 .UNSPECIFIED.);
#2707=B_SPLINE_CURVE_WITH_KNOTS('',3,(#10609,#10610,#10611,#10612,#10613,
#10614,#10615),.UNSPECIFIED.,.F.,.F.,(4,3,4),(-6.93889390390723E-18,0.0741016016249691,
0.0924066141862758),.UNSPECIFIED.);
#2708=B_SPLINE_CURVE_WITH_KNOTS('',3,(#10618,#10619,#10620,#10621,#10622,
#10623,#10624,#10625,#10626,#10627,#10628,#10629,#10630,#10631,#10632,#10633,
#10634,#10635,#10636,#10637,#10638,#10639,#10640,#10641,#10642,#10643,#10644,
#10645,#10646,#10647,#10648,#10649,#10650,#10651,#10652,#10653,#10654,#10655,
#10656,#10657,#10658,#10659,#10660),.UNSPECIFIED.,.F.,.F.,(4,3,3,3,3,3,
3,3,3,3,3,3,3,3,4),(0.0925208077136043,0.167580625515743,0.24298028804061,
0.318035295688312,0.390636719900388,0.46589407674397,0.540932258624258,
0.608698568678857,0.683792559121427,0.727774396992706,0.802152937047209,
0.877310185559647,0.952352493246211,1.02647449948027,1.06491793361104),
 .UNSPECIFIED.);
#2709=B_SPLINE_CURVE_WITH_KNOTS('',3,(#10674,#10675,#10676,#10677),
 .UNSPECIFIED.,.F.,.F.,(4,4),(-2.13060222437943,-1.63052906640405),
 .UNSPECIFIED.);
#2710=B_SPLINE_CURVE_WITH_KNOTS('',3,(#10682,#10683,#10684,#10685,#10686,
#10687,#10688,#10689,#10690,#10691,#10692,#10693,#10694,#10695,#10696,#10697,
#10698,#10699,#10700,#10701,#10702,#10703,#10704,#10705,#10706,#10707,#10708,
#10709,#10710,#10711,#10712,#10713,#10714,#10715,#10716,#10717,#10718,#10719,
#10720,#10721,#10722,#10723,#10724,#10725,#10726,#10727),.UNSPECIFIED.,
 .F.,.F.,(4,3,3,3,3,3,3,3,3,3,3,3,3,3,3,4),(0.,0.0738019660894428,0.148549802946566,
0.223799795053764,0.298783179307599,0.372744732519297,0.390757243129627,
0.456359641588705,0.531029422586644,0.606219632657541,0.681435221307094,
0.727669810887112,0.802829227458668,0.878160518879116,0.953029539692596,
0.972125006086177),.UNSPECIFIED.);
#2711=B_SPLINE_CURVE_WITH_KNOTS('',3,(#10730,#10731,#10732,#10733,#10734,
#10735,#10736),.UNSPECIFIED.,.F.,.F.,(4,3,4),(0.0816558459640319,0.15579509265057,
0.174010663839065),.UNSPECIFIED.);
#2712=B_SPLINE_CURVE_WITH_KNOTS('',3,(#10765,#10766,#10767,#10768),
 .UNSPECIFIED.,.F.,.F.,(4,4),(-5.78139078588334,-5.73772984297444),
 .UNSPECIFIED.);
#2713=B_SPLINE_CURVE_WITH_KNOTS('',3,(#10788,#10789,#10790,#10791),
 .UNSPECIFIED.,.F.,.F.,(4,4),(-0.229456077693469,5.00836127275819E-16),
 .UNSPECIFIED.);
#2714=B_SPLINE_CURVE_WITH_KNOTS('',3,(#10826,#10827,#10828,#10829,#10830,
#10831),.UNSPECIFIED.,.F.,.F.,(4,2,4),(-0.991246931130677,-0.949593621183482,
-0.306931973441863),.UNSPECIFIED.);
#2715=B_SPLINE_CURVE_WITH_KNOTS('',3,(#10832,#10833,#10834,#10835,#10836,
#10837),.UNSPECIFIED.,.F.,.F.,(4,2,4),(-5.78139510992159,-1.29774422129565,
0.),.UNSPECIFIED.);
#2716=B_SPLINE_CURVE_WITH_KNOTS('',3,(#10838,#10839,#10840,#10841,#10842,
#10843,#10844,#10845),.UNSPECIFIED.,.F.,.F.,(4,2,2,4),(3.60938309439473,
5.26885010817082,6.96111764512531,7.97201255382237),.UNSPECIFIED.);
#2717=B_SPLINE_CURVE_WITH_KNOTS('',3,(#10871,#10872,#10873,#10874,#10875,
#10876,#10877,#10878,#10879,#10880,#10881,#10882,#10883),.UNSPECIFIED.,
 .F.,.F.,(4,3,3,3,4),(-9.10313703156772,-6.45215606340065,-4.98863863674287,
-2.52824184361031,-1.04539762454274),.UNSPECIFIED.);
#2718=B_SPLINE_CURVE_WITH_KNOTS('',3,(#10885,#10886,#10887,#10888),
 .UNSPECIFIED.,.F.,.F.,(4,4),(-10.,0.),.UNSPECIFIED.);
#2719=B_SPLINE_CURVE_WITH_KNOTS('',3,(#10889,#10890,#10891,#10892,#10893,
#10894,#10895,#10896),.UNSPECIFIED.,.F.,.F.,(4,2,2,4),(0.,0.680785913063969,
1.82044137119446,3.24988782906133),.UNSPECIFIED.);
#2720=B_SPLINE_CURVE_WITH_KNOTS('',3,(#10907,#10908,#10909,#10910),
 .UNSPECIFIED.,.F.,.F.,(4,4),(-9.,-8.57811190106059),.UNSPECIFIED.);
#2721=B_SPLINE_CURVE_WITH_KNOTS('',3,(#10927,#10928,#10929,#10930),
 .UNSPECIFIED.,.F.,.F.,(4,4),(-0.691958687051946,-0.686623183843608),
 .UNSPECIFIED.);
#2722=B_SPLINE_CURVE_WITH_KNOTS('',3,(#10948,#10949,#10950,#10951),
 .UNSPECIFIED.,.F.,.F.,(4,4),(-0.316669513404548,0.),.UNSPECIFIED.);
#2723=B_SPLINE_CURVE_WITH_KNOTS('',3,(#10952,#10953,#10954,#10955),
 .UNSPECIFIED.,.F.,.F.,(4,4),(-5.75948086748289,-5.48597510444765),
 .UNSPECIFIED.);
#2724=B_SPLINE_CURVE_WITH_KNOTS('',3,(#10960,#10961,#10962,#10963,#10964,
#10965,#10966,#10967),.UNSPECIFIED.,.F.,.F.,(4,2,2,4),(-5.75948086748326,
-2.87974043374163,-1.43987021687082,0.),.UNSPECIFIED.);
#2725=B_SPLINE_CURVE_WITH_KNOTS('',3,(#11002,#11003,#11004,#11005,#11006,
#11007),.UNSPECIFIED.,.F.,.F.,(4,2,4),(-1.70703362623166,-1.04580963180641,
-0.798765634665102),.UNSPECIFIED.);
#2726=B_SPLINE_CURVE_WITH_KNOTS('',3,(#11008,#11009,#11010,#11011,#11012,
#11013),.UNSPECIFIED.,.F.,.F.,(4,2,4),(-6.62959471024029,-3.19293952932798,
-2.2972905678938),.UNSPECIFIED.);
#2727=B_SPLINE_CURVE_WITH_KNOTS('',3,(#11139,#11140,#11141,#11142,#11143,
#11144,#11145,#11146,#11147,#11148,#11149,#11150,#11151),.UNSPECIFIED.,
 .F.,.F.,(4,3,3,3,4),(-9.10313703156772,-6.43524099662458,-4.98863863674287,
-2.51253055507997,-1.04539762454274),.UNSPECIFIED.);
#2728=B_SPLINE_CURVE_WITH_KNOTS('',3,(#11153,#11154,#11155,#11156,#11157,
#11158,#11159,#11160,#11161,#11162,#11163,#11164,#11165,#11166),
 .UNSPECIFIED.,.F.,.F.,(4,2,2,2,2,2,4),(3.24988782906374,4.19673350923751,
4.97020537553937,5.20587635551828,5.29363530171072,5.36874189268348,5.36924388393311),
 .UNSPECIFIED.);
#2729=B_SPLINE_CURVE_WITH_KNOTS('',3,(#11168,#11169,#11170,#11171),
 .UNSPECIFIED.,.F.,.F.,(4,4),(2.,8.),.UNSPECIFIED.);
#2730=B_SPLINE_CURVE_WITH_KNOTS('',3,(#11172,#11173,#11174,#11175,#11176,
#11177,#11178,#11179,#11180,#11181,#11182,#11183,#11184,#11185),
 .UNSPECIFIED.,.F.,.F.,(4,2,2,2,2,2,4),(-0.00074540377680785,0.,0.111525325300392,
0.241838056801009,0.591784477865963,1.74030820119825,3.60938309432149),
 .UNSPECIFIED.);
#2731=B_SPLINE_CURVE_WITH_KNOTS('',3,(#11197,#11198,#11199,#11200,#11201,
#11202),.UNSPECIFIED.,.F.,.F.,(4,2,4),(-7.77929699117573,-4.27054392230653,
-0.76179085343739),.UNSPECIFIED.);
#2732=B_SPLINE_CURVE_WITH_KNOTS('',3,(#11204,#11205,#11206,#11207,#11208,
#11209),.UNSPECIFIED.,.F.,.F.,(4,2,4),(-1.59225526892518,-0.949593621183425,
-0.907940311236078),.UNSPECIFIED.);
#2733=B_SPLINE_CURVE_WITH_KNOTS('',3,(#11211,#11212,#11213,#11214,#11215,
#11216,#11217,#11218,#11219,#11220,#11221,#11222,#11223),.UNSPECIFIED.,
 .F.,.F.,(4,3,3,3,4),(-8.97255592434995,-6.49564818573923,-4.99176949330033,
-2.32292140884609,-0.914463591097923),.UNSPECIFIED.);
#2734=B_SPLINE_CURVE_WITH_KNOTS('',3,(#11225,#11226,#11227,#11228,#11229,
#11230),.UNSPECIFIED.,.F.,.F.,(4,2,4),(-1.2928536289477,-1.04580963180641,
-0.384585637381065),.UNSPECIFIED.);
#2735=B_SPLINE_CURVE_WITH_KNOTS('',3,(#11232,#11233,#11234,#11235,#11236,
#11237),.UNSPECIFIED.,.F.,.F.,(4,2,4),(-7.2852582721129,-4.07811190106065,
-0.870965530008604),.UNSPECIFIED.);
#2736=B_SPLINE_CURVE_WITH_KNOTS('',3,(#11238,#11239,#11240,#11241,#11242,
#11243),.UNSPECIFIED.,.F.,.F.,(4,2,4),(-1.70703362623166,-1.04580963180641,
-0.798765634665102),.UNSPECIFIED.);
#2737=B_SPLINE_CURVE_WITH_KNOTS('',3,(#11244,#11245,#11246,#11247,#11248,
#11249),.UNSPECIFIED.,.F.,.F.,(4,2,4),(-0.991246931130677,-0.949593621183482,
-0.306931973441863),.UNSPECIFIED.);
#2738=B_SPLINE_CURVE_WITH_KNOTS('',3,(#11280,#11281,#11282,#11283,#11284,
#11285,#11286,#11287,#11288,#11289,#11290,#11291,#11292,#11293),
 .UNSPECIFIED.,.F.,.F.,(4,2,2,2,2,2,4),(-0.000745403776651987,0.,0.111525325301985,
0.241838056806634,0.59178447788235,1.74030820124973,3.14627365833863),
 .UNSPECIFIED.);
#2739=B_SPLINE_CURVE_WITH_KNOTS('',3,(#11295,#11296,#11297,#11298),
 .UNSPECIFIED.,.F.,.F.,(4,4),(1.5,2.09161926361283),.UNSPECIFIED.);
#2740=B_SPLINE_CURVE_WITH_KNOTS('',3,(#11300,#11301,#11302,#11303),
 .UNSPECIFIED.,.F.,.F.,(4,4),(2.09161926361284,6.90838073638717),
 .UNSPECIFIED.);
#2741=B_SPLINE_CURVE_WITH_KNOTS('',3,(#11304,#11305,#11306,#11307),
 .UNSPECIFIED.,.F.,.F.,(4,4),(6.90838073638716,7.5),.UNSPECIFIED.);
#2742=B_SPLINE_CURVE_WITH_KNOTS('',3,(#11337,#11338,#11339,#11340,#11341,
#11342,#11343,#11344,#11345,#11346,#11347,#11348,#11349,#11350),
 .UNSPECIFIED.,.F.,.F.,(4,2,2,2,2,2,4),(2.9380073580344,4.19673350924485,
4.97020537554757,5.20587635552676,5.29363530171932,5.36874189268062,5.36924388392265),
 .UNSPECIFIED.);
#2743=B_SPLINE_CURVE_WITH_KNOTS('',3,(#11351,#11352,#11353,#11354),
 .UNSPECIFIED.,.F.,.F.,(4,4),(2.,8.),.UNSPECIFIED.);
#2744=B_SPLINE_CURVE_WITH_KNOTS('',3,(#11392,#11393,#11394,#11395),
 .UNSPECIFIED.,.F.,.F.,(4,4),(1.5,1.89918724236688),.UNSPECIFIED.);
#2745=B_SPLINE_CURVE_WITH_KNOTS('',3,(#11397,#11398,#11399,#11400),
 .UNSPECIFIED.,.F.,.F.,(4,4),(1.89918724236689,7.10081275763312),
 .UNSPECIFIED.);
#2746=B_SPLINE_CURVE_WITH_KNOTS('',3,(#11401,#11402,#11403,#11404),
 .UNSPECIFIED.,.F.,.F.,(4,4),(7.10081275763311,7.5),.UNSPECIFIED.);
#2747=B_SPLINE_CURVE_WITH_KNOTS('',3,(#11420,#11421,#11422,#11423,#11424,
#11425,#11426,#11427,#11428,#11429,#11430,#11431,#11432,#11433,#11434,#11435,
#11436,#11437,#11438,#11439,#11440,#11441),.UNSPECIFIED.,.F.,.F.,(4,3,3,
3,3,3,3,4),(-4.44089209850063E-16,0.830477675523684,1.66095535104737,2.49143302657105,
2.9066718643329,4.15238837761842,4.98286605314211,5.81334372866579),
 .UNSPECIFIED.);
#2748=B_SPLINE_CURVE_WITH_KNOTS('',3,(#11448,#11449,#11450,#11451),
 .UNSPECIFIED.,.F.,.F.,(4,4),(-0.500000000000001,6.3948846218409E-14),
 .UNSPECIFIED.);
#2749=B_SPLINE_CURVE_WITH_KNOTS('',3,(#11493,#11494,#11495,#11496,#11497,
#11498,#11499,#11500,#11501,#11502,#11503,#11504,#11505,#11506,#11507,#11508,
#11509,#11510,#11511,#11512,#11513,#11514),.UNSPECIFIED.,.F.,.F.,(4,3,3,
3,3,3,3,4),(0.,0.846289234828835,1.69257846965767,2.96201232190092,3.38515693931534,
4.23144617414418,5.07773540897301,5.92402464380185),.UNSPECIFIED.);
#2750=B_SPLINE_CURVE_WITH_KNOTS('',3,(#11515,#11516,#11517,#11518),
 .UNSPECIFIED.,.F.,.F.,(4,4),(-6.3948846218409E-14,0.500000000000001),
 .UNSPECIFIED.);
#2751=B_SPLINE_CURVE_WITH_KNOTS('',3,(#11539,#11540,#11541,#11542,#11543,
#11544,#11545,#11546,#11547,#11548,#11549,#11550,#11551,#11552,#11553,#11554,
#11555,#11556,#11557,#11558,#11559,#11560),.UNSPECIFIED.,.F.,.F.,(4,3,3,
3,3,3,3,4),(0.,0.846289234827706,1.69257846965541,2.96201232189697,3.38515693931082,
4.23144617413853,5.07773540896624,5.92402464379394),.UNSPECIFIED.);
#2752=B_SPLINE_CURVE_WITH_KNOTS('',3,(#11567,#11568,#11569,#11570),
 .UNSPECIFIED.,.F.,.F.,(4,4),(-2.20391740256502E-14,0.500000000000004),
 .UNSPECIFIED.);
#2753=B_SPLINE_CURVE_WITH_KNOTS('',3,(#11612,#11613,#11614,#11615,#11616,
#11617,#11618,#11619,#11620,#11621,#11622,#11623,#11624,#11625,#11626,#11627,
#11628,#11629,#11630,#11631,#11632,#11633),.UNSPECIFIED.,.F.,.F.,(4,3,3,
3,3,3,3,4),(0.,0.830477675522469,1.66095535104494,2.49143302656741,2.90667186432864,
4.15238837761234,4.98286605313481,5.81334372865728),.UNSPECIFIED.);
#2754=B_SPLINE_CURVE_WITH_KNOTS('',3,(#11634,#11635,#11636,#11637),
 .UNSPECIFIED.,.F.,.F.,(4,4),(-0.500000000000004,2.20391740256502E-14),
 .UNSPECIFIED.);
#2755=B_SPLINE_CURVE_WITH_KNOTS('',3,(#11736,#11737,#11738,#11739,#11740,
#11741,#11742,#11743,#11744,#11745,#11746,#11747,#11748,#11749,#11750,#11751,
#11752,#11753,#11754,#11755,#11756,#11757),.UNSPECIFIED.,.F.,.F.,(4,3,3,
3,3,3,3,4),(0.,2.6999492114788,5.3998984229576,8.0998476344364,10.7997968459152,
13.499746057394,16.1996952688728,18.8996444803516),.UNSPECIFIED.);
#2756=B_SPLINE_CURVE_WITH_KNOTS('',3,(#11764,#11765,#11766,#11767),
 .UNSPECIFIED.,.F.,.F.,(4,4),(-2.68012973090908E-15,0.500000000000001),
 .UNSPECIFIED.);
#2757=B_SPLINE_CURVE_WITH_KNOTS('',3,(#11809,#11810,#11811,#11812,#11813,
#11814,#11815,#11816,#11817,#11818,#11819,#11820,#11821,#11822,#11823,#11824,
#11825,#11826,#11827,#11828,#11829,#11830),.UNSPECIFIED.,.F.,.F.,(4,3,3,
3,3,3,3,4),(0.,1.89520891966374,3.79041783932748,5.68562675899122,7.58083567865495,
9.47604459831869,11.3712535179824,13.2664624376462),.UNSPECIFIED.);
#2758=B_SPLINE_CURVE_WITH_KNOTS('',3,(#11831,#11832,#11833,#11834),
 .UNSPECIFIED.,.F.,.F.,(4,4),(-0.500000000000001,2.68012973090908E-15),
 .UNSPECIFIED.);
#2759=VERTEX_POINT('',#8190);
#2760=VERTEX_POINT('',#8191);
#2761=VERTEX_POINT('',#8210);
#2762=VERTEX_POINT('',#8215);
#2763=VERTEX_POINT('',#8294);
#2764=VERTEX_POINT('',#8299);
#2765=VERTEX_POINT('',#8323);
#2766=VERTEX_POINT('',#8372);
#2767=VERTEX_POINT('',#8460);
#2768=VERTEX_POINT('',#8462);
#2769=VERTEX_POINT('',#8466);
#2770=VERTEX_POINT('',#8470);
#2771=VERTEX_POINT('',#8477);
#2772=VERTEX_POINT('',#8478);
#2773=VERTEX_POINT('',#8480);
#2774=VERTEX_POINT('',#8482);
#2775=VERTEX_POINT('',#8486);
#2776=VERTEX_POINT('',#8487);
#2777=VERTEX_POINT('',#8489);
#2778=VERTEX_POINT('',#8491);
#2779=VERTEX_POINT('',#8498);
#2780=VERTEX_POINT('',#8500);
#2781=VERTEX_POINT('',#8504);
#2782=VERTEX_POINT('',#8506);
#2783=VERTEX_POINT('',#8508);
#2784=VERTEX_POINT('',#8512);
#2785=VERTEX_POINT('',#8514);
#2786=VERTEX_POINT('',#8516);
#2787=VERTEX_POINT('',#8520);
#2788=VERTEX_POINT('',#8522);
#2789=VERTEX_POINT('',#8526);
#2790=VERTEX_POINT('',#8528);
#2791=VERTEX_POINT('',#8532);
#2792=VERTEX_POINT('',#8534);
#2793=VERTEX_POINT('',#8536);
#2794=VERTEX_POINT('',#8538);
#2795=VERTEX_POINT('',#8542);
#2796=VERTEX_POINT('',#8546);
#2797=VERTEX_POINT('',#8551);
#2798=VERTEX_POINT('',#8553);
#2799=VERTEX_POINT('',#8557);
#2800=VERTEX_POINT('',#8559);
#2801=VERTEX_POINT('',#8567);
#2802=VERTEX_POINT('',#8573);
#2803=VERTEX_POINT('',#8582);
#2804=VERTEX_POINT('',#8583);
#2805=VERTEX_POINT('',#8585);
#2806=VERTEX_POINT('',#8587);
#2807=VERTEX_POINT('',#8591);
#2808=VERTEX_POINT('',#8593);
#2809=VERTEX_POINT('',#8595);
#2810=VERTEX_POINT('',#8597);
#2811=VERTEX_POINT('',#8599);
#2812=VERTEX_POINT('',#8601);
#2813=VERTEX_POINT('',#8605);
#2814=VERTEX_POINT('',#8606);
#2815=VERTEX_POINT('',#8608);
#2816=VERTEX_POINT('',#8612);
#2817=VERTEX_POINT('',#8613);
#2818=VERTEX_POINT('',#8618);
#2819=VERTEX_POINT('',#8624);
#2820=VERTEX_POINT('',#8626);
#2821=VERTEX_POINT('',#8631);
#2822=VERTEX_POINT('',#8634);
#2823=VERTEX_POINT('',#8639);
#2824=VERTEX_POINT('',#8641);
#2825=VERTEX_POINT('',#8643);
#2826=VERTEX_POINT('',#8645);
#2827=VERTEX_POINT('',#8647);
#2828=VERTEX_POINT('',#8649);
#2829=VERTEX_POINT('',#8651);
#2830=VERTEX_POINT('',#8653);
#2831=VERTEX_POINT('',#8659);
#2832=VERTEX_POINT('',#8660);
#2833=VERTEX_POINT('',#8662);
#2834=VERTEX_POINT('',#8664);
#2835=VERTEX_POINT('',#8669);
#2836=VERTEX_POINT('',#8671);
#2837=VERTEX_POINT('',#8673);
#2838=VERTEX_POINT('',#8675);
#2839=VERTEX_POINT('',#8681);
#2840=VERTEX_POINT('',#8683);
#2841=VERTEX_POINT('',#8685);
#2842=VERTEX_POINT('',#8687);
#2843=VERTEX_POINT('',#8689);
#2844=VERTEX_POINT('',#8697);
#2845=VERTEX_POINT('',#8703);
#2846=VERTEX_POINT('',#8705);
#2847=VERTEX_POINT('',#8711);
#2848=VERTEX_POINT('',#8715);
#2849=VERTEX_POINT('',#8761);
#2850=VERTEX_POINT('',#8762);
#2851=VERTEX_POINT('',#8773);
#2852=VERTEX_POINT('',#8778);
#2853=VERTEX_POINT('',#8794);
#2854=VERTEX_POINT('',#8796);
#2855=VERTEX_POINT('',#8800);
#2856=VERTEX_POINT('',#8802);
#2857=VERTEX_POINT('',#8806);
#2858=VERTEX_POINT('',#8810);
#2859=VERTEX_POINT('',#8817);
#2860=VERTEX_POINT('',#8818);
#2861=VERTEX_POINT('',#8820);
#2862=VERTEX_POINT('',#8822);
#2863=VERTEX_POINT('',#8826);
#2864=VERTEX_POINT('',#8828);
#2865=VERTEX_POINT('',#8832);
#2866=VERTEX_POINT('',#8834);
#2867=VERTEX_POINT('',#8843);
#2868=VERTEX_POINT('',#8844);
#2869=VERTEX_POINT('',#8846);
#2870=VERTEX_POINT('',#8848);
#2871=VERTEX_POINT('',#8852);
#2872=VERTEX_POINT('',#8854);
#2873=VERTEX_POINT('',#8858);
#2874=VERTEX_POINT('',#8860);
#2875=VERTEX_POINT('',#8869);
#2876=VERTEX_POINT('',#8870);
#2877=VERTEX_POINT('',#8872);
#2878=VERTEX_POINT('',#8874);
#2879=VERTEX_POINT('',#8878);
#2880=VERTEX_POINT('',#8880);
#2881=VERTEX_POINT('',#8903);
#2882=VERTEX_POINT('',#8907);
#2883=VERTEX_POINT('',#8953);
#2884=VERTEX_POINT('',#8981);
#2885=VERTEX_POINT('',#8988);
#2886=VERTEX_POINT('',#8989);
#2887=VERTEX_POINT('',#8991);
#2888=VERTEX_POINT('',#8993);
#2889=VERTEX_POINT('',#8997);
#2890=VERTEX_POINT('',#8999);
#2891=VERTEX_POINT('',#9022);
#2892=VERTEX_POINT('',#9026);
#2893=VERTEX_POINT('',#9072);
#2894=VERTEX_POINT('',#9100);
#2895=VERTEX_POINT('',#9107);
#2896=VERTEX_POINT('',#9108);
#2897=VERTEX_POINT('',#9110);
#2898=VERTEX_POINT('',#9112);
#2899=VERTEX_POINT('',#9116);
#2900=VERTEX_POINT('',#9118);
#2901=VERTEX_POINT('',#9141);
#2902=VERTEX_POINT('',#9145);
#2903=VERTEX_POINT('',#9191);
#2904=VERTEX_POINT('',#9219);
#2905=VERTEX_POINT('',#9226);
#2906=VERTEX_POINT('',#9227);
#2907=VERTEX_POINT('',#9229);
#2908=VERTEX_POINT('',#9231);
#2909=VERTEX_POINT('',#9235);
#2910=VERTEX_POINT('',#9237);
#2911=VERTEX_POINT('',#9241);
#2912=VERTEX_POINT('',#9243);
#2913=VERTEX_POINT('',#9252);
#2914=VERTEX_POINT('',#9253);
#2915=VERTEX_POINT('',#9255);
#2916=VERTEX_POINT('',#9257);
#2917=VERTEX_POINT('',#9261);
#2918=VERTEX_POINT('',#9263);
#2919=VERTEX_POINT('',#9267);
#2920=VERTEX_POINT('',#9269);
#2921=VERTEX_POINT('',#9278);
#2922=VERTEX_POINT('',#9279);
#2923=VERTEX_POINT('',#9281);
#2924=VERTEX_POINT('',#9283);
#2925=VERTEX_POINT('',#9285);
#2926=VERTEX_POINT('',#9289);
#2927=VERTEX_POINT('',#9291);
#2928=VERTEX_POINT('',#9295);
#2929=VERTEX_POINT('',#9299);
#2930=VERTEX_POINT('',#9303);
#2931=VERTEX_POINT('',#9309);
#2932=VERTEX_POINT('',#9310);
#2933=VERTEX_POINT('',#9312);
#2934=VERTEX_POINT('',#9314);
#2935=VERTEX_POINT('',#9318);
#2936=VERTEX_POINT('',#9320);
#2937=VERTEX_POINT('',#9324);
#2938=VERTEX_POINT('',#9326);
#2939=VERTEX_POINT('',#9335);
#2940=VERTEX_POINT('',#9336);
#2941=VERTEX_POINT('',#9338);
#2942=VERTEX_POINT('',#9340);
#2943=VERTEX_POINT('',#9344);
#2944=VERTEX_POINT('',#9346);
#2945=VERTEX_POINT('',#9350);
#2946=VERTEX_POINT('',#9352);
#2947=VERTEX_POINT('',#9354);
#2948=VERTEX_POINT('',#9358);
#2949=VERTEX_POINT('',#9359);
#2950=VERTEX_POINT('',#9366);
#2951=VERTEX_POINT('',#9373);
#2952=VERTEX_POINT('',#9374);
#2953=VERTEX_POINT('',#9376);
#2954=VERTEX_POINT('',#9378);
#2955=VERTEX_POINT('',#9382);
#2956=VERTEX_POINT('',#9384);
#2957=VERTEX_POINT('',#9386);
#2958=VERTEX_POINT('',#9388);
#2959=VERTEX_POINT('',#9392);
#2960=VERTEX_POINT('',#9394);
#2961=VERTEX_POINT('',#9400);
#2962=VERTEX_POINT('',#9404);
#2963=VERTEX_POINT('',#9411);
#2964=VERTEX_POINT('',#9412);
#2965=VERTEX_POINT('',#9414);
#2966=VERTEX_POINT('',#9416);
#2967=VERTEX_POINT('',#9420);
#2968=VERTEX_POINT('',#9422);
#2969=VERTEX_POINT('',#9426);
#2970=VERTEX_POINT('',#9427);
#2971=VERTEX_POINT('',#9429);
#2972=VERTEX_POINT('',#9431);
#2973=VERTEX_POINT('',#9435);
#2974=VERTEX_POINT('',#9437);
#2975=VERTEX_POINT('',#9441);
#2976=VERTEX_POINT('',#9443);
#2977=VERTEX_POINT('',#9447);
#2978=VERTEX_POINT('',#9448);
#2979=VERTEX_POINT('',#9462);
#2980=VERTEX_POINT('',#9463);
#2981=VERTEX_POINT('',#9465);
#2982=VERTEX_POINT('',#9472);
#2983=VERTEX_POINT('',#9474);
#2984=VERTEX_POINT('',#9476);
#2985=VERTEX_POINT('',#9478);
#2986=VERTEX_POINT('',#9480);
#2987=VERTEX_POINT('',#9482);
#2988=VERTEX_POINT('',#9487);
#2989=VERTEX_POINT('',#9489);
#2990=VERTEX_POINT('',#9491);
#2991=VERTEX_POINT('',#9495);
#2992=VERTEX_POINT('',#9497);
#2993=VERTEX_POINT('',#9501);
#2994=VERTEX_POINT('',#9505);
#2995=VERTEX_POINT('',#9547);
#2996=VERTEX_POINT('',#9563);
#2997=VERTEX_POINT('',#9564);
#2998=VERTEX_POINT('',#9566);
#2999=VERTEX_POINT('',#9570);
#3000=VERTEX_POINT('',#9571);
#3001=VERTEX_POINT('',#9575);
#3002=VERTEX_POINT('',#9579);
#3003=VERTEX_POINT('',#9580);
#3004=VERTEX_POINT('',#9582);
#3005=VERTEX_POINT('',#9584);
#3006=VERTEX_POINT('',#9586);
#3007=VERTEX_POINT('',#9590);
#3008=VERTEX_POINT('',#9591);
#3009=VERTEX_POINT('',#9635);
#3010=VERTEX_POINT('',#9637);
#3011=VERTEX_POINT('',#9639);
#3012=VERTEX_POINT('',#9641);
#3013=VERTEX_POINT('',#9643);
#3014=VERTEX_POINT('',#9647);
#3015=VERTEX_POINT('',#9652);
#3016=VERTEX_POINT('',#9656);
#3017=VERTEX_POINT('',#9703);
#3018=VERTEX_POINT('',#9706);
#3019=VERTEX_POINT('',#9708);
#3020=VERTEX_POINT('',#9712);
#3021=VERTEX_POINT('',#9713);
#3022=VERTEX_POINT('',#9721);
#3023=VERTEX_POINT('',#9725);
#3024=VERTEX_POINT('',#9729);
#3025=VERTEX_POINT('',#9736);
#3026=VERTEX_POINT('',#9741);
#3027=VERTEX_POINT('',#9745);
#3028=VERTEX_POINT('',#9750);
#3029=VERTEX_POINT('',#9754);
#3030=VERTEX_POINT('',#9787);
#3031=VERTEX_POINT('',#9789);
#3032=VERTEX_POINT('',#9799);
#3033=VERTEX_POINT('',#9801);
#3034=VERTEX_POINT('',#9803);
#3035=VERTEX_POINT('',#9809);
#3036=VERTEX_POINT('',#9810);
#3037=VERTEX_POINT('',#9813);
#3038=VERTEX_POINT('',#9848);
#3039=VERTEX_POINT('',#9871);
#3040=VERTEX_POINT('',#9872);
#3041=VERTEX_POINT('',#9874);
#3042=VERTEX_POINT('',#9879);
#3043=VERTEX_POINT('',#9885);
#3044=VERTEX_POINT('',#9889);
#3045=VERTEX_POINT('',#9893);
#3046=VERTEX_POINT('',#9897);
#3047=VERTEX_POINT('',#9901);
#3048=VERTEX_POINT('',#9903);
#3049=VERTEX_POINT('',#9907);
#3050=VERTEX_POINT('',#9909);
#3051=VERTEX_POINT('',#9913);
#3052=VERTEX_POINT('',#9917);
#3053=VERTEX_POINT('',#9952);
#3054=VERTEX_POINT('',#9966);
#3055=VERTEX_POINT('',#9967);
#3056=VERTEX_POINT('',#9976);
#3057=VERTEX_POINT('',#9980);
#3058=VERTEX_POINT('',#9984);
#3059=VERTEX_POINT('',#9991);
#3060=VERTEX_POINT('',#9992);
#3061=VERTEX_POINT('',#9994);
#3062=VERTEX_POINT('',#10001);
#3063=VERTEX_POINT('',#10003);
#3064=VERTEX_POINT('',#10008);
#3065=VERTEX_POINT('',#10010);
#3066=VERTEX_POINT('',#10032);
#3067=VERTEX_POINT('',#10039);
#3068=VERTEX_POINT('',#10051);
#3069=VERTEX_POINT('',#10055);
#3070=VERTEX_POINT('',#10082);
#3071=VERTEX_POINT('',#10084);
#3072=VERTEX_POINT('',#10086);
#3073=VERTEX_POINT('',#10093);
#3074=VERTEX_POINT('',#10098);
#3075=VERTEX_POINT('',#10099);
#3076=VERTEX_POINT('',#10101);
#3077=VERTEX_POINT('',#10103);
#3078=VERTEX_POINT('',#10107);
#3079=VERTEX_POINT('',#10108);
#3080=VERTEX_POINT('',#10111);
#3081=VERTEX_POINT('',#10115);
#3082=VERTEX_POINT('',#10117);
#3083=VERTEX_POINT('',#10121);
#3084=VERTEX_POINT('',#10125);
#3085=VERTEX_POINT('',#10131);
#3086=VERTEX_POINT('',#10135);
#3087=VERTEX_POINT('',#10137);
#3088=VERTEX_POINT('',#10141);
#3089=VERTEX_POINT('',#10143);
#3090=VERTEX_POINT('',#10147);
#3091=VERTEX_POINT('',#10149);
#3092=VERTEX_POINT('',#10156);
#3093=VERTEX_POINT('',#10160);
#3094=VERTEX_POINT('',#10166);
#3095=VERTEX_POINT('',#10173);
#3096=VERTEX_POINT('',#10174);
#3097=VERTEX_POINT('',#10176);
#3098=VERTEX_POINT('',#10178);
#3099=VERTEX_POINT('',#10185);
#3100=VERTEX_POINT('',#10186);
#3101=VERTEX_POINT('',#10188);
#3102=VERTEX_POINT('',#10190);
#3103=VERTEX_POINT('',#10194);
#3104=VERTEX_POINT('',#10196);
#3105=VERTEX_POINT('',#10200);
#3106=VERTEX_POINT('',#10202);
#3107=VERTEX_POINT('',#10204);
#3108=VERTEX_POINT('',#10206);
#3109=VERTEX_POINT('',#10210);
#3110=VERTEX_POINT('',#10212);
#3111=VERTEX_POINT('',#10216);
#3112=VERTEX_POINT('',#10218);
#3113=VERTEX_POINT('',#10222);
#3114=VERTEX_POINT('',#10224);
#3115=VERTEX_POINT('',#10226);
#3116=VERTEX_POINT('',#10228);
#3117=VERTEX_POINT('',#10230);
#3118=VERTEX_POINT('',#10234);
#3119=VERTEX_POINT('',#10236);
#3120=VERTEX_POINT('',#10238);
#3121=VERTEX_POINT('',#10242);
#3122=VERTEX_POINT('',#10250);
#3123=VERTEX_POINT('',#10253);
#3124=VERTEX_POINT('',#10256);
#3125=VERTEX_POINT('',#10258);
#3126=VERTEX_POINT('',#10262);
#3127=VERTEX_POINT('',#10266);
#3128=VERTEX_POINT('',#10272);
#3129=VERTEX_POINT('',#10278);
#3130=VERTEX_POINT('',#10279);
#3131=VERTEX_POINT('',#10284);
#3132=VERTEX_POINT('',#10290);
#3133=VERTEX_POINT('',#10338);
#3134=VERTEX_POINT('',#10339);
#3135=VERTEX_POINT('',#10341);
#3136=VERTEX_POINT('',#10348);
#3137=VERTEX_POINT('',#10350);
#3138=VERTEX_POINT('',#10352);
#3139=VERTEX_POINT('',#10354);
#3140=VERTEX_POINT('',#10356);
#3141=VERTEX_POINT('',#10358);
#3142=VERTEX_POINT('',#10360);
#3143=VERTEX_POINT('',#10362);
#3144=VERTEX_POINT('',#10364);
#3145=VERTEX_POINT('',#10368);
#3146=VERTEX_POINT('',#10369);
#3147=VERTEX_POINT('',#10374);
#3148=VERTEX_POINT('',#10381);
#3149=VERTEX_POINT('',#10383);
#3150=VERTEX_POINT('',#10387);
#3151=VERTEX_POINT('',#10391);
#3152=VERTEX_POINT('',#10393);
#3153=VERTEX_POINT('',#10397);
#3154=VERTEX_POINT('',#10399);
#3155=VERTEX_POINT('',#10403);
#3156=VERTEX_POINT('',#10405);
#3157=VERTEX_POINT('',#10409);
#3158=VERTEX_POINT('',#10411);
#3159=VERTEX_POINT('',#10415);
#3160=VERTEX_POINT('',#10417);
#3161=VERTEX_POINT('',#10439);
#3162=VERTEX_POINT('',#10444);
#3163=VERTEX_POINT('',#10451);
#3164=VERTEX_POINT('',#10452);
#3165=VERTEX_POINT('',#10457);
#3166=VERTEX_POINT('',#10467);
#3167=VERTEX_POINT('',#10519);
#3168=VERTEX_POINT('',#10520);
#3169=VERTEX_POINT('',#10522);
#3170=VERTEX_POINT('',#10524);
#3171=VERTEX_POINT('',#10528);
#3172=VERTEX_POINT('',#10529);
#3173=VERTEX_POINT('',#10531);
#3174=VERTEX_POINT('',#10533);
#3175=VERTEX_POINT('',#10537);
#3176=VERTEX_POINT('',#10539);
#3177=VERTEX_POINT('',#10543);
#3178=VERTEX_POINT('',#10544);
#3179=VERTEX_POINT('',#10546);
#3180=VERTEX_POINT('',#10550);
#3181=VERTEX_POINT('',#10551);
#3182=VERTEX_POINT('',#10553);
#3183=VERTEX_POINT('',#10555);
#3184=VERTEX_POINT('',#10557);
#3185=VERTEX_POINT('',#10561);
#3186=VERTEX_POINT('',#10563);
#3187=VERTEX_POINT('',#10565);
#3188=VERTEX_POINT('',#10570);
#3189=VERTEX_POINT('',#10572);
#3190=VERTEX_POINT('',#10574);
#3191=VERTEX_POINT('',#10576);
#3192=VERTEX_POINT('',#10578);
#3193=VERTEX_POINT('',#10582);
#3194=VERTEX_POINT('',#10583);
#3195=VERTEX_POINT('',#10585);
#3196=VERTEX_POINT('',#10589);
#3197=VERTEX_POINT('',#10591);
#3198=VERTEX_POINT('',#10599);
#3199=VERTEX_POINT('',#10600);
#3200=VERTEX_POINT('',#10605);
#3201=VERTEX_POINT('',#10617);
#3202=VERTEX_POINT('',#10661);
#3203=VERTEX_POINT('',#10663);
#3204=VERTEX_POINT('',#10665);
#3205=VERTEX_POINT('',#10667);
#3206=VERTEX_POINT('',#10669);
#3207=VERTEX_POINT('',#10673);
#3208=VERTEX_POINT('',#10681);
#3209=VERTEX_POINT('',#10758);
#3210=VERTEX_POINT('',#10760);
#3211=VERTEX_POINT('',#10762);
#3212=VERTEX_POINT('',#10764);
#3213=VERTEX_POINT('',#10769);
#3214=VERTEX_POINT('',#10773);
#3215=VERTEX_POINT('',#10774);
#3216=VERTEX_POINT('',#10777);
#3217=VERTEX_POINT('',#10784);
#3218=VERTEX_POINT('',#10786);
#3219=VERTEX_POINT('',#10824);
#3220=VERTEX_POINT('',#10825);
#3221=VERTEX_POINT('',#10870);
#3222=VERTEX_POINT('',#10884);
#3223=VERTEX_POINT('',#10900);
#3224=VERTEX_POINT('',#10904);
#3225=VERTEX_POINT('',#10905);
#3226=VERTEX_POINT('',#10913);
#3227=VERTEX_POINT('',#10917);
#3228=VERTEX_POINT('',#10921);
#3229=VERTEX_POINT('',#10925);
#3230=VERTEX_POINT('',#10947);
#3231=VERTEX_POINT('',#10957);
#3232=VERTEX_POINT('',#10959);
#3233=VERTEX_POINT('',#11001);
#3234=VERTEX_POINT('',#11015);
#3235=VERTEX_POINT('',#11016);
#3236=VERTEX_POINT('',#11021);
#3237=VERTEX_POINT('',#11025);
#3238=VERTEX_POINT('',#11026);
#3239=VERTEX_POINT('',#11031);
#3240=VERTEX_POINT('',#11034);
#3241=VERTEX_POINT('',#11039);
#3242=VERTEX_POINT('',#11046);
#3243=VERTEX_POINT('',#11050);
#3244=VERTEX_POINT('',#11054);
#3245=VERTEX_POINT('',#11061);
#3246=VERTEX_POINT('',#11062);
#3247=VERTEX_POINT('',#11064);
#3248=VERTEX_POINT('',#11066);
#3249=VERTEX_POINT('',#11070);
#3250=VERTEX_POINT('',#11071);
#3251=VERTEX_POINT('',#11073);
#3252=VERTEX_POINT('',#11075);
#3253=VERTEX_POINT('',#11079);
#3254=VERTEX_POINT('',#11081);
#3255=VERTEX_POINT('',#11085);
#3256=VERTEX_POINT('',#11087);
#3257=VERTEX_POINT('',#11096);
#3258=VERTEX_POINT('',#11098);
#3259=VERTEX_POINT('',#11102);
#3260=VERTEX_POINT('',#11104);
#3261=VERTEX_POINT('',#11137);
#3262=VERTEX_POINT('',#11138);
#3263=VERTEX_POINT('',#11152);
#3264=VERTEX_POINT('',#11167);
#3265=VERTEX_POINT('',#11187);
#3266=VERTEX_POINT('',#11189);
#3267=VERTEX_POINT('',#11195);
#3268=VERTEX_POINT('',#11196);
#3269=VERTEX_POINT('',#11203);
#3270=VERTEX_POINT('',#11210);
#3271=VERTEX_POINT('',#11224);
#3272=VERTEX_POINT('',#11231);
#3273=VERTEX_POINT('',#11279);
#3274=VERTEX_POINT('',#11294);
#3275=VERTEX_POINT('',#11299);
#3276=VERTEX_POINT('',#11336);
#3277=VERTEX_POINT('',#11391);
#3278=VERTEX_POINT('',#11396);
#3279=VERTEX_POINT('',#11408);
#3280=VERTEX_POINT('',#11409);
#3281=VERTEX_POINT('',#11411);
#3282=VERTEX_POINT('',#11413);
#3283=VERTEX_POINT('',#11417);
#3284=VERTEX_POINT('',#11419);
#3285=VERTEX_POINT('',#11442);
#3286=VERTEX_POINT('',#11446);
#3287=VERTEX_POINT('',#11492);
#3288=VERTEX_POINT('',#11520);
#3289=VERTEX_POINT('',#11527);
#3290=VERTEX_POINT('',#11528);
#3291=VERTEX_POINT('',#11530);
#3292=VERTEX_POINT('',#11532);
#3293=VERTEX_POINT('',#11536);
#3294=VERTEX_POINT('',#11538);
#3295=VERTEX_POINT('',#11561);
#3296=VERTEX_POINT('',#11565);
#3297=VERTEX_POINT('',#11611);
#3298=VERTEX_POINT('',#11639);
#3299=VERTEX_POINT('',#11646);
#3300=VERTEX_POINT('',#11647);
#3301=VERTEX_POINT('',#11649);
#3302=VERTEX_POINT('',#11651);
#3303=VERTEX_POINT('',#11655);
#3304=VERTEX_POINT('',#11657);
#3305=VERTEX_POINT('',#11661);
#3306=VERTEX_POINT('',#11663);
#3307=VERTEX_POINT('',#11672);
#3308=VERTEX_POINT('',#11673);
#3309=VERTEX_POINT('',#11675);
#3310=VERTEX_POINT('',#11677);
#3311=VERTEX_POINT('',#11681);
#3312=VERTEX_POINT('',#11683);
#3313=VERTEX_POINT('',#11687);
#3314=VERTEX_POINT('',#11689);
#3315=VERTEX_POINT('',#11698);
#3316=VERTEX_POINT('',#11699);
#3317=VERTEX_POINT('',#11701);
#3318=VERTEX_POINT('',#11703);
#3319=VERTEX_POINT('',#11707);
#3320=VERTEX_POINT('',#11709);
#3321=VERTEX_POINT('',#11713);
#3322=VERTEX_POINT('',#11715);
#3323=VERTEX_POINT('',#11724);
#3324=VERTEX_POINT('',#11725);
#3325=VERTEX_POINT('',#11727);
#3326=VERTEX_POINT('',#11729);
#3327=VERTEX_POINT('',#11733);
#3328=VERTEX_POINT('',#11735);
#3329=VERTEX_POINT('',#11758);
#3330=VERTEX_POINT('',#11762);
#3331=VERTEX_POINT('',#11808);
#3332=VERTEX_POINT('',#11836);
#3333=EDGE_CURVE('',#2759,#2760,#2637,.T.);
#3334=EDGE_CURVE('',#2760,#2761,#2638,.T.);
#3335=EDGE_CURVE('',#2761,#2762,#2639,.T.);
#3336=EDGE_CURVE('',#2762,#2759,#2640,.T.);
#3337=EDGE_CURVE('',#2759,#2763,#2641,.T.);
#3338=EDGE_CURVE('',#2764,#2763,#2642,.T.);
#3339=EDGE_CURVE('',#2764,#2760,#2643,.T.);
#3340=EDGE_CURVE('',#2765,#2762,#2644,.T.);
#3341=EDGE_CURVE('',#2763,#2765,#2645,.T.);
#3342=EDGE_CURVE('',#2765,#2766,#2646,.T.);
#3343=EDGE_CURVE('',#2766,#2764,#2647,.T.);
#3344=EDGE_CURVE('',#2761,#2766,#2648,.T.);
#3345=EDGE_CURVE('',#2761,#2767,#68,.T.);
#3346=EDGE_CURVE('',#2768,#2767,#69,.T.);
#3347=EDGE_CURVE('',#2766,#2768,#70,.T.);
#3348=EDGE_CURVE('',#2760,#2769,#71,.T.);
#3349=EDGE_CURVE('',#2767,#2769,#72,.T.);
#3350=EDGE_CURVE('',#2764,#2770,#73,.T.);
#3351=EDGE_CURVE('',#2769,#2770,#74,.T.);
#3352=EDGE_CURVE('',#2770,#2768,#75,.T.);
#3353=EDGE_CURVE('',#2771,#2772,#76,.T.);
#3354=EDGE_CURVE('',#2773,#2772,#77,.T.);
#3355=EDGE_CURVE('',#2773,#2774,#78,.T.);
#3356=EDGE_CURVE('',#2771,#2774,#79,.T.);
#3357=EDGE_CURVE('',#2775,#2776,#80,.T.);
#3358=EDGE_CURVE('',#2777,#2776,#81,.T.);
#3359=EDGE_CURVE('',#2777,#2778,#82,.T.);
#3360=EDGE_CURVE('',#2775,#2778,#83,.T.);
#3361=EDGE_CURVE('',#2771,#2776,#84,.T.);
#3362=EDGE_CURVE('',#2777,#2774,#85,.T.);
#3363=EDGE_CURVE('',#2776,#2779,#86,.T.);
#3364=EDGE_CURVE('',#2779,#2780,#87,.T.);
#3365=EDGE_CURVE('',#2780,#2771,#88,.T.);
#3366=EDGE_CURVE('',#2781,#2775,#89,.T.);
#3367=EDGE_CURVE('',#2782,#2781,#90,.T.);
#3368=EDGE_CURVE('',#2782,#2783,#91,.T.);
#3369=EDGE_CURVE('',#2779,#2783,#92,.T.);
#3370=EDGE_CURVE('',#2778,#2784,#93,.T.);
#3371=EDGE_CURVE('',#2785,#2784,#94,.T.);
#3372=EDGE_CURVE('',#2785,#2786,#95,.T.);
#3373=EDGE_CURVE('',#2781,#2786,#96,.T.);
#3374=EDGE_CURVE('',#2779,#2787,#97,.T.);
#3375=EDGE_CURVE('',#2788,#2787,#98,.T.);
#3376=EDGE_CURVE('',#2788,#2780,#99,.T.);
#3377=EDGE_CURVE('',#2789,#2782,#100,.T.);
#3378=EDGE_CURVE('',#2789,#2790,#101,.T.);
#3379=EDGE_CURVE('',#2790,#2787,#102,.T.);
#3380=EDGE_CURVE('',#2791,#2780,#103,.T.);
#3381=EDGE_CURVE('',#2788,#2792,#104,.T.);
#3382=EDGE_CURVE('',#2793,#2792,#105,.T.);
#3383=EDGE_CURVE('',#2794,#2793,#106,.T.);
#3384=EDGE_CURVE('',#2794,#2791,#107,.T.);
#3385=EDGE_CURVE('',#2795,#2794,#108,.T.);
#3386=EDGE_CURVE('',#2772,#2795,#109,.T.);
#3387=EDGE_CURVE('',#2796,#2773,#110,.T.);
#3388=EDGE_CURVE('',#2793,#2796,#111,.T.);
#3389=EDGE_CURVE('',#2774,#2788,#112,.T.);
#3390=EDGE_CURVE('',#2797,#2782,#113,.T.);
#3391=EDGE_CURVE('',#2797,#2798,#114,.T.);
#3392=EDGE_CURVE('',#2789,#2798,#115,.T.);
#3393=EDGE_CURVE('',#2799,#2793,#116,.T.);
#3394=EDGE_CURVE('',#2799,#2800,#117,.T.);
#3395=EDGE_CURVE('',#2794,#2800,#118,.T.);
#3396=EDGE_CURVE('',#2787,#2777,#119,.T.);
#3397=EDGE_CURVE('',#2784,#2789,#120,.T.);
#3398=EDGE_CURVE('',#2796,#2801,#121,.T.);
#3399=EDGE_CURVE('',#2801,#2799,#122,.T.);
#3400=EDGE_CURVE('',#2786,#2797,#123,.T.);
#3401=EDGE_CURVE('',#2802,#2795,#124,.T.);
#3402=EDGE_CURVE('',#2802,#2801,#125,.T.);
#3403=EDGE_CURVE('',#2800,#2802,#126,.T.);
#3404=EDGE_CURVE('',#2798,#2785,#127,.T.);
#3405=EDGE_CURVE('',#2803,#2804,#128,.T.);
#3406=EDGE_CURVE('',#2805,#2803,#129,.T.);
#3407=EDGE_CURVE('',#2805,#2806,#130,.T.);
#3408=EDGE_CURVE('',#2804,#2806,#131,.T.);
#3409=EDGE_CURVE('',#2807,#2803,#132,.T.);
#3410=EDGE_CURVE('',#2808,#2807,#133,.T.);
#3411=EDGE_CURVE('',#2808,#2809,#134,.T.);
#3412=EDGE_CURVE('',#2809,#2810,#135,.T.);
#3413=EDGE_CURVE('',#2810,#2811,#136,.T.);
#3414=EDGE_CURVE('',#2811,#2812,#137,.T.);
#3415=EDGE_CURVE('',#2812,#2805,#138,.T.);
#3416=EDGE_CURVE('',#2813,#2814,#139,.T.);
#3417=EDGE_CURVE('',#2813,#2815,#140,.T.);
#3418=EDGE_CURVE('',#2815,#2814,#141,.T.);
#3419=EDGE_CURVE('',#2816,#2817,#142,.T.);
#3420=EDGE_CURVE('',#2811,#2816,#143,.T.);
#3421=EDGE_CURVE('',#2817,#2810,#144,.T.);
#3422=EDGE_CURVE('',#2806,#2818,#145,.T.);
#3423=EDGE_CURVE('',#2812,#2818,#146,.T.);
#3424=EDGE_CURVE('',#2818,#2816,#147,.T.);
#3425=EDGE_CURVE('',#2804,#2819,#148,.T.);
#3426=EDGE_CURVE('',#2817,#2820,#149,.T.);
#3427=EDGE_CURVE('',#2820,#2815,#150,.T.);
#3428=EDGE_CURVE('',#2819,#2813,#151,.T.);
#3429=EDGE_CURVE('',#2814,#2821,#152,.T.);
#3430=EDGE_CURVE('',#2820,#2809,#153,.T.);
#3431=EDGE_CURVE('',#2822,#2808,#154,.T.);
#3432=EDGE_CURVE('',#2821,#2822,#155,.T.);
#3433=EDGE_CURVE('',#2823,#2821,#156,.T.);
#3434=EDGE_CURVE('',#2824,#2823,#157,.T.);
#3435=EDGE_CURVE('',#2825,#2824,#158,.T.);
#3436=EDGE_CURVE('',#2825,#2826,#159,.T.);
#3437=EDGE_CURVE('',#2826,#2827,#160,.T.);
#3438=EDGE_CURVE('',#2827,#2828,#161,.T.);
#3439=EDGE_CURVE('',#2829,#2828,#162,.T.);
#3440=EDGE_CURVE('',#2830,#2829,#163,.T.);
#3441=EDGE_CURVE('',#2819,#2830,#164,.T.);
#3442=EDGE_CURVE('',#2823,#2822,#165,.T.);
#3443=EDGE_CURVE('',#2831,#2832,#166,.T.);
#3444=EDGE_CURVE('',#2833,#2831,#167,.T.);
#3445=EDGE_CURVE('',#2833,#2834,#168,.T.);
#3446=EDGE_CURVE('',#2832,#2834,#169,.T.);
#3447=EDGE_CURVE('',#2828,#2831,#170,.T.);
#3448=EDGE_CURVE('',#2827,#2835,#171,.T.);
#3449=EDGE_CURVE('',#2835,#2836,#172,.T.);
#3450=EDGE_CURVE('',#2836,#2837,#173,.T.);
#3451=EDGE_CURVE('',#2837,#2838,#174,.T.);
#3452=EDGE_CURVE('',#2838,#2833,#175,.T.);
#3453=EDGE_CURVE('',#2835,#2826,#176,.T.);
#3454=EDGE_CURVE('',#2832,#2839,#177,.T.);
#3455=EDGE_CURVE('',#2834,#2840,#178,.T.);
#3456=EDGE_CURVE('',#2840,#2841,#179,.T.);
#3457=EDGE_CURVE('',#2841,#2842,#180,.T.);
#3458=EDGE_CURVE('',#2842,#2843,#181,.T.);
#3459=EDGE_CURVE('',#2839,#2843,#182,.T.);
#3460=EDGE_CURVE('',#2840,#2838,#183,.T.);
#3461=EDGE_CURVE('',#2841,#2837,#184,.T.);
#3462=EDGE_CURVE('',#2843,#2844,#185,.T.);
#3463=EDGE_CURVE('',#2836,#2842,#186,.T.);
#3464=EDGE_CURVE('',#2844,#2825,#187,.T.);
#3465=EDGE_CURVE('',#2807,#2845,#188,.T.);
#3466=EDGE_CURVE('',#2845,#2846,#189,.T.);
#3467=EDGE_CURVE('',#2839,#2846,#190,.T.);
#3468=EDGE_CURVE('',#2824,#2844,#191,.T.);
#3469=EDGE_CURVE('',#2846,#2847,#192,.T.);
#3470=EDGE_CURVE('',#2829,#2847,#193,.T.);
#3471=EDGE_CURVE('',#2847,#2848,#194,.T.);
#3472=EDGE_CURVE('',#2830,#2848,#195,.T.);
#3473=EDGE_CURVE('',#2848,#2845,#196,.T.);
#3474=EDGE_CURVE('',#2849,#2850,#2649,.T.);
#3475=EDGE_CURVE('',#2850,#2851,#2650,.T.);
#3476=EDGE_CURVE('',#2851,#2852,#2651,.T.);
#3477=EDGE_CURVE('',#2852,#2849,#2652,.T.);
#3478=EDGE_CURVE('',#2853,#2852,#197,.T.);
#3479=EDGE_CURVE('',#2854,#2853,#198,.T.);
#3480=EDGE_CURVE('',#2849,#2854,#199,.T.);
#3481=EDGE_CURVE('',#2855,#2851,#200,.T.);
#3482=EDGE_CURVE('',#2856,#2855,#201,.T.);
#3483=EDGE_CURVE('',#2856,#2853,#202,.T.);
#3484=EDGE_CURVE('',#2857,#2850,#203,.T.);
#3485=EDGE_CURVE('',#2855,#2857,#204,.T.);
#3486=EDGE_CURVE('',#2858,#2854,#205,.T.);
#3487=EDGE_CURVE('',#2857,#2858,#206,.T.);
#3488=EDGE_CURVE('',#2858,#2856,#207,.T.);
#3489=EDGE_CURVE('',#2859,#2860,#208,.T.);
#3490=EDGE_CURVE('',#2859,#2861,#209,.T.);
#3491=EDGE_CURVE('',#2862,#2861,#210,.T.);
#3492=EDGE_CURVE('',#2860,#2862,#211,.T.);
#3493=EDGE_CURVE('',#2860,#2863,#212,.T.);
#3494=EDGE_CURVE('',#2864,#2862,#213,.T.);
#3495=EDGE_CURVE('',#2863,#2864,#214,.T.);
#3496=EDGE_CURVE('',#2863,#2865,#215,.T.);
#3497=EDGE_CURVE('',#2866,#2864,#216,.T.);
#3498=EDGE_CURVE('',#2865,#2866,#217,.T.);
#3499=EDGE_CURVE('',#2865,#2859,#218,.T.);
#3500=EDGE_CURVE('',#2861,#2866,#219,.T.);
#3501=EDGE_CURVE('',#2867,#2868,#220,.T.);
#3502=EDGE_CURVE('',#2867,#2869,#221,.T.);
#3503=EDGE_CURVE('',#2870,#2869,#222,.T.);
#3504=EDGE_CURVE('',#2868,#2870,#223,.T.);
#3505=EDGE_CURVE('',#2871,#2868,#224,.T.);
#3506=EDGE_CURVE('',#2872,#2870,#225,.T.);
#3507=EDGE_CURVE('',#2871,#2872,#226,.T.);
#3508=EDGE_CURVE('',#2873,#2871,#227,.T.);
#3509=EDGE_CURVE('',#2874,#2872,#228,.T.);
#3510=EDGE_CURVE('',#2873,#2874,#229,.T.);
#3511=EDGE_CURVE('',#2873,#2867,#230,.T.);
#3512=EDGE_CURVE('',#2869,#2874,#231,.T.);
#3513=EDGE_CURVE('',#2875,#2876,#232,.T.);
#3514=EDGE_CURVE('',#2877,#2875,#233,.T.);
#3515=EDGE_CURVE('',#2878,#2877,#234,.T.);
#3516=EDGE_CURVE('',#2876,#2878,#235,.T.);
#3517=EDGE_CURVE('',#2879,#2878,#236,.T.);
#3518=EDGE_CURVE('',#2880,#2879,#2653,.T.);
#3519=EDGE_CURVE('',#2880,#2881,#237,.T.);
#3520=EDGE_CURVE('',#2876,#2881,#238,.T.);
#3521=EDGE_CURVE('',#2882,#2877,#239,.T.);
#3522=EDGE_CURVE('',#2879,#2882,#2654,.T.);
#3523=EDGE_CURVE('',#2882,#2883,#2655,.T.);
#3524=EDGE_CURVE('',#2883,#2880,#2656,.T.);
#3525=EDGE_CURVE('',#2884,#2883,#240,.T.);
#3526=EDGE_CURVE('',#2881,#2884,#241,.T.);
#3527=EDGE_CURVE('',#2884,#2875,#242,.T.);
#3528=EDGE_CURVE('',#2885,#2886,#243,.T.);
#3529=EDGE_CURVE('',#2887,#2885,#244,.T.);
#3530=EDGE_CURVE('',#2888,#2887,#245,.T.);
#3531=EDGE_CURVE('',#2886,#2888,#246,.T.);
#3532=EDGE_CURVE('',#2888,#2889,#247,.T.);
#3533=EDGE_CURVE('',#2890,#2889,#2657,.T.);
#3534=EDGE_CURVE('',#2890,#2891,#248,.T.);
#3535=EDGE_CURVE('',#2891,#2886,#249,.T.);
#3536=EDGE_CURVE('',#2892,#2887,#250,.T.);
#3537=EDGE_CURVE('',#2889,#2892,#2658,.T.);
#3538=EDGE_CURVE('',#2892,#2893,#2659,.T.);
#3539=EDGE_CURVE('',#2893,#2890,#2660,.T.);
#3540=EDGE_CURVE('',#2894,#2893,#251,.T.);
#3541=EDGE_CURVE('',#2894,#2891,#252,.T.);
#3542=EDGE_CURVE('',#2894,#2885,#253,.T.);
#3543=EDGE_CURVE('',#2895,#2896,#254,.T.);
#3544=EDGE_CURVE('',#2897,#2895,#255,.T.);
#3545=EDGE_CURVE('',#2898,#2897,#256,.T.);
#3546=EDGE_CURVE('',#2896,#2898,#257,.T.);
#3547=EDGE_CURVE('',#2899,#2898,#258,.T.);
#3548=EDGE_CURVE('',#2900,#2899,#2661,.T.);
#3549=EDGE_CURVE('',#2901,#2900,#259,.T.);
#3550=EDGE_CURVE('',#2896,#2901,#260,.T.);
#3551=EDGE_CURVE('',#2902,#2897,#261,.T.);
#3552=EDGE_CURVE('',#2899,#2902,#2662,.T.);
#3553=EDGE_CURVE('',#2902,#2903,#2663,.T.);
#3554=EDGE_CURVE('',#2903,#2900,#2664,.T.);
#3555=EDGE_CURVE('',#2904,#2903,#262,.T.);
#3556=EDGE_CURVE('',#2901,#2904,#263,.T.);
#3557=EDGE_CURVE('',#2904,#2895,#264,.T.);
#3558=EDGE_CURVE('',#2905,#2906,#265,.T.);
#3559=EDGE_CURVE('',#2906,#2907,#266,.T.);
#3560=EDGE_CURVE('',#2907,#2908,#267,.T.);
#3561=EDGE_CURVE('',#2908,#2905,#268,.T.);
#3562=EDGE_CURVE('',#2905,#2909,#269,.T.);
#3563=EDGE_CURVE('',#2910,#2908,#270,.T.);
#3564=EDGE_CURVE('',#2909,#2910,#271,.T.);
#3565=EDGE_CURVE('',#2909,#2911,#272,.T.);
#3566=EDGE_CURVE('',#2912,#2910,#273,.T.);
#3567=EDGE_CURVE('',#2911,#2912,#274,.T.);
#3568=EDGE_CURVE('',#2911,#2906,#275,.T.);
#3569=EDGE_CURVE('',#2912,#2907,#276,.T.);
#3570=EDGE_CURVE('',#2913,#2914,#277,.T.);
#3571=EDGE_CURVE('',#2913,#2915,#278,.T.);
#3572=EDGE_CURVE('',#2916,#2915,#279,.T.);
#3573=EDGE_CURVE('',#2914,#2916,#280,.T.);
#3574=EDGE_CURVE('',#2914,#2917,#281,.T.);
#3575=EDGE_CURVE('',#2918,#2916,#282,.T.);
#3576=EDGE_CURVE('',#2917,#2918,#283,.T.);
#3577=EDGE_CURVE('',#2917,#2919,#284,.T.);
#3578=EDGE_CURVE('',#2920,#2918,#285,.T.);
#3579=EDGE_CURVE('',#2919,#2920,#286,.T.);
#3580=EDGE_CURVE('',#2919,#2913,#287,.T.);
#3581=EDGE_CURVE('',#2915,#2920,#288,.T.);
#3582=EDGE_CURVE('',#2921,#2922,#289,.T.);
#3583=EDGE_CURVE('',#2923,#2921,#290,.T.);
#3584=EDGE_CURVE('',#2924,#2923,#291,.T.);
#3585=EDGE_CURVE('',#2925,#2924,#292,.T.);
#3586=EDGE_CURVE('',#2922,#2925,#293,.T.);
#3587=EDGE_CURVE('',#2924,#2926,#294,.T.);
#3588=EDGE_CURVE('',#2927,#2926,#295,.T.);
#3589=EDGE_CURVE('',#2925,#2927,#296,.T.);
#3590=EDGE_CURVE('',#2923,#2928,#297,.T.);
#3591=EDGE_CURVE('',#2926,#2928,#298,.T.);
#3592=EDGE_CURVE('',#2921,#2929,#299,.T.);
#3593=EDGE_CURVE('',#2928,#2929,#300,.T.);
#3594=EDGE_CURVE('',#2930,#2927,#301,.T.);
#3595=EDGE_CURVE('',#2922,#2930,#302,.T.);
#3596=EDGE_CURVE('',#2929,#2930,#303,.T.);
#3597=EDGE_CURVE('',#2931,#2932,#304,.T.);
#3598=EDGE_CURVE('',#2931,#2933,#305,.T.);
#3599=EDGE_CURVE('',#2934,#2933,#306,.T.);
#3600=EDGE_CURVE('',#2932,#2934,#307,.T.);
#3601=EDGE_CURVE('',#2932,#2935,#308,.T.);
#3602=EDGE_CURVE('',#2936,#2934,#309,.T.);
#3603=EDGE_CURVE('',#2935,#2936,#310,.T.);
#3604=EDGE_CURVE('',#2935,#2937,#311,.T.);
#3605=EDGE_CURVE('',#2938,#2936,#312,.T.);
#3606=EDGE_CURVE('',#2937,#2938,#313,.T.);
#3607=EDGE_CURVE('',#2937,#2931,#314,.T.);
#3608=EDGE_CURVE('',#2933,#2938,#315,.T.);
#3609=EDGE_CURVE('',#2939,#2940,#316,.T.);
#3610=EDGE_CURVE('',#2941,#2939,#317,.T.);
#3611=EDGE_CURVE('',#2942,#2941,#318,.T.);
#3612=EDGE_CURVE('',#2940,#2942,#319,.T.);
#3613=EDGE_CURVE('',#2943,#2940,#320,.T.);
#3614=EDGE_CURVE('',#2944,#2943,#321,.T.);
#3615=EDGE_CURVE('',#2939,#2944,#322,.T.);
#3616=EDGE_CURVE('',#2944,#2945,#323,.T.);
#3617=EDGE_CURVE('',#2945,#2946,#324,.T.);
#3618=EDGE_CURVE('',#2946,#2947,#325,.T.);
#3619=EDGE_CURVE('',#2947,#2941,#326,.T.);
#3620=EDGE_CURVE('',#2948,#2949,#327,.T.);
#3621=EDGE_CURVE('',#2947,#2948,#328,.T.);
#3622=EDGE_CURVE('',#2946,#2949,#329,.T.);
#3623=EDGE_CURVE('',#2942,#2948,#330,.T.);
#3624=EDGE_CURVE('',#2945,#2950,#331,.T.);
#3625=EDGE_CURVE('',#2949,#2950,#332,.T.);
#3626=EDGE_CURVE('',#2950,#2943,#333,.T.);
#3627=EDGE_CURVE('',#2951,#2952,#334,.T.);
#3628=EDGE_CURVE('',#2951,#2953,#335,.T.);
#3629=EDGE_CURVE('',#2954,#2953,#336,.T.);
#3630=EDGE_CURVE('',#2952,#2954,#337,.T.);
#3631=EDGE_CURVE('',#2953,#2955,#338,.T.);
#3632=EDGE_CURVE('',#2955,#2956,#339,.T.);
#3633=EDGE_CURVE('',#2956,#2957,#340,.T.);
#3634=EDGE_CURVE('',#2957,#2958,#341,.T.);
#3635=EDGE_CURVE('',#2958,#2954,#342,.T.);
#3636=EDGE_CURVE('',#2957,#2959,#343,.T.);
#3637=EDGE_CURVE('',#2960,#2959,#344,.T.);
#3638=EDGE_CURVE('',#2960,#2958,#345,.T.);
#3639=EDGE_CURVE('',#2952,#2960,#346,.T.);
#3640=EDGE_CURVE('',#2959,#2961,#347,.T.);
#3641=EDGE_CURVE('',#2956,#2961,#348,.T.);
#3642=EDGE_CURVE('',#2961,#2962,#349,.T.);
#3643=EDGE_CURVE('',#2962,#2955,#350,.T.);
#3644=EDGE_CURVE('',#2962,#2951,#351,.T.);
#3645=EDGE_CURVE('',#2963,#2964,#352,.T.);
#3646=EDGE_CURVE('',#2965,#2963,#353,.T.);
#3647=EDGE_CURVE('',#2966,#2965,#354,.T.);
#3648=EDGE_CURVE('',#2966,#2964,#355,.T.);
#3649=EDGE_CURVE('',#2964,#2967,#356,.T.);
#3650=EDGE_CURVE('',#2968,#2966,#357,.T.);
#3651=EDGE_CURVE('',#2967,#2968,#358,.T.);
#3652=EDGE_CURVE('',#2969,#2970,#359,.T.);
#3653=EDGE_CURVE('',#2969,#2971,#360,.T.);
#3654=EDGE_CURVE('',#2971,#2972,#361,.T.);
#3655=EDGE_CURVE('',#2970,#2972,#362,.T.);
#3656=EDGE_CURVE('',#2970,#2973,#363,.T.);
#3657=EDGE_CURVE('',#2972,#2974,#364,.T.);
#3658=EDGE_CURVE('',#2973,#2974,#365,.T.);
#3659=EDGE_CURVE('',#2975,#2963,#366,.T.);
#3660=EDGE_CURVE('',#2976,#2975,#367,.T.);
#3661=EDGE_CURVE('',#2965,#2976,#368,.T.);
#3662=EDGE_CURVE('',#2977,#2978,#369,.T.);
#3663=EDGE_CURVE('',#2971,#2977,#370,.T.);
#3664=EDGE_CURVE('',#2978,#2969,#371,.T.);
#3665=EDGE_CURVE('',#2974,#2977,#372,.T.);
#3666=EDGE_CURVE('',#2976,#2968,#373,.T.);
#3667=EDGE_CURVE('',#2967,#2975,#374,.T.);
#3668=EDGE_CURVE('',#2973,#2978,#375,.T.);
#3669=EDGE_CURVE('',#2979,#2980,#376,.T.);
#3670=EDGE_CURVE('',#2979,#2981,#2665,.T.);
#3671=EDGE_CURVE('',#2981,#2982,#377,.T.);
#3672=EDGE_CURVE('',#2982,#2983,#378,.T.);
#3673=EDGE_CURVE('',#2983,#2984,#379,.T.);
#3674=EDGE_CURVE('',#2984,#2985,#380,.T.);
#3675=EDGE_CURVE('',#2985,#2986,#381,.T.);
#3676=EDGE_CURVE('',#2986,#2987,#2666,.T.);
#3677=EDGE_CURVE('',#2987,#2988,#382,.T.);
#3678=EDGE_CURVE('',#2988,#2989,#383,.T.);
#3679=EDGE_CURVE('',#2989,#2990,#384,.T.);
#3680=EDGE_CURVE('',#2990,#2980,#385,.T.);
#3681=EDGE_CURVE('',#2991,#2984,#386,.T.);
#3682=EDGE_CURVE('',#2992,#2983,#387,.T.);
#3683=EDGE_CURVE('',#2992,#2991,#388,.T.);
#3684=EDGE_CURVE('',#2982,#2993,#389,.T.);
#3685=EDGE_CURVE('',#2993,#2992,#390,.T.);
#3686=EDGE_CURVE('',#2994,#2981,#2667,.T.);
#3687=EDGE_CURVE('',#2994,#2993,#391,.T.);
#3688=EDGE_CURVE('',#2995,#2979,#2668,.T.);
#3689=EDGE_CURVE('',#2994,#2995,#2669,.T.);
#3690=EDGE_CURVE('',#2996,#2997,#392,.T.);
#3691=EDGE_CURVE('',#2997,#2998,#393,.T.);
#3692=EDGE_CURVE('',#2996,#2998,#394,.T.);
#3693=EDGE_CURVE('',#2999,#3000,#395,.T.);
#3694=EDGE_CURVE('',#3000,#2992,#396,.T.);
#3695=EDGE_CURVE('',#2993,#2996,#397,.T.);
#3696=EDGE_CURVE('',#2998,#3001,#398,.T.);
#3697=EDGE_CURVE('',#3001,#2999,#399,.T.);
#3698=EDGE_CURVE('',#3002,#3003,#400,.T.);
#3699=EDGE_CURVE('',#3002,#3004,#401,.T.);
#3700=EDGE_CURVE('',#3004,#3005,#402,.T.);
#3701=EDGE_CURVE('',#3005,#3006,#403,.T.);
#3702=EDGE_CURVE('',#3006,#3003,#404,.T.);
#3703=EDGE_CURVE('',#3007,#3008,#2670,.T.);
#3704=EDGE_CURVE('',#3007,#3009,#405,.T.);
#3705=EDGE_CURVE('',#3010,#3009,#406,.T.);
#3706=EDGE_CURVE('',#3011,#3010,#407,.T.);
#3707=EDGE_CURVE('',#3012,#3011,#408,.T.);
#3708=EDGE_CURVE('',#3013,#3012,#409,.T.);
#3709=EDGE_CURVE('',#3008,#3013,#410,.T.);
#3710=EDGE_CURVE('',#3008,#3014,#2671,.T.);
#3711=EDGE_CURVE('',#3013,#3015,#411,.T.);
#3712=EDGE_CURVE('',#3015,#3014,#412,.T.);
#3713=EDGE_CURVE('',#3014,#3016,#2672,.T.);
#3714=EDGE_CURVE('',#3017,#3015,#413,.T.);
#3715=EDGE_CURVE('',#3017,#3006,#414,.T.);
#3716=EDGE_CURVE('',#3018,#3005,#415,.T.);
#3717=EDGE_CURVE('',#3019,#3018,#416,.T.);
#3718=EDGE_CURVE('',#3019,#3016,#417,.T.);
#3719=EDGE_CURVE('',#3020,#3021,#418,.T.);
#3720=EDGE_CURVE('',#3020,#3015,#419,.T.);
#3721=EDGE_CURVE('',#3013,#3021,#420,.T.);
#3722=EDGE_CURVE('',#3003,#3020,#421,.T.);
#3723=EDGE_CURVE('',#2988,#3019,#422,.T.);
#3724=EDGE_CURVE('',#3018,#3022,#423,.T.);
#3725=EDGE_CURVE('',#3022,#2989,#424,.T.);
#3726=EDGE_CURVE('',#3022,#3023,#425,.T.);
#3727=EDGE_CURVE('',#3023,#2990,#426,.T.);
#3728=EDGE_CURVE('',#3024,#3007,#2673,.T.);
#3729=EDGE_CURVE('',#3024,#3009,#427,.T.);
#3730=EDGE_CURVE('',#3016,#3025,#2674,.T.);
#3731=EDGE_CURVE('',#3019,#3026,#428,.T.);
#3732=EDGE_CURVE('',#3025,#3026,#429,.T.);
#3733=EDGE_CURVE('',#3025,#3027,#2675,.T.);
#3734=EDGE_CURVE('',#3026,#3028,#430,.T.);
#3735=EDGE_CURVE('',#3027,#3028,#431,.T.);
#3736=EDGE_CURVE('',#3027,#3029,#2676,.T.);
#3737=EDGE_CURVE('',#3028,#3029,#432,.T.);
#3738=EDGE_CURVE('',#3029,#2987,#2677,.T.);
#3739=EDGE_CURVE('',#3030,#2986,#433,.T.);
#3740=EDGE_CURVE('',#3030,#3031,#2678,.F.);
#3741=EDGE_CURVE('',#3031,#3024,#2679,.T.);
#3742=EDGE_CURVE('',#3004,#3032,#434,.T.);
#3743=EDGE_CURVE('',#3033,#3032,#435,.T.);
#3744=EDGE_CURVE('',#3033,#3034,#436,.T.);
#3745=EDGE_CURVE('',#3034,#3023,#437,.T.);
#3746=EDGE_CURVE('',#2997,#3001,#438,.T.);
#3747=EDGE_CURVE('',#3035,#3036,#439,.T.);
#3748=EDGE_CURVE('',#2999,#3035,#440,.T.);
#3749=EDGE_CURVE('',#3037,#2999,#441,.T.);
#3750=EDGE_CURVE('',#3036,#3037,#2680,.T.);
#3751=EDGE_CURVE('',#3037,#2994,#2681,.T.);
#3752=EDGE_CURVE('',#3038,#2995,#2682,.T.);
#3753=EDGE_CURVE('',#3038,#3037,#2683,.T.);
#3754=EDGE_CURVE('',#3039,#3040,#442,.T.);
#3755=EDGE_CURVE('',#3041,#3039,#443,.T.);
#3756=EDGE_CURVE('',#3034,#3041,#444,.T.);
#3757=EDGE_CURVE('',#3033,#3040,#445,.T.);
#3758=EDGE_CURVE('',#3040,#3042,#446,.T.);
#3759=EDGE_CURVE('',#3032,#3042,#447,.T.);
#3760=EDGE_CURVE('',#3042,#3002,#448,.T.);
#3761=EDGE_CURVE('',#3043,#2991,#449,.T.);
#3762=EDGE_CURVE('',#3000,#3043,#450,.T.);
#3763=EDGE_CURVE('',#3044,#3043,#451,.T.);
#3764=EDGE_CURVE('',#3044,#3035,#452,.T.);
#3765=EDGE_CURVE('',#3021,#3045,#453,.T.);
#3766=EDGE_CURVE('',#3045,#3011,#454,.T.);
#3767=EDGE_CURVE('',#3045,#3046,#455,.T.);
#3768=EDGE_CURVE('',#3046,#3010,#456,.T.);
#3769=EDGE_CURVE('',#3046,#3047,#457,.T.);
#3770=EDGE_CURVE('',#3048,#3031,#458,.T.);
#3771=EDGE_CURVE('',#3048,#3047,#459,.T.);
#3772=EDGE_CURVE('',#3047,#3049,#460,.T.);
#3773=EDGE_CURVE('',#3048,#3050,#461,.T.);
#3774=EDGE_CURVE('',#3049,#3050,#462,.T.);
#3775=EDGE_CURVE('',#3049,#3051,#463,.T.);
#3776=EDGE_CURVE('',#3050,#3051,#464,.T.);
#3777=EDGE_CURVE('',#3051,#3052,#465,.T.);
#3778=EDGE_CURVE('',#3048,#3052,#466,.T.);
#3779=EDGE_CURVE('',#3053,#3038,#2684,.T.);
#3780=EDGE_CURVE('',#3036,#3053,#2685,.T.);
#3781=EDGE_CURVE('',#3054,#3055,#467,.T.);
#3782=EDGE_CURVE('',#3052,#3055,#468,.T.);
#3783=EDGE_CURVE('',#3030,#3054,#469,.T.);
#3784=EDGE_CURVE('',#2985,#3054,#470,.T.);
#3785=EDGE_CURVE('',#3055,#3044,#471,.T.);
#3786=EDGE_CURVE('',#2980,#3056,#472,.T.);
#3787=EDGE_CURVE('',#3023,#3056,#473,.T.);
#3788=EDGE_CURVE('',#3056,#3057,#474,.T.);
#3789=EDGE_CURVE('',#3041,#3057,#475,.T.);
#3790=EDGE_CURVE('',#3057,#3058,#476,.T.);
#3791=EDGE_CURVE('',#3058,#3039,#477,.T.);
#3792=EDGE_CURVE('',#3058,#3053,#478,.T.);
#3793=EDGE_CURVE('',#3059,#3060,#479,.T.);
#3794=EDGE_CURVE('',#3059,#3061,#480,.T.);
#3795=EDGE_CURVE('',#3060,#3061,#2686,.T.);
#3796=EDGE_CURVE('',#3059,#3062,#481,.T.);
#3797=EDGE_CURVE('',#3063,#3059,#2687,.T.);
#3798=EDGE_CURVE('',#3063,#3064,#482,.T.);
#3799=EDGE_CURVE('',#3065,#3064,#2688,.T.);
#3800=EDGE_CURVE('',#3062,#3065,#483,.T.);
#3801=EDGE_CURVE('',#3065,#3066,#2689,.T.);
#3802=EDGE_CURVE('',#3064,#3067,#2690,.T.);
#3803=EDGE_CURVE('',#3066,#3067,#2691,.T.);
#3804=EDGE_CURVE('',#3068,#3063,#484,.T.);
#3805=EDGE_CURVE('',#3068,#3067,#485,.T.);
#3806=EDGE_CURVE('',#3069,#3059,#486,.T.);
#3807=EDGE_CURVE('',#3061,#3069,#2692,.T.);
#3808=EDGE_CURVE('',#3060,#3069,#2693,.T.);
#3809=EDGE_CURVE('',#3070,#3066,#487,.T.);
#3810=EDGE_CURVE('',#3070,#3071,#488,.T.);
#3811=EDGE_CURVE('',#3071,#3072,#489,.T.);
#3812=EDGE_CURVE('',#3072,#3062,#2694,.T.);
#3813=EDGE_CURVE('',#3059,#3073,#490,.T.);
#3814=EDGE_CURVE('',#3059,#3072,#491,.T.);
#3815=EDGE_CURVE('',#3073,#3071,#492,.T.);
#3816=EDGE_CURVE('',#3074,#3075,#493,.T.);
#3817=EDGE_CURVE('',#3075,#3076,#494,.T.);
#3818=EDGE_CURVE('',#3077,#3076,#495,.T.);
#3819=EDGE_CURVE('',#3074,#3077,#496,.T.);
#3820=EDGE_CURVE('',#3078,#3079,#497,.T.);
#3821=EDGE_CURVE('',#3076,#3078,#498,.T.);
#3822=EDGE_CURVE('',#3075,#3080,#499,.T.);
#3823=EDGE_CURVE('',#3079,#3080,#500,.T.);
#3824=EDGE_CURVE('',#3080,#3081,#501,.T.);
#3825=EDGE_CURVE('',#3080,#3082,#502,.T.);
#3826=EDGE_CURVE('',#3081,#3082,#503,.T.);
#3827=EDGE_CURVE('',#3083,#3078,#504,.T.);
#3828=EDGE_CURVE('',#3077,#3083,#505,.T.);
#3829=EDGE_CURVE('',#3084,#3080,#506,.T.);
#3830=EDGE_CURVE('',#3082,#3084,#507,.T.);
#3831=EDGE_CURVE('',#3081,#3084,#508,.T.);
#3832=EDGE_CURVE('',#3080,#3085,#509,.T.);
#3833=EDGE_CURVE('',#3079,#3085,#510,.T.);
#3834=EDGE_CURVE('',#3080,#3086,#511,.T.);
#3835=EDGE_CURVE('',#3086,#3087,#512,.T.);
#3836=EDGE_CURVE('',#3085,#3087,#513,.T.);
#3837=EDGE_CURVE('',#3088,#3068,#514,.T.);
#3838=EDGE_CURVE('',#3088,#3089,#515,.T.);
#3839=EDGE_CURVE('',#3067,#3089,#516,.T.);
#3840=EDGE_CURVE('',#3090,#3074,#517,.T.);
#3841=EDGE_CURVE('',#3091,#3077,#518,.T.);
#3842=EDGE_CURVE('',#3090,#3091,#519,.T.);
#3843=EDGE_CURVE('',#3066,#3083,#520,.T.);
#3844=EDGE_CURVE('',#3089,#3091,#521,.T.);
#3845=EDGE_CURVE('',#3083,#3092,#522,.T.);
#3846=EDGE_CURVE('',#3092,#3070,#523,.T.);
#3847=EDGE_CURVE('',#3093,#3086,#524,.T.);
#3848=EDGE_CURVE('',#3093,#3092,#525,.T.);
#3849=EDGE_CURVE('',#3087,#3092,#526,.T.);
#3850=EDGE_CURVE('',#3073,#3094,#527,.T.);
#3851=EDGE_CURVE('',#3094,#3070,#528,.T.);
#3852=EDGE_CURVE('',#3094,#3093,#529,.T.);
#3853=EDGE_CURVE('',#3095,#3096,#530,.T.);
#3854=EDGE_CURVE('',#3097,#3095,#531,.T.);
#3855=EDGE_CURVE('',#3097,#3098,#532,.T.);
#3856=EDGE_CURVE('',#3096,#3098,#2695,.T.);
#3857=EDGE_CURVE('',#3099,#3100,#533,.T.);
#3858=EDGE_CURVE('',#3101,#3100,#534,.T.);
#3859=EDGE_CURVE('',#3102,#3101,#535,.T.);
#3860=EDGE_CURVE('',#3102,#3099,#536,.T.);
#3861=EDGE_CURVE('',#3103,#3101,#537,.T.);
#3862=EDGE_CURVE('',#3104,#3103,#538,.T.);
#3863=EDGE_CURVE('',#3104,#3102,#539,.T.);
#3864=EDGE_CURVE('',#3105,#3103,#540,.T.);
#3865=EDGE_CURVE('',#3105,#3106,#541,.T.);
#3866=EDGE_CURVE('',#3106,#3107,#542,.T.);
#3867=EDGE_CURVE('',#3107,#3108,#543,.T.);
#3868=EDGE_CURVE('',#3108,#3104,#544,.T.);
#3869=EDGE_CURVE('',#3109,#3105,#545,.T.);
#3870=EDGE_CURVE('',#3110,#3109,#546,.T.);
#3871=EDGE_CURVE('',#3110,#3106,#547,.T.);
#3872=EDGE_CURVE('',#3111,#3109,#548,.T.);
#3873=EDGE_CURVE('',#3111,#3112,#549,.T.);
#3874=EDGE_CURVE('',#3112,#3110,#550,.T.);
#3875=EDGE_CURVE('',#3113,#3111,#551,.T.);
#3876=EDGE_CURVE('',#3113,#3114,#552,.T.);
#3877=EDGE_CURVE('',#3114,#3115,#553,.T.);
#3878=EDGE_CURVE('',#3115,#3116,#554,.T.);
#3879=EDGE_CURVE('',#3117,#3116,#555,.T.);
#3880=EDGE_CURVE('',#3117,#3112,#556,.T.);
#3881=EDGE_CURVE('',#3118,#3113,#557,.T.);
#3882=EDGE_CURVE('',#3119,#3118,#558,.T.);
#3883=EDGE_CURVE('',#3120,#3119,#559,.T.);
#3884=EDGE_CURVE('',#3120,#3115,#560,.T.);
#3885=EDGE_CURVE('',#3121,#3090,#561,.T.);
#3886=EDGE_CURVE('',#3098,#3121,#2696,.T.);
#3887=EDGE_CURVE('',#3122,#3097,#562,.T.);
#3888=EDGE_CURVE('',#3122,#3099,#563,.T.);
#3889=EDGE_CURVE('',#3123,#3108,#564,.T.);
#3890=EDGE_CURVE('',#3116,#3123,#565,.T.);
#3891=EDGE_CURVE('',#3124,#3120,#566,.T.);
#3892=EDGE_CURVE('',#3125,#3124,#567,.T.);
#3893=EDGE_CURVE('',#3086,#3125,#568,.T.);
#3894=EDGE_CURVE('',#3073,#3126,#569,.T.);
#3895=EDGE_CURVE('',#3125,#3126,#570,.T.);
#3896=EDGE_CURVE('',#3126,#3127,#571,.T.);
#3897=EDGE_CURVE('',#3127,#3124,#572,.T.);
#3898=EDGE_CURVE('',#3127,#3118,#573,.T.);
#3899=EDGE_CURVE('',#3123,#3128,#574,.T.);
#3900=EDGE_CURVE('',#3128,#3117,#575,.T.);
#3901=EDGE_CURVE('',#3128,#3107,#576,.T.);
#3902=EDGE_CURVE('',#3129,#3130,#577,.T.);
#3903=EDGE_CURVE('',#3130,#3122,#578,.T.);
#3904=EDGE_CURVE('',#3129,#3095,#579,.T.);
#3905=EDGE_CURVE('',#3131,#3129,#580,.T.);
#3906=EDGE_CURVE('',#3131,#3130,#581,.T.);
#3907=EDGE_CURVE('',#3100,#3131,#582,.T.);
#3908=EDGE_CURVE('',#3088,#3132,#583,.T.);
#3909=EDGE_CURVE('',#3096,#3132,#2697,.T.);
#3910=EDGE_CURVE('',#3132,#3121,#2698,.T.);
#3911=EDGE_CURVE('',#3133,#3134,#584,.T.);
#3912=EDGE_CURVE('',#3133,#3135,#2699,.T.);
#3913=EDGE_CURVE('',#3135,#3136,#585,.T.);
#3914=EDGE_CURVE('',#3136,#3137,#586,.T.);
#3915=EDGE_CURVE('',#3137,#3138,#587,.T.);
#3916=EDGE_CURVE('',#3138,#3139,#588,.T.);
#3917=EDGE_CURVE('',#3139,#3140,#589,.T.);
#3918=EDGE_CURVE('',#3140,#3141,#590,.T.);
#3919=EDGE_CURVE('',#3141,#3142,#591,.T.);
#3920=EDGE_CURVE('',#3142,#3143,#592,.T.);
#3921=EDGE_CURVE('',#3143,#3144,#593,.T.);
#3922=EDGE_CURVE('',#3144,#3134,#594,.T.);
#3923=EDGE_CURVE('',#3145,#3146,#595,.T.);
#3924=EDGE_CURVE('',#3146,#3137,#596,.T.);
#3925=EDGE_CURVE('',#3136,#3145,#597,.T.);
#3926=EDGE_CURVE('',#3147,#3145,#598,.T.);
#3927=EDGE_CURVE('',#3147,#3135,#2700,.T.);
#3928=EDGE_CURVE('',#3142,#3148,#599,.T.);
#3929=EDGE_CURVE('',#3148,#3149,#600,.T.);
#3930=EDGE_CURVE('',#3149,#3143,#601,.T.);
#3931=EDGE_CURVE('',#3141,#3150,#602,.T.);
#3932=EDGE_CURVE('',#3150,#3148,#603,.T.);
#3933=EDGE_CURVE('',#3151,#3138,#604,.T.);
#3934=EDGE_CURVE('',#3146,#3152,#605,.T.);
#3935=EDGE_CURVE('',#3152,#3151,#606,.T.);
#3936=EDGE_CURVE('',#3134,#3153,#607,.T.);
#3937=EDGE_CURVE('',#3154,#3144,#608,.T.);
#3938=EDGE_CURVE('',#3154,#3153,#609,.T.);
#3939=EDGE_CURVE('',#3155,#3154,#610,.T.);
#3940=EDGE_CURVE('',#3149,#3156,#611,.T.);
#3941=EDGE_CURVE('',#3155,#3156,#612,.T.);
#3942=EDGE_CURVE('',#3157,#3155,#613,.T.);
#3943=EDGE_CURVE('',#3156,#3158,#614,.T.);
#3944=EDGE_CURVE('',#3158,#3157,#615,.T.);
#3945=EDGE_CURVE('',#3159,#3157,#616,.T.);
#3946=EDGE_CURVE('',#3160,#3158,#617,.T.);
#3947=EDGE_CURVE('',#3159,#3160,#2701,.T.);
#3948=EDGE_CURVE('',#3161,#3159,#2702,.T.);
#3949=EDGE_CURVE('',#3162,#3160,#2703,.T.);
#3950=EDGE_CURVE('',#3161,#3162,#618,.T.);
#3951=EDGE_CURVE('',#3163,#3164,#619,.T.);
#3952=EDGE_CURVE('',#3164,#3161,#620,.T.);
#3953=EDGE_CURVE('',#3163,#3162,#621,.T.);
#3954=EDGE_CURVE('',#3165,#3163,#622,.T.);
#3955=EDGE_CURVE('',#3165,#3150,#623,.T.);
#3956=EDGE_CURVE('',#3140,#3165,#624,.T.);
#3957=EDGE_CURVE('',#3151,#3139,#625,.T.);
#3958=EDGE_CURVE('',#3164,#3152,#626,.T.);
#3959=EDGE_CURVE('',#3153,#3166,#627,.T.);
#3960=EDGE_CURVE('',#3166,#3147,#2704,.T.);
#3961=EDGE_CURVE('',#3166,#3133,#2705,.T.);
#3962=EDGE_CURVE('',#3167,#3168,#628,.T.);
#3963=EDGE_CURVE('',#3168,#3169,#629,.T.);
#3964=EDGE_CURVE('',#3170,#3169,#630,.T.);
#3965=EDGE_CURVE('',#3170,#3167,#631,.T.);
#3966=EDGE_CURVE('',#3171,#3172,#632,.T.);
#3967=EDGE_CURVE('',#3173,#3172,#633,.T.);
#3968=EDGE_CURVE('',#3173,#3174,#634,.T.);
#3969=EDGE_CURVE('',#3174,#3171,#635,.T.);
#3970=EDGE_CURVE('',#3175,#3171,#636,.T.);
#3971=EDGE_CURVE('',#3174,#3176,#637,.T.);
#3972=EDGE_CURVE('',#3175,#3176,#638,.T.);
#3973=EDGE_CURVE('',#3177,#3178,#639,.T.);
#3974=EDGE_CURVE('',#3179,#3178,#640,.T.);
#3975=EDGE_CURVE('',#3177,#3179,#641,.T.);
#3976=EDGE_CURVE('',#3180,#3181,#642,.T.);
#3977=EDGE_CURVE('',#3181,#3182,#643,.T.);
#3978=EDGE_CURVE('',#3182,#3183,#644,.T.);
#3979=EDGE_CURVE('',#3183,#3184,#645,.T.);
#3980=EDGE_CURVE('',#3184,#3180,#646,.T.);
#3981=EDGE_CURVE('',#3185,#3180,#647,.T.);
#3982=EDGE_CURVE('',#3186,#3184,#648,.T.);
#3983=EDGE_CURVE('',#3187,#3186,#2706,.T.);
#3984=EDGE_CURVE('',#3187,#3188,#649,.T.);
#3985=EDGE_CURVE('',#3188,#3189,#650,.T.);
#3986=EDGE_CURVE('',#3189,#3190,#651,.T.);
#3987=EDGE_CURVE('',#3191,#3190,#652,.T.);
#3988=EDGE_CURVE('',#3191,#3192,#653,.T.);
#3989=EDGE_CURVE('',#3192,#3185,#654,.T.);
#3990=EDGE_CURVE('',#3193,#3194,#655,.T.);
#3991=EDGE_CURVE('',#3194,#3195,#656,.T.);
#3992=EDGE_CURVE('',#3195,#3193,#657,.T.);
#3993=EDGE_CURVE('',#3196,#3193,#658,.T.);
#3994=EDGE_CURVE('',#3197,#3195,#659,.T.);
#3995=EDGE_CURVE('',#3196,#3197,#660,.T.);
#3996=EDGE_CURVE('',#3172,#3196,#661,.T.);
#3997=EDGE_CURVE('',#3197,#3191,#662,.T.);
#3998=EDGE_CURVE('',#3190,#3173,#663,.T.);
#3999=EDGE_CURVE('',#3198,#3199,#664,.T.);
#4000=EDGE_CURVE('',#3189,#3199,#665,.T.);
#4001=EDGE_CURVE('',#3188,#3198,#666,.T.);
#4002=EDGE_CURVE('',#3194,#3200,#667,.T.);
#4003=EDGE_CURVE('',#3200,#3197,#668,.T.);
#4004=EDGE_CURVE('',#3198,#3187,#2707,.T.);
#4005=EDGE_CURVE('',#3186,#3201,#2708,.T.);
#4006=EDGE_CURVE('',#3183,#3202,#669,.T.);
#4007=EDGE_CURVE('',#3203,#3202,#670,.T.);
#4008=EDGE_CURVE('',#3204,#3203,#671,.T.);
#4009=EDGE_CURVE('',#3205,#3204,#672,.T.);
#4010=EDGE_CURVE('',#3206,#3205,#673,.T.);
#4011=EDGE_CURVE('',#3201,#3206,#674,.T.);
#4012=EDGE_CURVE('',#3201,#3207,#2709,.T.);
#4013=EDGE_CURVE('',#3206,#3176,#675,.T.);
#4014=EDGE_CURVE('',#3176,#3207,#676,.T.);
#4015=EDGE_CURVE('',#3207,#3208,#2710,.T.);
#4016=EDGE_CURVE('',#3190,#3208,#677,.T.);
#4017=EDGE_CURVE('',#3208,#3199,#2711,.T.);
#4018=EDGE_CURVE('',#3182,#3209,#678,.T.);
#4019=EDGE_CURVE('',#3209,#3210,#679,.T.);
#4020=EDGE_CURVE('',#3211,#3210,#680,.T.);
#4021=EDGE_CURVE('',#3212,#3211,#2712,.T.);
#4022=EDGE_CURVE('',#3212,#3213,#681,.T.);
#4023=EDGE_CURVE('',#3202,#3213,#682,.T.);
#4024=EDGE_CURVE('',#3214,#3215,#683,.T.);
#4025=EDGE_CURVE('',#3214,#3177,#684,.T.);
#4026=EDGE_CURVE('',#3179,#3216,#685,.T.);
#4027=EDGE_CURVE('',#3216,#3170,#686,.T.);
#4028=EDGE_CURVE('',#3169,#3215,#687,.T.);
#4029=EDGE_CURVE('',#3178,#3216,#688,.T.);
#4030=EDGE_CURVE('',#3217,#3167,#689,.T.);
#4031=EDGE_CURVE('',#3218,#3170,#690,.T.);
#4032=EDGE_CURVE('',#3217,#3218,#2713,.T.);
#4033=EDGE_CURVE('',#3219,#3220,#2714,.T.);
#4034=EDGE_CURVE('',#3219,#3217,#2715,.T.);
#4035=EDGE_CURVE('',#3220,#3218,#2716,.T.);
#4036=EDGE_CURVE('',#3220,#3221,#2717,.T.);
#4037=EDGE_CURVE('',#3218,#3222,#2718,.T.);
#4038=EDGE_CURVE('',#3222,#3221,#2719,.T.);
#4039=EDGE_CURVE('',#3222,#3214,#691,.T.);
#4040=EDGE_CURVE('',#3181,#3223,#692,.T.);
#4041=EDGE_CURVE('',#3223,#3209,#693,.T.);
#4042=EDGE_CURVE('',#3224,#3225,#694,.T.);
#4043=EDGE_CURVE('',#3222,#3225,#2720,.T.);
#4044=EDGE_CURVE('',#3224,#3214,#695,.T.);
#4045=EDGE_CURVE('',#3226,#3175,#696,.T.);
#4046=EDGE_CURVE('',#3206,#3226,#697,.T.);
#4047=EDGE_CURVE('',#3227,#3226,#698,.T.);
#4048=EDGE_CURVE('',#3227,#3203,#699,.T.);
#4049=EDGE_CURVE('',#3228,#3227,#700,.T.);
#4050=EDGE_CURVE('',#3213,#3228,#701,.T.);
#4051=EDGE_CURVE('',#3229,#3228,#702,.T.);
#4052=EDGE_CURVE('',#3229,#3212,#2721,.T.);
#4053=EDGE_CURVE('',#3230,#3229,#2722,.T.);
#4054=EDGE_CURVE('',#3230,#3211,#2723,.F.);
#4055=EDGE_CURVE('',#3231,#3230,#703,.T.);
#4056=EDGE_CURVE('',#3210,#3232,#2724,.T.);
#4057=EDGE_CURVE('',#3232,#3231,#704,.T.);
#4058=EDGE_CURVE('',#3221,#3233,#2725,.T.);
#4059=EDGE_CURVE('',#3225,#3233,#2726,.T.);
#4060=EDGE_CURVE('',#3234,#3235,#705,.T.);
#4061=EDGE_CURVE('',#3235,#3185,#706,.T.);
#4062=EDGE_CURVE('',#3234,#3192,#707,.T.);
#4063=EDGE_CURVE('',#3236,#3234,#708,.T.);
#4064=EDGE_CURVE('',#3200,#3236,#709,.T.);
#4065=EDGE_CURVE('',#3237,#3238,#710,.T.);
#4066=EDGE_CURVE('',#3215,#3238,#711,.T.);
#4067=EDGE_CURVE('',#3169,#3237,#712,.T.);
#4068=EDGE_CURVE('',#3239,#3219,#713,.T.);
#4069=EDGE_CURVE('',#3223,#3239,#714,.T.);
#4070=EDGE_CURVE('',#3235,#3240,#715,.T.);
#4071=EDGE_CURVE('',#3168,#3240,#716,.T.);
#4072=EDGE_CURVE('',#3237,#3240,#717,.T.);
#4073=EDGE_CURVE('',#3241,#3236,#718,.T.);
#4074=EDGE_CURVE('',#3241,#3238,#719,.T.);
#4075=EDGE_CURVE('',#3241,#3224,#720,.T.);
#4076=EDGE_CURVE('',#3233,#3242,#721,.T.);
#4077=EDGE_CURVE('',#3242,#3231,#722,.T.);
#4078=EDGE_CURVE('',#3242,#3243,#723,.T.);
#4079=EDGE_CURVE('',#3232,#3243,#724,.T.);
#4080=EDGE_CURVE('',#3243,#3244,#725,.T.);
#4081=EDGE_CURVE('',#3209,#3244,#726,.T.);
#4082=EDGE_CURVE('',#3244,#3239,#727,.T.);
#4083=EDGE_CURVE('',#3245,#3246,#728,.T.);
#4084=EDGE_CURVE('',#3245,#3247,#729,.T.);
#4085=EDGE_CURVE('',#3248,#3247,#730,.T.);
#4086=EDGE_CURVE('',#3246,#3248,#731,.T.);
#4087=EDGE_CURVE('',#3249,#3250,#732,.T.);
#4088=EDGE_CURVE('',#3251,#3250,#733,.T.);
#4089=EDGE_CURVE('',#3252,#3251,#734,.T.);
#4090=EDGE_CURVE('',#3249,#3252,#735,.T.);
#4091=EDGE_CURVE('',#3253,#3249,#736,.T.);
#4092=EDGE_CURVE('',#3254,#3252,#737,.T.);
#4093=EDGE_CURVE('',#3253,#3254,#738,.T.);
#4094=EDGE_CURVE('',#3255,#3253,#739,.T.);
#4095=EDGE_CURVE('',#3256,#3254,#740,.T.);
#4096=EDGE_CURVE('',#3255,#3256,#741,.T.);
#4097=EDGE_CURVE('',#3255,#3245,#742,.T.);
#4098=EDGE_CURVE('',#3247,#3256,#743,.T.);
#4099=EDGE_CURVE('',#3248,#3251,#744,.T.);
#4100=EDGE_CURVE('',#3257,#3245,#745,.T.);
#4101=EDGE_CURVE('',#3257,#3258,#746,.T.);
#4102=EDGE_CURVE('',#3258,#3255,#747,.T.);
#4103=EDGE_CURVE('',#3259,#3253,#748,.T.);
#4104=EDGE_CURVE('',#3259,#3260,#749,.T.);
#4105=EDGE_CURVE('',#3260,#3249,#750,.T.);
#4106=EDGE_CURVE('',#3258,#3259,#751,.T.);
#4107=EDGE_CURVE('',#3261,#3262,#2727,.T.);
#4108=EDGE_CURVE('',#3262,#3263,#2728,.T.);
#4109=EDGE_CURVE('',#3263,#3264,#2729,.T.);
#4110=EDGE_CURVE('',#3264,#3261,#2730,.T.);
#4111=EDGE_CURVE('',#3265,#3250,#752,.T.);
#4112=EDGE_CURVE('',#3265,#3266,#753,.T.);
#4113=EDGE_CURVE('',#3246,#3266,#754,.T.);
#4114=EDGE_CURVE('',#3266,#3257,#755,.T.);
#4115=EDGE_CURVE('',#3267,#3268,#2731,.T.);
#4116=EDGE_CURVE('',#3269,#3267,#2732,.T.);
#4117=EDGE_CURVE('',#3270,#3269,#2733,.T.);
#4118=EDGE_CURVE('',#3271,#3270,#2734,.T.);
#4119=EDGE_CURVE('',#3272,#3271,#2735,.T.);
#4120=EDGE_CURVE('',#3262,#3272,#2736,.T.);
#4121=EDGE_CURVE('',#3268,#3261,#2737,.T.);
#4122=EDGE_CURVE('',#3260,#3265,#756,.T.);
#4123=EDGE_CURVE('',#3273,#3270,#2738,.T.);
#4124=EDGE_CURVE('',#3273,#3274,#2739,.T.);
#4125=EDGE_CURVE('',#3274,#3275,#2740,.T.);
#4126=EDGE_CURVE('',#3275,#3263,#2741,.T.);
#4127=EDGE_CURVE('',#3269,#3276,#2742,.T.);
#4128=EDGE_CURVE('',#3276,#3273,#2743,.T.);
#4129=EDGE_CURVE('',#3264,#3277,#2744,.T.);
#4130=EDGE_CURVE('',#3277,#3278,#2745,.T.);
#4131=EDGE_CURVE('',#3278,#3276,#2746,.T.);
#4132=EDGE_CURVE('',#3279,#3280,#757,.T.);
#4133=EDGE_CURVE('',#3281,#3279,#758,.T.);
#4134=EDGE_CURVE('',#3282,#3281,#759,.T.);
#4135=EDGE_CURVE('',#3280,#3282,#760,.T.);
#4136=EDGE_CURVE('',#3283,#3282,#761,.T.);
#4137=EDGE_CURVE('',#3284,#3283,#2747,.T.);
#4138=EDGE_CURVE('',#3284,#3285,#762,.T.);
#4139=EDGE_CURVE('',#3280,#3285,#763,.T.);
#4140=EDGE_CURVE('',#3286,#3281,#764,.T.);
#4141=EDGE_CURVE('',#3283,#3286,#2748,.T.);
#4142=EDGE_CURVE('',#3286,#3287,#2749,.T.);
#4143=EDGE_CURVE('',#3287,#3284,#2750,.T.);
#4144=EDGE_CURVE('',#3288,#3287,#765,.T.);
#4145=EDGE_CURVE('',#3285,#3288,#766,.T.);
#4146=EDGE_CURVE('',#3288,#3279,#767,.T.);
#4147=EDGE_CURVE('',#3289,#3290,#768,.T.);
#4148=EDGE_CURVE('',#3291,#3289,#769,.T.);
#4149=EDGE_CURVE('',#3292,#3291,#770,.T.);
#4150=EDGE_CURVE('',#3290,#3292,#771,.T.);
#4151=EDGE_CURVE('',#3292,#3293,#772,.T.);
#4152=EDGE_CURVE('',#3294,#3293,#2751,.T.);
#4153=EDGE_CURVE('',#3294,#3295,#773,.T.);
#4154=EDGE_CURVE('',#3295,#3290,#774,.T.);
#4155=EDGE_CURVE('',#3296,#3291,#775,.T.);
#4156=EDGE_CURVE('',#3293,#3296,#2752,.T.);
#4157=EDGE_CURVE('',#3296,#3297,#2753,.T.);
#4158=EDGE_CURVE('',#3297,#3294,#2754,.T.);
#4159=EDGE_CURVE('',#3298,#3297,#776,.T.);
#4160=EDGE_CURVE('',#3298,#3295,#777,.T.);
#4161=EDGE_CURVE('',#3298,#3289,#778,.T.);
#4162=EDGE_CURVE('',#3299,#3300,#779,.T.);
#4163=EDGE_CURVE('',#3300,#3301,#780,.T.);
#4164=EDGE_CURVE('',#3301,#3302,#781,.T.);
#4165=EDGE_CURVE('',#3302,#3299,#782,.T.);
#4166=EDGE_CURVE('',#3299,#3303,#783,.T.);
#4167=EDGE_CURVE('',#3304,#3302,#784,.T.);
#4168=EDGE_CURVE('',#3303,#3304,#785,.T.);
#4169=EDGE_CURVE('',#3303,#3305,#786,.T.);
#4170=EDGE_CURVE('',#3306,#3304,#787,.T.);
#4171=EDGE_CURVE('',#3305,#3306,#788,.T.);
#4172=EDGE_CURVE('',#3305,#3300,#789,.T.);
#4173=EDGE_CURVE('',#3306,#3301,#790,.T.);
#4174=EDGE_CURVE('',#3307,#3308,#791,.T.);
#4175=EDGE_CURVE('',#3307,#3309,#792,.T.);
#4176=EDGE_CURVE('',#3310,#3309,#793,.T.);
#4177=EDGE_CURVE('',#3308,#3310,#794,.T.);
#4178=EDGE_CURVE('',#3311,#3308,#795,.T.);
#4179=EDGE_CURVE('',#3312,#3310,#796,.T.);
#4180=EDGE_CURVE('',#3311,#3312,#797,.T.);
#4181=EDGE_CURVE('',#3313,#3311,#798,.T.);
#4182=EDGE_CURVE('',#3314,#3312,#799,.T.);
#4183=EDGE_CURVE('',#3313,#3314,#800,.T.);
#4184=EDGE_CURVE('',#3313,#3307,#801,.T.);
#4185=EDGE_CURVE('',#3309,#3314,#802,.T.);
#4186=EDGE_CURVE('',#3315,#3316,#803,.T.);
#4187=EDGE_CURVE('',#3315,#3317,#804,.T.);
#4188=EDGE_CURVE('',#3318,#3317,#805,.T.);
#4189=EDGE_CURVE('',#3316,#3318,#806,.T.);
#4190=EDGE_CURVE('',#3316,#3319,#807,.T.);
#4191=EDGE_CURVE('',#3320,#3318,#808,.T.);
#4192=EDGE_CURVE('',#3319,#3320,#809,.T.);
#4193=EDGE_CURVE('',#3319,#3321,#810,.T.);
#4194=EDGE_CURVE('',#3322,#3320,#811,.T.);
#4195=EDGE_CURVE('',#3321,#3322,#812,.T.);
#4196=EDGE_CURVE('',#3321,#3315,#813,.T.);
#4197=EDGE_CURVE('',#3317,#3322,#814,.T.);
#4198=EDGE_CURVE('',#3323,#3324,#815,.T.);
#4199=EDGE_CURVE('',#3325,#3323,#816,.T.);
#4200=EDGE_CURVE('',#3326,#3325,#817,.T.);
#4201=EDGE_CURVE('',#3324,#3326,#818,.T.);
#4202=EDGE_CURVE('',#3327,#3326,#819,.T.);
#4203=EDGE_CURVE('',#3328,#3327,#2755,.T.);
#4204=EDGE_CURVE('',#3329,#3328,#820,.T.);
#4205=EDGE_CURVE('',#3324,#3329,#821,.T.);
#4206=EDGE_CURVE('',#3330,#3325,#822,.T.);
#4207=EDGE_CURVE('',#3327,#3330,#2756,.T.);
#4208=EDGE_CURVE('',#3330,#3331,#2757,.T.);
#4209=EDGE_CURVE('',#3331,#3328,#2758,.T.);
#4210=EDGE_CURVE('',#3332,#3331,#823,.T.);
#4211=EDGE_CURVE('',#3329,#3332,#824,.T.);
#4212=EDGE_CURVE('',#3332,#3323,#825,.T.);
#4213=ORIENTED_EDGE('',*,*,#3333,.T.);
#4214=ORIENTED_EDGE('',*,*,#3334,.T.);
#4215=ORIENTED_EDGE('',*,*,#3335,.T.);
#4216=ORIENTED_EDGE('',*,*,#3336,.T.);
#4217=ORIENTED_EDGE('',*,*,#3333,.F.);
#4218=ORIENTED_EDGE('',*,*,#3337,.T.);
#4219=ORIENTED_EDGE('',*,*,#3338,.F.);
#4220=ORIENTED_EDGE('',*,*,#3339,.T.);
#4221=ORIENTED_EDGE('',*,*,#3336,.F.);
#4222=ORIENTED_EDGE('',*,*,#3340,.F.);
#4223=ORIENTED_EDGE('',*,*,#3341,.F.);
#4224=ORIENTED_EDGE('',*,*,#3337,.F.);
#4225=ORIENTED_EDGE('',*,*,#3342,.T.);
#4226=ORIENTED_EDGE('',*,*,#3343,.T.);
#4227=ORIENTED_EDGE('',*,*,#3338,.T.);
#4228=ORIENTED_EDGE('',*,*,#3341,.T.);
#4229=ORIENTED_EDGE('',*,*,#3335,.F.);
#4230=ORIENTED_EDGE('',*,*,#3344,.T.);
#4231=ORIENTED_EDGE('',*,*,#3342,.F.);
#4232=ORIENTED_EDGE('',*,*,#3340,.T.);
#4233=ORIENTED_EDGE('',*,*,#3344,.F.);
#4234=ORIENTED_EDGE('',*,*,#3345,.T.);
#4235=ORIENTED_EDGE('',*,*,#3346,.F.);
#4236=ORIENTED_EDGE('',*,*,#3347,.F.);
#4237=ORIENTED_EDGE('',*,*,#3334,.F.);
#4238=ORIENTED_EDGE('',*,*,#3348,.T.);
#4239=ORIENTED_EDGE('',*,*,#3349,.F.);
#4240=ORIENTED_EDGE('',*,*,#3345,.F.);
#4241=ORIENTED_EDGE('',*,*,#3339,.F.);
#4242=ORIENTED_EDGE('',*,*,#3350,.T.);
#4243=ORIENTED_EDGE('',*,*,#3351,.F.);
#4244=ORIENTED_EDGE('',*,*,#3348,.F.);
#4245=ORIENTED_EDGE('',*,*,#3343,.F.);
#4246=ORIENTED_EDGE('',*,*,#3347,.T.);
#4247=ORIENTED_EDGE('',*,*,#3352,.F.);
#4248=ORIENTED_EDGE('',*,*,#3350,.F.);
#4249=ORIENTED_EDGE('',*,*,#3352,.T.);
#4250=ORIENTED_EDGE('',*,*,#3346,.T.);
#4251=ORIENTED_EDGE('',*,*,#3349,.T.);
#4252=ORIENTED_EDGE('',*,*,#3351,.T.);
#4253=ORIENTED_EDGE('',*,*,#3353,.T.);
#4254=ORIENTED_EDGE('',*,*,#3354,.F.);
#4255=ORIENTED_EDGE('',*,*,#3355,.T.);
#4256=ORIENTED_EDGE('',*,*,#3356,.F.);
#4257=ORIENTED_EDGE('',*,*,#3357,.T.);
#4258=ORIENTED_EDGE('',*,*,#3358,.F.);
#4259=ORIENTED_EDGE('',*,*,#3359,.T.);
#4260=ORIENTED_EDGE('',*,*,#3360,.F.);
#4261=ORIENTED_EDGE('',*,*,#3361,.F.);
#4262=ORIENTED_EDGE('',*,*,#3356,.T.);
#4263=ORIENTED_EDGE('',*,*,#3362,.F.);
#4264=ORIENTED_EDGE('',*,*,#3358,.T.);
#4265=ORIENTED_EDGE('',*,*,#3361,.T.);
#4266=ORIENTED_EDGE('',*,*,#3363,.T.);
#4267=ORIENTED_EDGE('',*,*,#3364,.T.);
#4268=ORIENTED_EDGE('',*,*,#3365,.T.);
#4269=ORIENTED_EDGE('',*,*,#3357,.F.);
#4270=ORIENTED_EDGE('',*,*,#3366,.F.);
#4271=ORIENTED_EDGE('',*,*,#3367,.F.);
#4272=ORIENTED_EDGE('',*,*,#3368,.T.);
#4273=ORIENTED_EDGE('',*,*,#3369,.F.);
#4274=ORIENTED_EDGE('',*,*,#3363,.F.);
#4275=ORIENTED_EDGE('',*,*,#3360,.T.);
#4276=ORIENTED_EDGE('',*,*,#3370,.T.);
#4277=ORIENTED_EDGE('',*,*,#3371,.F.);
#4278=ORIENTED_EDGE('',*,*,#3372,.T.);
#4279=ORIENTED_EDGE('',*,*,#3373,.F.);
#4280=ORIENTED_EDGE('',*,*,#3366,.T.);
#4281=ORIENTED_EDGE('',*,*,#3364,.F.);
#4282=ORIENTED_EDGE('',*,*,#3374,.T.);
#4283=ORIENTED_EDGE('',*,*,#3375,.F.);
#4284=ORIENTED_EDGE('',*,*,#3376,.T.);
#4285=ORIENTED_EDGE('',*,*,#3369,.T.);
#4286=ORIENTED_EDGE('',*,*,#3368,.F.);
#4287=ORIENTED_EDGE('',*,*,#3377,.F.);
#4288=ORIENTED_EDGE('',*,*,#3378,.T.);
#4289=ORIENTED_EDGE('',*,*,#3379,.T.);
#4290=ORIENTED_EDGE('',*,*,#3374,.F.);
#4291=ORIENTED_EDGE('',*,*,#3380,.T.);
#4292=ORIENTED_EDGE('',*,*,#3376,.F.);
#4293=ORIENTED_EDGE('',*,*,#3381,.T.);
#4294=ORIENTED_EDGE('',*,*,#3382,.F.);
#4295=ORIENTED_EDGE('',*,*,#3383,.F.);
#4296=ORIENTED_EDGE('',*,*,#3384,.T.);
#4297=ORIENTED_EDGE('',*,*,#3365,.F.);
#4298=ORIENTED_EDGE('',*,*,#3380,.F.);
#4299=ORIENTED_EDGE('',*,*,#3384,.F.);
#4300=ORIENTED_EDGE('',*,*,#3385,.F.);
#4301=ORIENTED_EDGE('',*,*,#3386,.F.);
#4302=ORIENTED_EDGE('',*,*,#3353,.F.);
#4303=ORIENTED_EDGE('',*,*,#3387,.F.);
#4304=ORIENTED_EDGE('',*,*,#3388,.F.);
#4305=ORIENTED_EDGE('',*,*,#3382,.T.);
#4306=ORIENTED_EDGE('',*,*,#3381,.F.);
#4307=ORIENTED_EDGE('',*,*,#3389,.F.);
#4308=ORIENTED_EDGE('',*,*,#3355,.F.);
#4309=ORIENTED_EDGE('',*,*,#3377,.T.);
#4310=ORIENTED_EDGE('',*,*,#3390,.F.);
#4311=ORIENTED_EDGE('',*,*,#3391,.T.);
#4312=ORIENTED_EDGE('',*,*,#3392,.F.);
#4313=ORIENTED_EDGE('',*,*,#3383,.T.);
#4314=ORIENTED_EDGE('',*,*,#3393,.F.);
#4315=ORIENTED_EDGE('',*,*,#3394,.T.);
#4316=ORIENTED_EDGE('',*,*,#3395,.F.);
#4317=ORIENTED_EDGE('',*,*,#3362,.T.);
#4318=ORIENTED_EDGE('',*,*,#3389,.T.);
#4319=ORIENTED_EDGE('',*,*,#3375,.T.);
#4320=ORIENTED_EDGE('',*,*,#3396,.T.);
#4321=ORIENTED_EDGE('',*,*,#3396,.F.);
#4322=ORIENTED_EDGE('',*,*,#3379,.F.);
#4323=ORIENTED_EDGE('',*,*,#3378,.F.);
#4324=ORIENTED_EDGE('',*,*,#3397,.F.);
#4325=ORIENTED_EDGE('',*,*,#3370,.F.);
#4326=ORIENTED_EDGE('',*,*,#3359,.F.);
#4327=ORIENTED_EDGE('',*,*,#3388,.T.);
#4328=ORIENTED_EDGE('',*,*,#3398,.T.);
#4329=ORIENTED_EDGE('',*,*,#3399,.T.);
#4330=ORIENTED_EDGE('',*,*,#3393,.T.);
#4331=ORIENTED_EDGE('',*,*,#3367,.T.);
#4332=ORIENTED_EDGE('',*,*,#3373,.T.);
#4333=ORIENTED_EDGE('',*,*,#3400,.T.);
#4334=ORIENTED_EDGE('',*,*,#3390,.T.);
#4335=ORIENTED_EDGE('',*,*,#3354,.T.);
#4336=ORIENTED_EDGE('',*,*,#3386,.T.);
#4337=ORIENTED_EDGE('',*,*,#3401,.F.);
#4338=ORIENTED_EDGE('',*,*,#3402,.T.);
#4339=ORIENTED_EDGE('',*,*,#3398,.F.);
#4340=ORIENTED_EDGE('',*,*,#3387,.T.);
#4341=ORIENTED_EDGE('',*,*,#3394,.F.);
#4342=ORIENTED_EDGE('',*,*,#3399,.F.);
#4343=ORIENTED_EDGE('',*,*,#3402,.F.);
#4344=ORIENTED_EDGE('',*,*,#3403,.F.);
#4345=ORIENTED_EDGE('',*,*,#3397,.T.);
#4346=ORIENTED_EDGE('',*,*,#3392,.T.);
#4347=ORIENTED_EDGE('',*,*,#3404,.T.);
#4348=ORIENTED_EDGE('',*,*,#3371,.T.);
#4349=ORIENTED_EDGE('',*,*,#3385,.T.);
#4350=ORIENTED_EDGE('',*,*,#3395,.T.);
#4351=ORIENTED_EDGE('',*,*,#3403,.T.);
#4352=ORIENTED_EDGE('',*,*,#3401,.T.);
#4353=ORIENTED_EDGE('',*,*,#3405,.F.);
#4354=ORIENTED_EDGE('',*,*,#3406,.F.);
#4355=ORIENTED_EDGE('',*,*,#3407,.T.);
#4356=ORIENTED_EDGE('',*,*,#3408,.F.);
#4357=ORIENTED_EDGE('',*,*,#3409,.F.);
#4358=ORIENTED_EDGE('',*,*,#3410,.F.);
#4359=ORIENTED_EDGE('',*,*,#3411,.T.);
#4360=ORIENTED_EDGE('',*,*,#3412,.T.);
#4361=ORIENTED_EDGE('',*,*,#3413,.T.);
#4362=ORIENTED_EDGE('',*,*,#3414,.T.);
#4363=ORIENTED_EDGE('',*,*,#3415,.T.);
#4364=ORIENTED_EDGE('',*,*,#3406,.T.);
#4365=ORIENTED_EDGE('',*,*,#3416,.F.);
#4366=ORIENTED_EDGE('',*,*,#3417,.T.);
#4367=ORIENTED_EDGE('',*,*,#3418,.T.);
#4368=ORIENTED_EDGE('',*,*,#3419,.F.);
#4369=ORIENTED_EDGE('',*,*,#3420,.F.);
#4370=ORIENTED_EDGE('',*,*,#3413,.F.);
#4371=ORIENTED_EDGE('',*,*,#3421,.F.);
#4372=ORIENTED_EDGE('',*,*,#3422,.F.);
#4373=ORIENTED_EDGE('',*,*,#3407,.F.);
#4374=ORIENTED_EDGE('',*,*,#3415,.F.);
#4375=ORIENTED_EDGE('',*,*,#3423,.T.);
#4376=ORIENTED_EDGE('',*,*,#3424,.F.);
#4377=ORIENTED_EDGE('',*,*,#3423,.F.);
#4378=ORIENTED_EDGE('',*,*,#3414,.F.);
#4379=ORIENTED_EDGE('',*,*,#3420,.T.);
#4380=ORIENTED_EDGE('',*,*,#3425,.F.);
#4381=ORIENTED_EDGE('',*,*,#3408,.T.);
#4382=ORIENTED_EDGE('',*,*,#3422,.T.);
#4383=ORIENTED_EDGE('',*,*,#3424,.T.);
#4384=ORIENTED_EDGE('',*,*,#3419,.T.);
#4385=ORIENTED_EDGE('',*,*,#3426,.T.);
#4386=ORIENTED_EDGE('',*,*,#3427,.T.);
#4387=ORIENTED_EDGE('',*,*,#3417,.F.);
#4388=ORIENTED_EDGE('',*,*,#3428,.F.);
#4389=ORIENTED_EDGE('',*,*,#3429,.F.);
#4390=ORIENTED_EDGE('',*,*,#3418,.F.);
#4391=ORIENTED_EDGE('',*,*,#3427,.F.);
#4392=ORIENTED_EDGE('',*,*,#3430,.T.);
#4393=ORIENTED_EDGE('',*,*,#3411,.F.);
#4394=ORIENTED_EDGE('',*,*,#3431,.F.);
#4395=ORIENTED_EDGE('',*,*,#3432,.F.);
#4396=ORIENTED_EDGE('',*,*,#3426,.F.);
#4397=ORIENTED_EDGE('',*,*,#3421,.T.);
#4398=ORIENTED_EDGE('',*,*,#3412,.F.);
#4399=ORIENTED_EDGE('',*,*,#3430,.F.);
#4400=ORIENTED_EDGE('',*,*,#3428,.T.);
#4401=ORIENTED_EDGE('',*,*,#3416,.T.);
#4402=ORIENTED_EDGE('',*,*,#3429,.T.);
#4403=ORIENTED_EDGE('',*,*,#3433,.F.);
#4404=ORIENTED_EDGE('',*,*,#3434,.F.);
#4405=ORIENTED_EDGE('',*,*,#3435,.F.);
#4406=ORIENTED_EDGE('',*,*,#3436,.T.);
#4407=ORIENTED_EDGE('',*,*,#3437,.T.);
#4408=ORIENTED_EDGE('',*,*,#3438,.T.);
#4409=ORIENTED_EDGE('',*,*,#3439,.F.);
#4410=ORIENTED_EDGE('',*,*,#3440,.F.);
#4411=ORIENTED_EDGE('',*,*,#3441,.F.);
#4412=ORIENTED_EDGE('',*,*,#3432,.T.);
#4413=ORIENTED_EDGE('',*,*,#3442,.F.);
#4414=ORIENTED_EDGE('',*,*,#3433,.T.);
#4415=ORIENTED_EDGE('',*,*,#3443,.F.);
#4416=ORIENTED_EDGE('',*,*,#3444,.F.);
#4417=ORIENTED_EDGE('',*,*,#3445,.T.);
#4418=ORIENTED_EDGE('',*,*,#3446,.F.);
#4419=ORIENTED_EDGE('',*,*,#3447,.F.);
#4420=ORIENTED_EDGE('',*,*,#3438,.F.);
#4421=ORIENTED_EDGE('',*,*,#3448,.T.);
#4422=ORIENTED_EDGE('',*,*,#3449,.T.);
#4423=ORIENTED_EDGE('',*,*,#3450,.T.);
#4424=ORIENTED_EDGE('',*,*,#3451,.T.);
#4425=ORIENTED_EDGE('',*,*,#3452,.T.);
#4426=ORIENTED_EDGE('',*,*,#3444,.T.);
#4427=ORIENTED_EDGE('',*,*,#3437,.F.);
#4428=ORIENTED_EDGE('',*,*,#3453,.F.);
#4429=ORIENTED_EDGE('',*,*,#3448,.F.);
#4430=ORIENTED_EDGE('',*,*,#3454,.F.);
#4431=ORIENTED_EDGE('',*,*,#3446,.T.);
#4432=ORIENTED_EDGE('',*,*,#3455,.T.);
#4433=ORIENTED_EDGE('',*,*,#3456,.T.);
#4434=ORIENTED_EDGE('',*,*,#3457,.T.);
#4435=ORIENTED_EDGE('',*,*,#3458,.T.);
#4436=ORIENTED_EDGE('',*,*,#3459,.F.);
#4437=ORIENTED_EDGE('',*,*,#3452,.F.);
#4438=ORIENTED_EDGE('',*,*,#3460,.F.);
#4439=ORIENTED_EDGE('',*,*,#3455,.F.);
#4440=ORIENTED_EDGE('',*,*,#3445,.F.);
#4441=ORIENTED_EDGE('',*,*,#3451,.F.);
#4442=ORIENTED_EDGE('',*,*,#3461,.F.);
#4443=ORIENTED_EDGE('',*,*,#3456,.F.);
#4444=ORIENTED_EDGE('',*,*,#3460,.T.);
#4445=ORIENTED_EDGE('',*,*,#3462,.F.);
#4446=ORIENTED_EDGE('',*,*,#3458,.F.);
#4447=ORIENTED_EDGE('',*,*,#3463,.F.);
#4448=ORIENTED_EDGE('',*,*,#3449,.F.);
#4449=ORIENTED_EDGE('',*,*,#3453,.T.);
#4450=ORIENTED_EDGE('',*,*,#3436,.F.);
#4451=ORIENTED_EDGE('',*,*,#3464,.F.);
#4452=ORIENTED_EDGE('',*,*,#3461,.T.);
#4453=ORIENTED_EDGE('',*,*,#3450,.F.);
#4454=ORIENTED_EDGE('',*,*,#3463,.T.);
#4455=ORIENTED_EDGE('',*,*,#3457,.F.);
#4456=ORIENTED_EDGE('',*,*,#3410,.T.);
#4457=ORIENTED_EDGE('',*,*,#3465,.T.);
#4458=ORIENTED_EDGE('',*,*,#3466,.T.);
#4459=ORIENTED_EDGE('',*,*,#3467,.F.);
#4460=ORIENTED_EDGE('',*,*,#3459,.T.);
#4461=ORIENTED_EDGE('',*,*,#3462,.T.);
#4462=ORIENTED_EDGE('',*,*,#3468,.F.);
#4463=ORIENTED_EDGE('',*,*,#3434,.T.);
#4464=ORIENTED_EDGE('',*,*,#3442,.T.);
#4465=ORIENTED_EDGE('',*,*,#3431,.T.);
#4466=ORIENTED_EDGE('',*,*,#3400,.F.);
#4467=ORIENTED_EDGE('',*,*,#3372,.F.);
#4468=ORIENTED_EDGE('',*,*,#3404,.F.);
#4469=ORIENTED_EDGE('',*,*,#3391,.F.);
#4470=ORIENTED_EDGE('',*,*,#3464,.T.);
#4471=ORIENTED_EDGE('',*,*,#3435,.T.);
#4472=ORIENTED_EDGE('',*,*,#3468,.T.);
#4473=ORIENTED_EDGE('',*,*,#3454,.T.);
#4474=ORIENTED_EDGE('',*,*,#3467,.T.);
#4475=ORIENTED_EDGE('',*,*,#3469,.T.);
#4476=ORIENTED_EDGE('',*,*,#3470,.F.);
#4477=ORIENTED_EDGE('',*,*,#3439,.T.);
#4478=ORIENTED_EDGE('',*,*,#3447,.T.);
#4479=ORIENTED_EDGE('',*,*,#3443,.T.);
#4480=ORIENTED_EDGE('',*,*,#3471,.T.);
#4481=ORIENTED_EDGE('',*,*,#3472,.F.);
#4482=ORIENTED_EDGE('',*,*,#3440,.T.);
#4483=ORIENTED_EDGE('',*,*,#3470,.T.);
#4484=ORIENTED_EDGE('',*,*,#3425,.T.);
#4485=ORIENTED_EDGE('',*,*,#3441,.T.);
#4486=ORIENTED_EDGE('',*,*,#3472,.T.);
#4487=ORIENTED_EDGE('',*,*,#3473,.T.);
#4488=ORIENTED_EDGE('',*,*,#3465,.F.);
#4489=ORIENTED_EDGE('',*,*,#3409,.T.);
#4490=ORIENTED_EDGE('',*,*,#3405,.T.);
#4491=ORIENTED_EDGE('',*,*,#3466,.F.);
#4492=ORIENTED_EDGE('',*,*,#3473,.F.);
#4493=ORIENTED_EDGE('',*,*,#3471,.F.);
#4494=ORIENTED_EDGE('',*,*,#3469,.F.);
#4495=ORIENTED_EDGE('',*,*,#3474,.T.);
#4496=ORIENTED_EDGE('',*,*,#3475,.T.);
#4497=ORIENTED_EDGE('',*,*,#3476,.T.);
#4498=ORIENTED_EDGE('',*,*,#3477,.T.);
#4499=ORIENTED_EDGE('',*,*,#3477,.F.);
#4500=ORIENTED_EDGE('',*,*,#3478,.F.);
#4501=ORIENTED_EDGE('',*,*,#3479,.F.);
#4502=ORIENTED_EDGE('',*,*,#3480,.F.);
#4503=ORIENTED_EDGE('',*,*,#3476,.F.);
#4504=ORIENTED_EDGE('',*,*,#3481,.F.);
#4505=ORIENTED_EDGE('',*,*,#3482,.F.);
#4506=ORIENTED_EDGE('',*,*,#3483,.T.);
#4507=ORIENTED_EDGE('',*,*,#3478,.T.);
#4508=ORIENTED_EDGE('',*,*,#3475,.F.);
#4509=ORIENTED_EDGE('',*,*,#3484,.F.);
#4510=ORIENTED_EDGE('',*,*,#3485,.F.);
#4511=ORIENTED_EDGE('',*,*,#3481,.T.);
#4512=ORIENTED_EDGE('',*,*,#3474,.F.);
#4513=ORIENTED_EDGE('',*,*,#3480,.T.);
#4514=ORIENTED_EDGE('',*,*,#3486,.F.);
#4515=ORIENTED_EDGE('',*,*,#3487,.F.);
#4516=ORIENTED_EDGE('',*,*,#3484,.T.);
#4517=ORIENTED_EDGE('',*,*,#3479,.T.);
#4518=ORIENTED_EDGE('',*,*,#3483,.F.);
#4519=ORIENTED_EDGE('',*,*,#3488,.F.);
#4520=ORIENTED_EDGE('',*,*,#3486,.T.);
#4521=ORIENTED_EDGE('',*,*,#3488,.T.);
#4522=ORIENTED_EDGE('',*,*,#3482,.T.);
#4523=ORIENTED_EDGE('',*,*,#3485,.T.);
#4524=ORIENTED_EDGE('',*,*,#3487,.T.);
#4525=ORIENTED_EDGE('',*,*,#3489,.F.);
#4526=ORIENTED_EDGE('',*,*,#3490,.T.);
#4527=ORIENTED_EDGE('',*,*,#3491,.F.);
#4528=ORIENTED_EDGE('',*,*,#3492,.F.);
#4529=ORIENTED_EDGE('',*,*,#3493,.F.);
#4530=ORIENTED_EDGE('',*,*,#3492,.T.);
#4531=ORIENTED_EDGE('',*,*,#3494,.F.);
#4532=ORIENTED_EDGE('',*,*,#3495,.F.);
#4533=ORIENTED_EDGE('',*,*,#3496,.F.);
#4534=ORIENTED_EDGE('',*,*,#3495,.T.);
#4535=ORIENTED_EDGE('',*,*,#3497,.F.);
#4536=ORIENTED_EDGE('',*,*,#3498,.F.);
#4537=ORIENTED_EDGE('',*,*,#3499,.F.);
#4538=ORIENTED_EDGE('',*,*,#3498,.T.);
#4539=ORIENTED_EDGE('',*,*,#3500,.F.);
#4540=ORIENTED_EDGE('',*,*,#3490,.F.);
#4541=ORIENTED_EDGE('',*,*,#3499,.T.);
#4542=ORIENTED_EDGE('',*,*,#3489,.T.);
#4543=ORIENTED_EDGE('',*,*,#3493,.T.);
#4544=ORIENTED_EDGE('',*,*,#3496,.T.);
#4545=ORIENTED_EDGE('',*,*,#3500,.T.);
#4546=ORIENTED_EDGE('',*,*,#3497,.T.);
#4547=ORIENTED_EDGE('',*,*,#3494,.T.);
#4548=ORIENTED_EDGE('',*,*,#3491,.T.);
#4549=ORIENTED_EDGE('',*,*,#3501,.F.);
#4550=ORIENTED_EDGE('',*,*,#3502,.T.);
#4551=ORIENTED_EDGE('',*,*,#3503,.F.);
#4552=ORIENTED_EDGE('',*,*,#3504,.F.);
#4553=ORIENTED_EDGE('',*,*,#3505,.T.);
#4554=ORIENTED_EDGE('',*,*,#3504,.T.);
#4555=ORIENTED_EDGE('',*,*,#3506,.F.);
#4556=ORIENTED_EDGE('',*,*,#3507,.F.);
#4557=ORIENTED_EDGE('',*,*,#3508,.T.);
#4558=ORIENTED_EDGE('',*,*,#3507,.T.);
#4559=ORIENTED_EDGE('',*,*,#3509,.F.);
#4560=ORIENTED_EDGE('',*,*,#3510,.F.);
#4561=ORIENTED_EDGE('',*,*,#3511,.F.);
#4562=ORIENTED_EDGE('',*,*,#3510,.T.);
#4563=ORIENTED_EDGE('',*,*,#3512,.F.);
#4564=ORIENTED_EDGE('',*,*,#3502,.F.);
#4565=ORIENTED_EDGE('',*,*,#3511,.T.);
#4566=ORIENTED_EDGE('',*,*,#3501,.T.);
#4567=ORIENTED_EDGE('',*,*,#3505,.F.);
#4568=ORIENTED_EDGE('',*,*,#3508,.F.);
#4569=ORIENTED_EDGE('',*,*,#3512,.T.);
#4570=ORIENTED_EDGE('',*,*,#3509,.T.);
#4571=ORIENTED_EDGE('',*,*,#3506,.T.);
#4572=ORIENTED_EDGE('',*,*,#3503,.T.);
#4573=ORIENTED_EDGE('',*,*,#3513,.F.);
#4574=ORIENTED_EDGE('',*,*,#3514,.F.);
#4575=ORIENTED_EDGE('',*,*,#3515,.F.);
#4576=ORIENTED_EDGE('',*,*,#3516,.F.);
#4577=ORIENTED_EDGE('',*,*,#3516,.T.);
#4578=ORIENTED_EDGE('',*,*,#3517,.F.);
#4579=ORIENTED_EDGE('',*,*,#3518,.F.);
#4580=ORIENTED_EDGE('',*,*,#3519,.T.);
#4581=ORIENTED_EDGE('',*,*,#3520,.F.);
#4582=ORIENTED_EDGE('',*,*,#3515,.T.);
#4583=ORIENTED_EDGE('',*,*,#3521,.F.);
#4584=ORIENTED_EDGE('',*,*,#3522,.F.);
#4585=ORIENTED_EDGE('',*,*,#3517,.T.);
#4586=ORIENTED_EDGE('',*,*,#3518,.T.);
#4587=ORIENTED_EDGE('',*,*,#3522,.T.);
#4588=ORIENTED_EDGE('',*,*,#3523,.T.);
#4589=ORIENTED_EDGE('',*,*,#3524,.T.);
#4590=ORIENTED_EDGE('',*,*,#3524,.F.);
#4591=ORIENTED_EDGE('',*,*,#3525,.F.);
#4592=ORIENTED_EDGE('',*,*,#3526,.F.);
#4593=ORIENTED_EDGE('',*,*,#3519,.F.);
#4594=ORIENTED_EDGE('',*,*,#3514,.T.);
#4595=ORIENTED_EDGE('',*,*,#3527,.F.);
#4596=ORIENTED_EDGE('',*,*,#3525,.T.);
#4597=ORIENTED_EDGE('',*,*,#3523,.F.);
#4598=ORIENTED_EDGE('',*,*,#3521,.T.);
#4599=ORIENTED_EDGE('',*,*,#3513,.T.);
#4600=ORIENTED_EDGE('',*,*,#3520,.T.);
#4601=ORIENTED_EDGE('',*,*,#3526,.T.);
#4602=ORIENTED_EDGE('',*,*,#3527,.T.);
#4603=ORIENTED_EDGE('',*,*,#3528,.F.);
#4604=ORIENTED_EDGE('',*,*,#3529,.F.);
#4605=ORIENTED_EDGE('',*,*,#3530,.F.);
#4606=ORIENTED_EDGE('',*,*,#3531,.F.);
#4607=ORIENTED_EDGE('',*,*,#3531,.T.);
#4608=ORIENTED_EDGE('',*,*,#3532,.T.);
#4609=ORIENTED_EDGE('',*,*,#3533,.F.);
#4610=ORIENTED_EDGE('',*,*,#3534,.T.);
#4611=ORIENTED_EDGE('',*,*,#3535,.T.);
#4612=ORIENTED_EDGE('',*,*,#3530,.T.);
#4613=ORIENTED_EDGE('',*,*,#3536,.F.);
#4614=ORIENTED_EDGE('',*,*,#3537,.F.);
#4615=ORIENTED_EDGE('',*,*,#3532,.F.);
#4616=ORIENTED_EDGE('',*,*,#3538,.T.);
#4617=ORIENTED_EDGE('',*,*,#3539,.T.);
#4618=ORIENTED_EDGE('',*,*,#3533,.T.);
#4619=ORIENTED_EDGE('',*,*,#3537,.T.);
#4620=ORIENTED_EDGE('',*,*,#3539,.F.);
#4621=ORIENTED_EDGE('',*,*,#3540,.F.);
#4622=ORIENTED_EDGE('',*,*,#3541,.T.);
#4623=ORIENTED_EDGE('',*,*,#3534,.F.);
#4624=ORIENTED_EDGE('',*,*,#3529,.T.);
#4625=ORIENTED_EDGE('',*,*,#3542,.F.);
#4626=ORIENTED_EDGE('',*,*,#3540,.T.);
#4627=ORIENTED_EDGE('',*,*,#3538,.F.);
#4628=ORIENTED_EDGE('',*,*,#3536,.T.);
#4629=ORIENTED_EDGE('',*,*,#3528,.T.);
#4630=ORIENTED_EDGE('',*,*,#3535,.F.);
#4631=ORIENTED_EDGE('',*,*,#3541,.F.);
#4632=ORIENTED_EDGE('',*,*,#3542,.T.);
#4633=ORIENTED_EDGE('',*,*,#3543,.F.);
#4634=ORIENTED_EDGE('',*,*,#3544,.F.);
#4635=ORIENTED_EDGE('',*,*,#3545,.F.);
#4636=ORIENTED_EDGE('',*,*,#3546,.F.);
#4637=ORIENTED_EDGE('',*,*,#3546,.T.);
#4638=ORIENTED_EDGE('',*,*,#3547,.F.);
#4639=ORIENTED_EDGE('',*,*,#3548,.F.);
#4640=ORIENTED_EDGE('',*,*,#3549,.F.);
#4641=ORIENTED_EDGE('',*,*,#3550,.F.);
#4642=ORIENTED_EDGE('',*,*,#3545,.T.);
#4643=ORIENTED_EDGE('',*,*,#3551,.F.);
#4644=ORIENTED_EDGE('',*,*,#3552,.F.);
#4645=ORIENTED_EDGE('',*,*,#3547,.T.);
#4646=ORIENTED_EDGE('',*,*,#3548,.T.);
#4647=ORIENTED_EDGE('',*,*,#3552,.T.);
#4648=ORIENTED_EDGE('',*,*,#3553,.T.);
#4649=ORIENTED_EDGE('',*,*,#3554,.T.);
#4650=ORIENTED_EDGE('',*,*,#3554,.F.);
#4651=ORIENTED_EDGE('',*,*,#3555,.F.);
#4652=ORIENTED_EDGE('',*,*,#3556,.F.);
#4653=ORIENTED_EDGE('',*,*,#3549,.T.);
#4654=ORIENTED_EDGE('',*,*,#3544,.T.);
#4655=ORIENTED_EDGE('',*,*,#3557,.F.);
#4656=ORIENTED_EDGE('',*,*,#3555,.T.);
#4657=ORIENTED_EDGE('',*,*,#3553,.F.);
#4658=ORIENTED_EDGE('',*,*,#3551,.T.);
#4659=ORIENTED_EDGE('',*,*,#3543,.T.);
#4660=ORIENTED_EDGE('',*,*,#3550,.T.);
#4661=ORIENTED_EDGE('',*,*,#3556,.T.);
#4662=ORIENTED_EDGE('',*,*,#3557,.T.);
#4663=ORIENTED_EDGE('',*,*,#3558,.T.);
#4664=ORIENTED_EDGE('',*,*,#3559,.T.);
#4665=ORIENTED_EDGE('',*,*,#3560,.T.);
#4666=ORIENTED_EDGE('',*,*,#3561,.T.);
#4667=ORIENTED_EDGE('',*,*,#3562,.F.);
#4668=ORIENTED_EDGE('',*,*,#3561,.F.);
#4669=ORIENTED_EDGE('',*,*,#3563,.F.);
#4670=ORIENTED_EDGE('',*,*,#3564,.F.);
#4671=ORIENTED_EDGE('',*,*,#3565,.F.);
#4672=ORIENTED_EDGE('',*,*,#3564,.T.);
#4673=ORIENTED_EDGE('',*,*,#3566,.F.);
#4674=ORIENTED_EDGE('',*,*,#3567,.F.);
#4675=ORIENTED_EDGE('',*,*,#3568,.F.);
#4676=ORIENTED_EDGE('',*,*,#3567,.T.);
#4677=ORIENTED_EDGE('',*,*,#3569,.T.);
#4678=ORIENTED_EDGE('',*,*,#3559,.F.);
#4679=ORIENTED_EDGE('',*,*,#3569,.F.);
#4680=ORIENTED_EDGE('',*,*,#3566,.T.);
#4681=ORIENTED_EDGE('',*,*,#3563,.T.);
#4682=ORIENTED_EDGE('',*,*,#3560,.F.);
#4683=ORIENTED_EDGE('',*,*,#3562,.T.);
#4684=ORIENTED_EDGE('',*,*,#3565,.T.);
#4685=ORIENTED_EDGE('',*,*,#3568,.T.);
#4686=ORIENTED_EDGE('',*,*,#3558,.F.);
#4687=ORIENTED_EDGE('',*,*,#3570,.F.);
#4688=ORIENTED_EDGE('',*,*,#3571,.T.);
#4689=ORIENTED_EDGE('',*,*,#3572,.F.);
#4690=ORIENTED_EDGE('',*,*,#3573,.F.);
#4691=ORIENTED_EDGE('',*,*,#3574,.F.);
#4692=ORIENTED_EDGE('',*,*,#3573,.T.);
#4693=ORIENTED_EDGE('',*,*,#3575,.F.);
#4694=ORIENTED_EDGE('',*,*,#3576,.F.);
#4695=ORIENTED_EDGE('',*,*,#3577,.F.);
#4696=ORIENTED_EDGE('',*,*,#3576,.T.);
#4697=ORIENTED_EDGE('',*,*,#3578,.F.);
#4698=ORIENTED_EDGE('',*,*,#3579,.F.);
#4699=ORIENTED_EDGE('',*,*,#3580,.F.);
#4700=ORIENTED_EDGE('',*,*,#3579,.T.);
#4701=ORIENTED_EDGE('',*,*,#3581,.F.);
#4702=ORIENTED_EDGE('',*,*,#3571,.F.);
#4703=ORIENTED_EDGE('',*,*,#3580,.T.);
#4704=ORIENTED_EDGE('',*,*,#3570,.T.);
#4705=ORIENTED_EDGE('',*,*,#3574,.T.);
#4706=ORIENTED_EDGE('',*,*,#3577,.T.);
#4707=ORIENTED_EDGE('',*,*,#3581,.T.);
#4708=ORIENTED_EDGE('',*,*,#3578,.T.);
#4709=ORIENTED_EDGE('',*,*,#3575,.T.);
#4710=ORIENTED_EDGE('',*,*,#3572,.T.);
#4711=ORIENTED_EDGE('',*,*,#3582,.F.);
#4712=ORIENTED_EDGE('',*,*,#3583,.F.);
#4713=ORIENTED_EDGE('',*,*,#3584,.F.);
#4714=ORIENTED_EDGE('',*,*,#3585,.F.);
#4715=ORIENTED_EDGE('',*,*,#3586,.F.);
#4716=ORIENTED_EDGE('',*,*,#3585,.T.);
#4717=ORIENTED_EDGE('',*,*,#3587,.T.);
#4718=ORIENTED_EDGE('',*,*,#3588,.F.);
#4719=ORIENTED_EDGE('',*,*,#3589,.F.);
#4720=ORIENTED_EDGE('',*,*,#3584,.T.);
#4721=ORIENTED_EDGE('',*,*,#3590,.T.);
#4722=ORIENTED_EDGE('',*,*,#3591,.F.);
#4723=ORIENTED_EDGE('',*,*,#3587,.F.);
#4724=ORIENTED_EDGE('',*,*,#3583,.T.);
#4725=ORIENTED_EDGE('',*,*,#3592,.T.);
#4726=ORIENTED_EDGE('',*,*,#3593,.F.);
#4727=ORIENTED_EDGE('',*,*,#3590,.F.);
#4728=ORIENTED_EDGE('',*,*,#3586,.T.);
#4729=ORIENTED_EDGE('',*,*,#3589,.T.);
#4730=ORIENTED_EDGE('',*,*,#3594,.F.);
#4731=ORIENTED_EDGE('',*,*,#3595,.F.);
#4732=ORIENTED_EDGE('',*,*,#3582,.T.);
#4733=ORIENTED_EDGE('',*,*,#3595,.T.);
#4734=ORIENTED_EDGE('',*,*,#3596,.F.);
#4735=ORIENTED_EDGE('',*,*,#3592,.F.);
#4736=ORIENTED_EDGE('',*,*,#3597,.F.);
#4737=ORIENTED_EDGE('',*,*,#3598,.T.);
#4738=ORIENTED_EDGE('',*,*,#3599,.F.);
#4739=ORIENTED_EDGE('',*,*,#3600,.F.);
#4740=ORIENTED_EDGE('',*,*,#3601,.F.);
#4741=ORIENTED_EDGE('',*,*,#3600,.T.);
#4742=ORIENTED_EDGE('',*,*,#3602,.F.);
#4743=ORIENTED_EDGE('',*,*,#3603,.F.);
#4744=ORIENTED_EDGE('',*,*,#3604,.F.);
#4745=ORIENTED_EDGE('',*,*,#3603,.T.);
#4746=ORIENTED_EDGE('',*,*,#3605,.F.);
#4747=ORIENTED_EDGE('',*,*,#3606,.F.);
#4748=ORIENTED_EDGE('',*,*,#3607,.F.);
#4749=ORIENTED_EDGE('',*,*,#3606,.T.);
#4750=ORIENTED_EDGE('',*,*,#3608,.F.);
#4751=ORIENTED_EDGE('',*,*,#3598,.F.);
#4752=ORIENTED_EDGE('',*,*,#3607,.T.);
#4753=ORIENTED_EDGE('',*,*,#3597,.T.);
#4754=ORIENTED_EDGE('',*,*,#3601,.T.);
#4755=ORIENTED_EDGE('',*,*,#3604,.T.);
#4756=ORIENTED_EDGE('',*,*,#3608,.T.);
#4757=ORIENTED_EDGE('',*,*,#3605,.T.);
#4758=ORIENTED_EDGE('',*,*,#3602,.T.);
#4759=ORIENTED_EDGE('',*,*,#3599,.T.);
#4760=ORIENTED_EDGE('',*,*,#3591,.T.);
#4761=ORIENTED_EDGE('',*,*,#3593,.T.);
#4762=ORIENTED_EDGE('',*,*,#3596,.T.);
#4763=ORIENTED_EDGE('',*,*,#3594,.T.);
#4764=ORIENTED_EDGE('',*,*,#3588,.T.);
#4765=ORIENTED_EDGE('',*,*,#3609,.F.);
#4766=ORIENTED_EDGE('',*,*,#3610,.F.);
#4767=ORIENTED_EDGE('',*,*,#3611,.F.);
#4768=ORIENTED_EDGE('',*,*,#3612,.F.);
#4769=ORIENTED_EDGE('',*,*,#3609,.T.);
#4770=ORIENTED_EDGE('',*,*,#3613,.F.);
#4771=ORIENTED_EDGE('',*,*,#3614,.F.);
#4772=ORIENTED_EDGE('',*,*,#3615,.F.);
#4773=ORIENTED_EDGE('',*,*,#3615,.T.);
#4774=ORIENTED_EDGE('',*,*,#3616,.T.);
#4775=ORIENTED_EDGE('',*,*,#3617,.T.);
#4776=ORIENTED_EDGE('',*,*,#3618,.T.);
#4777=ORIENTED_EDGE('',*,*,#3619,.T.);
#4778=ORIENTED_EDGE('',*,*,#3610,.T.);
#4779=ORIENTED_EDGE('',*,*,#3620,.F.);
#4780=ORIENTED_EDGE('',*,*,#3621,.F.);
#4781=ORIENTED_EDGE('',*,*,#3618,.F.);
#4782=ORIENTED_EDGE('',*,*,#3622,.T.);
#4783=ORIENTED_EDGE('',*,*,#3621,.T.);
#4784=ORIENTED_EDGE('',*,*,#3623,.F.);
#4785=ORIENTED_EDGE('',*,*,#3611,.T.);
#4786=ORIENTED_EDGE('',*,*,#3619,.F.);
#4787=ORIENTED_EDGE('',*,*,#3622,.F.);
#4788=ORIENTED_EDGE('',*,*,#3617,.F.);
#4789=ORIENTED_EDGE('',*,*,#3624,.T.);
#4790=ORIENTED_EDGE('',*,*,#3625,.F.);
#4791=ORIENTED_EDGE('',*,*,#3626,.F.);
#4792=ORIENTED_EDGE('',*,*,#3624,.F.);
#4793=ORIENTED_EDGE('',*,*,#3616,.F.);
#4794=ORIENTED_EDGE('',*,*,#3614,.T.);
#4795=ORIENTED_EDGE('',*,*,#3613,.T.);
#4796=ORIENTED_EDGE('',*,*,#3612,.T.);
#4797=ORIENTED_EDGE('',*,*,#3623,.T.);
#4798=ORIENTED_EDGE('',*,*,#3620,.T.);
#4799=ORIENTED_EDGE('',*,*,#3625,.T.);
#4800=ORIENTED_EDGE('',*,*,#3626,.T.);
#4801=ORIENTED_EDGE('',*,*,#3627,.F.);
#4802=ORIENTED_EDGE('',*,*,#3628,.T.);
#4803=ORIENTED_EDGE('',*,*,#3629,.F.);
#4804=ORIENTED_EDGE('',*,*,#3630,.F.);
#4805=ORIENTED_EDGE('',*,*,#3629,.T.);
#4806=ORIENTED_EDGE('',*,*,#3631,.T.);
#4807=ORIENTED_EDGE('',*,*,#3632,.T.);
#4808=ORIENTED_EDGE('',*,*,#3633,.T.);
#4809=ORIENTED_EDGE('',*,*,#3634,.T.);
#4810=ORIENTED_EDGE('',*,*,#3635,.T.);
#4811=ORIENTED_EDGE('',*,*,#3636,.T.);
#4812=ORIENTED_EDGE('',*,*,#3637,.F.);
#4813=ORIENTED_EDGE('',*,*,#3638,.T.);
#4814=ORIENTED_EDGE('',*,*,#3634,.F.);
#4815=ORIENTED_EDGE('',*,*,#3630,.T.);
#4816=ORIENTED_EDGE('',*,*,#3635,.F.);
#4817=ORIENTED_EDGE('',*,*,#3638,.F.);
#4818=ORIENTED_EDGE('',*,*,#3639,.F.);
#4819=ORIENTED_EDGE('',*,*,#3640,.F.);
#4820=ORIENTED_EDGE('',*,*,#3636,.F.);
#4821=ORIENTED_EDGE('',*,*,#3633,.F.);
#4822=ORIENTED_EDGE('',*,*,#3641,.T.);
#4823=ORIENTED_EDGE('',*,*,#3642,.F.);
#4824=ORIENTED_EDGE('',*,*,#3641,.F.);
#4825=ORIENTED_EDGE('',*,*,#3632,.F.);
#4826=ORIENTED_EDGE('',*,*,#3643,.F.);
#4827=ORIENTED_EDGE('',*,*,#3627,.T.);
#4828=ORIENTED_EDGE('',*,*,#3639,.T.);
#4829=ORIENTED_EDGE('',*,*,#3637,.T.);
#4830=ORIENTED_EDGE('',*,*,#3640,.T.);
#4831=ORIENTED_EDGE('',*,*,#3642,.T.);
#4832=ORIENTED_EDGE('',*,*,#3644,.T.);
#4833=ORIENTED_EDGE('',*,*,#3628,.F.);
#4834=ORIENTED_EDGE('',*,*,#3644,.F.);
#4835=ORIENTED_EDGE('',*,*,#3643,.T.);
#4836=ORIENTED_EDGE('',*,*,#3631,.F.);
#4837=ORIENTED_EDGE('',*,*,#3645,.F.);
#4838=ORIENTED_EDGE('',*,*,#3646,.F.);
#4839=ORIENTED_EDGE('',*,*,#3647,.F.);
#4840=ORIENTED_EDGE('',*,*,#3648,.T.);
#4841=ORIENTED_EDGE('',*,*,#3649,.F.);
#4842=ORIENTED_EDGE('',*,*,#3648,.F.);
#4843=ORIENTED_EDGE('',*,*,#3650,.F.);
#4844=ORIENTED_EDGE('',*,*,#3651,.F.);
#4845=ORIENTED_EDGE('',*,*,#3652,.F.);
#4846=ORIENTED_EDGE('',*,*,#3653,.T.);
#4847=ORIENTED_EDGE('',*,*,#3654,.T.);
#4848=ORIENTED_EDGE('',*,*,#3655,.F.);
#4849=ORIENTED_EDGE('',*,*,#3656,.F.);
#4850=ORIENTED_EDGE('',*,*,#3655,.T.);
#4851=ORIENTED_EDGE('',*,*,#3657,.T.);
#4852=ORIENTED_EDGE('',*,*,#3658,.F.);
#4853=ORIENTED_EDGE('',*,*,#3659,.F.);
#4854=ORIENTED_EDGE('',*,*,#3660,.F.);
#4855=ORIENTED_EDGE('',*,*,#3661,.F.);
#4856=ORIENTED_EDGE('',*,*,#3646,.T.);
#4857=ORIENTED_EDGE('',*,*,#3662,.F.);
#4858=ORIENTED_EDGE('',*,*,#3663,.F.);
#4859=ORIENTED_EDGE('',*,*,#3653,.F.);
#4860=ORIENTED_EDGE('',*,*,#3664,.F.);
#4861=ORIENTED_EDGE('',*,*,#3657,.F.);
#4862=ORIENTED_EDGE('',*,*,#3654,.F.);
#4863=ORIENTED_EDGE('',*,*,#3663,.T.);
#4864=ORIENTED_EDGE('',*,*,#3665,.F.);
#4865=ORIENTED_EDGE('',*,*,#3666,.T.);
#4866=ORIENTED_EDGE('',*,*,#3650,.T.);
#4867=ORIENTED_EDGE('',*,*,#3647,.T.);
#4868=ORIENTED_EDGE('',*,*,#3661,.T.);
#4869=ORIENTED_EDGE('',*,*,#3667,.F.);
#4870=ORIENTED_EDGE('',*,*,#3651,.T.);
#4871=ORIENTED_EDGE('',*,*,#3666,.F.);
#4872=ORIENTED_EDGE('',*,*,#3660,.T.);
#4873=ORIENTED_EDGE('',*,*,#3668,.T.);
#4874=ORIENTED_EDGE('',*,*,#3664,.T.);
#4875=ORIENTED_EDGE('',*,*,#3652,.T.);
#4876=ORIENTED_EDGE('',*,*,#3656,.T.);
#4877=ORIENTED_EDGE('',*,*,#3659,.T.);
#4878=ORIENTED_EDGE('',*,*,#3645,.T.);
#4879=ORIENTED_EDGE('',*,*,#3649,.T.);
#4880=ORIENTED_EDGE('',*,*,#3667,.T.);
#4881=ORIENTED_EDGE('',*,*,#3662,.T.);
#4882=ORIENTED_EDGE('',*,*,#3668,.F.);
#4883=ORIENTED_EDGE('',*,*,#3658,.T.);
#4884=ORIENTED_EDGE('',*,*,#3665,.T.);
#4885=ORIENTED_EDGE('',*,*,#3669,.F.);
#4886=ORIENTED_EDGE('',*,*,#3670,.T.);
#4887=ORIENTED_EDGE('',*,*,#3671,.T.);
#4888=ORIENTED_EDGE('',*,*,#3672,.T.);
#4889=ORIENTED_EDGE('',*,*,#3673,.T.);
#4890=ORIENTED_EDGE('',*,*,#3674,.T.);
#4891=ORIENTED_EDGE('',*,*,#3675,.T.);
#4892=ORIENTED_EDGE('',*,*,#3676,.T.);
#4893=ORIENTED_EDGE('',*,*,#3677,.T.);
#4894=ORIENTED_EDGE('',*,*,#3678,.T.);
#4895=ORIENTED_EDGE('',*,*,#3679,.T.);
#4896=ORIENTED_EDGE('',*,*,#3680,.T.);
#4897=ORIENTED_EDGE('',*,*,#3681,.T.);
#4898=ORIENTED_EDGE('',*,*,#3673,.F.);
#4899=ORIENTED_EDGE('',*,*,#3682,.F.);
#4900=ORIENTED_EDGE('',*,*,#3683,.T.);
#4901=ORIENTED_EDGE('',*,*,#3672,.F.);
#4902=ORIENTED_EDGE('',*,*,#3684,.T.);
#4903=ORIENTED_EDGE('',*,*,#3685,.T.);
#4904=ORIENTED_EDGE('',*,*,#3682,.T.);
#4905=ORIENTED_EDGE('',*,*,#3671,.F.);
#4906=ORIENTED_EDGE('',*,*,#3686,.F.);
#4907=ORIENTED_EDGE('',*,*,#3687,.T.);
#4908=ORIENTED_EDGE('',*,*,#3684,.F.);
#4909=ORIENTED_EDGE('',*,*,#3688,.F.);
#4910=ORIENTED_EDGE('',*,*,#3689,.F.);
#4911=ORIENTED_EDGE('',*,*,#3686,.T.);
#4912=ORIENTED_EDGE('',*,*,#3670,.F.);
#4913=ORIENTED_EDGE('',*,*,#3690,.T.);
#4914=ORIENTED_EDGE('',*,*,#3691,.T.);
#4915=ORIENTED_EDGE('',*,*,#3692,.F.);
#4916=ORIENTED_EDGE('',*,*,#3693,.T.);
#4917=ORIENTED_EDGE('',*,*,#3694,.T.);
#4918=ORIENTED_EDGE('',*,*,#3685,.F.);
#4919=ORIENTED_EDGE('',*,*,#3695,.T.);
#4920=ORIENTED_EDGE('',*,*,#3692,.T.);
#4921=ORIENTED_EDGE('',*,*,#3696,.T.);
#4922=ORIENTED_EDGE('',*,*,#3697,.T.);
#4923=ORIENTED_EDGE('',*,*,#3698,.F.);
#4924=ORIENTED_EDGE('',*,*,#3699,.T.);
#4925=ORIENTED_EDGE('',*,*,#3700,.T.);
#4926=ORIENTED_EDGE('',*,*,#3701,.T.);
#4927=ORIENTED_EDGE('',*,*,#3702,.T.);
#4928=ORIENTED_EDGE('',*,*,#3703,.F.);
#4929=ORIENTED_EDGE('',*,*,#3704,.T.);
#4930=ORIENTED_EDGE('',*,*,#3705,.F.);
#4931=ORIENTED_EDGE('',*,*,#3706,.F.);
#4932=ORIENTED_EDGE('',*,*,#3707,.F.);
#4933=ORIENTED_EDGE('',*,*,#3708,.F.);
#4934=ORIENTED_EDGE('',*,*,#3709,.F.);
#4935=ORIENTED_EDGE('',*,*,#3710,.F.);
#4936=ORIENTED_EDGE('',*,*,#3709,.T.);
#4937=ORIENTED_EDGE('',*,*,#3711,.T.);
#4938=ORIENTED_EDGE('',*,*,#3712,.T.);
#4939=ORIENTED_EDGE('',*,*,#3713,.F.);
#4940=ORIENTED_EDGE('',*,*,#3712,.F.);
#4941=ORIENTED_EDGE('',*,*,#3714,.F.);
#4942=ORIENTED_EDGE('',*,*,#3715,.T.);
#4943=ORIENTED_EDGE('',*,*,#3701,.F.);
#4944=ORIENTED_EDGE('',*,*,#3716,.F.);
#4945=ORIENTED_EDGE('',*,*,#3717,.F.);
#4946=ORIENTED_EDGE('',*,*,#3718,.T.);
#4947=ORIENTED_EDGE('',*,*,#3719,.F.);
#4948=ORIENTED_EDGE('',*,*,#3720,.T.);
#4949=ORIENTED_EDGE('',*,*,#3711,.F.);
#4950=ORIENTED_EDGE('',*,*,#3721,.T.);
#4951=ORIENTED_EDGE('',*,*,#3722,.F.);
#4952=ORIENTED_EDGE('',*,*,#3702,.F.);
#4953=ORIENTED_EDGE('',*,*,#3715,.F.);
#4954=ORIENTED_EDGE('',*,*,#3714,.T.);
#4955=ORIENTED_EDGE('',*,*,#3720,.F.);
#4956=ORIENTED_EDGE('',*,*,#3678,.F.);
#4957=ORIENTED_EDGE('',*,*,#3723,.T.);
#4958=ORIENTED_EDGE('',*,*,#3717,.T.);
#4959=ORIENTED_EDGE('',*,*,#3724,.T.);
#4960=ORIENTED_EDGE('',*,*,#3725,.T.);
#4961=ORIENTED_EDGE('',*,*,#3679,.F.);
#4962=ORIENTED_EDGE('',*,*,#3725,.F.);
#4963=ORIENTED_EDGE('',*,*,#3726,.T.);
#4964=ORIENTED_EDGE('',*,*,#3727,.T.);
#4965=ORIENTED_EDGE('',*,*,#3728,.F.);
#4966=ORIENTED_EDGE('',*,*,#3729,.T.);
#4967=ORIENTED_EDGE('',*,*,#3704,.F.);
#4968=ORIENTED_EDGE('',*,*,#3730,.F.);
#4969=ORIENTED_EDGE('',*,*,#3718,.F.);
#4970=ORIENTED_EDGE('',*,*,#3731,.T.);
#4971=ORIENTED_EDGE('',*,*,#3732,.F.);
#4972=ORIENTED_EDGE('',*,*,#3733,.F.);
#4973=ORIENTED_EDGE('',*,*,#3732,.T.);
#4974=ORIENTED_EDGE('',*,*,#3734,.T.);
#4975=ORIENTED_EDGE('',*,*,#3735,.F.);
#4976=ORIENTED_EDGE('',*,*,#3736,.F.);
#4977=ORIENTED_EDGE('',*,*,#3735,.T.);
#4978=ORIENTED_EDGE('',*,*,#3737,.T.);
#4979=ORIENTED_EDGE('',*,*,#3677,.F.);
#4980=ORIENTED_EDGE('',*,*,#3738,.F.);
#4981=ORIENTED_EDGE('',*,*,#3737,.F.);
#4982=ORIENTED_EDGE('',*,*,#3734,.F.);
#4983=ORIENTED_EDGE('',*,*,#3731,.F.);
#4984=ORIENTED_EDGE('',*,*,#3723,.F.);
#4985=ORIENTED_EDGE('',*,*,#3676,.F.);
#4986=ORIENTED_EDGE('',*,*,#3739,.F.);
#4987=ORIENTED_EDGE('',*,*,#3740,.T.);
#4988=ORIENTED_EDGE('',*,*,#3741,.T.);
#4989=ORIENTED_EDGE('',*,*,#3728,.T.);
#4990=ORIENTED_EDGE('',*,*,#3703,.T.);
#4991=ORIENTED_EDGE('',*,*,#3710,.T.);
#4992=ORIENTED_EDGE('',*,*,#3713,.T.);
#4993=ORIENTED_EDGE('',*,*,#3730,.T.);
#4994=ORIENTED_EDGE('',*,*,#3733,.T.);
#4995=ORIENTED_EDGE('',*,*,#3736,.T.);
#4996=ORIENTED_EDGE('',*,*,#3738,.T.);
#4997=ORIENTED_EDGE('',*,*,#3726,.F.);
#4998=ORIENTED_EDGE('',*,*,#3724,.F.);
#4999=ORIENTED_EDGE('',*,*,#3716,.T.);
#5000=ORIENTED_EDGE('',*,*,#3700,.F.);
#5001=ORIENTED_EDGE('',*,*,#3742,.T.);
#5002=ORIENTED_EDGE('',*,*,#3743,.F.);
#5003=ORIENTED_EDGE('',*,*,#3744,.T.);
#5004=ORIENTED_EDGE('',*,*,#3745,.T.);
#5005=ORIENTED_EDGE('',*,*,#3746,.T.);
#5006=ORIENTED_EDGE('',*,*,#3696,.F.);
#5007=ORIENTED_EDGE('',*,*,#3691,.F.);
#5008=ORIENTED_EDGE('',*,*,#3747,.F.);
#5009=ORIENTED_EDGE('',*,*,#3748,.F.);
#5010=ORIENTED_EDGE('',*,*,#3749,.F.);
#5011=ORIENTED_EDGE('',*,*,#3750,.F.);
#5012=ORIENTED_EDGE('',*,*,#3690,.F.);
#5013=ORIENTED_EDGE('',*,*,#3695,.F.);
#5014=ORIENTED_EDGE('',*,*,#3687,.F.);
#5015=ORIENTED_EDGE('',*,*,#3751,.F.);
#5016=ORIENTED_EDGE('',*,*,#3749,.T.);
#5017=ORIENTED_EDGE('',*,*,#3697,.F.);
#5018=ORIENTED_EDGE('',*,*,#3746,.F.);
#5019=ORIENTED_EDGE('',*,*,#3752,.F.);
#5020=ORIENTED_EDGE('',*,*,#3753,.T.);
#5021=ORIENTED_EDGE('',*,*,#3751,.T.);
#5022=ORIENTED_EDGE('',*,*,#3689,.T.);
#5023=ORIENTED_EDGE('',*,*,#3754,.F.);
#5024=ORIENTED_EDGE('',*,*,#3755,.F.);
#5025=ORIENTED_EDGE('',*,*,#3756,.F.);
#5026=ORIENTED_EDGE('',*,*,#3744,.F.);
#5027=ORIENTED_EDGE('',*,*,#3757,.T.);
#5028=ORIENTED_EDGE('',*,*,#3758,.F.);
#5029=ORIENTED_EDGE('',*,*,#3757,.F.);
#5030=ORIENTED_EDGE('',*,*,#3743,.T.);
#5031=ORIENTED_EDGE('',*,*,#3759,.T.);
#5032=ORIENTED_EDGE('',*,*,#3760,.F.);
#5033=ORIENTED_EDGE('',*,*,#3759,.F.);
#5034=ORIENTED_EDGE('',*,*,#3742,.F.);
#5035=ORIENTED_EDGE('',*,*,#3699,.F.);
#5036=ORIENTED_EDGE('',*,*,#3761,.T.);
#5037=ORIENTED_EDGE('',*,*,#3683,.F.);
#5038=ORIENTED_EDGE('',*,*,#3694,.F.);
#5039=ORIENTED_EDGE('',*,*,#3762,.T.);
#5040=ORIENTED_EDGE('',*,*,#3763,.T.);
#5041=ORIENTED_EDGE('',*,*,#3762,.F.);
#5042=ORIENTED_EDGE('',*,*,#3693,.F.);
#5043=ORIENTED_EDGE('',*,*,#3748,.T.);
#5044=ORIENTED_EDGE('',*,*,#3764,.F.);
#5045=ORIENTED_EDGE('',*,*,#3765,.F.);
#5046=ORIENTED_EDGE('',*,*,#3721,.F.);
#5047=ORIENTED_EDGE('',*,*,#3708,.T.);
#5048=ORIENTED_EDGE('',*,*,#3707,.T.);
#5049=ORIENTED_EDGE('',*,*,#3766,.F.);
#5050=ORIENTED_EDGE('',*,*,#3767,.F.);
#5051=ORIENTED_EDGE('',*,*,#3766,.T.);
#5052=ORIENTED_EDGE('',*,*,#3706,.T.);
#5053=ORIENTED_EDGE('',*,*,#3768,.F.);
#5054=ORIENTED_EDGE('',*,*,#3769,.F.);
#5055=ORIENTED_EDGE('',*,*,#3768,.T.);
#5056=ORIENTED_EDGE('',*,*,#3705,.T.);
#5057=ORIENTED_EDGE('',*,*,#3729,.F.);
#5058=ORIENTED_EDGE('',*,*,#3741,.F.);
#5059=ORIENTED_EDGE('',*,*,#3770,.F.);
#5060=ORIENTED_EDGE('',*,*,#3771,.T.);
#5061=ORIENTED_EDGE('',*,*,#3772,.F.);
#5062=ORIENTED_EDGE('',*,*,#3771,.F.);
#5063=ORIENTED_EDGE('',*,*,#3773,.T.);
#5064=ORIENTED_EDGE('',*,*,#3774,.F.);
#5065=ORIENTED_EDGE('',*,*,#3775,.F.);
#5066=ORIENTED_EDGE('',*,*,#3774,.T.);
#5067=ORIENTED_EDGE('',*,*,#3776,.T.);
#5068=ORIENTED_EDGE('',*,*,#3777,.F.);
#5069=ORIENTED_EDGE('',*,*,#3776,.F.);
#5070=ORIENTED_EDGE('',*,*,#3773,.F.);
#5071=ORIENTED_EDGE('',*,*,#3778,.T.);
#5072=ORIENTED_EDGE('',*,*,#3779,.F.);
#5073=ORIENTED_EDGE('',*,*,#3780,.F.);
#5074=ORIENTED_EDGE('',*,*,#3750,.T.);
#5075=ORIENTED_EDGE('',*,*,#3753,.F.);
#5076=ORIENTED_EDGE('',*,*,#3781,.T.);
#5077=ORIENTED_EDGE('',*,*,#3782,.F.);
#5078=ORIENTED_EDGE('',*,*,#3778,.F.);
#5079=ORIENTED_EDGE('',*,*,#3770,.T.);
#5080=ORIENTED_EDGE('',*,*,#3740,.F.);
#5081=ORIENTED_EDGE('',*,*,#3783,.T.);
#5082=ORIENTED_EDGE('',*,*,#3784,.T.);
#5083=ORIENTED_EDGE('',*,*,#3783,.F.);
#5084=ORIENTED_EDGE('',*,*,#3739,.T.);
#5085=ORIENTED_EDGE('',*,*,#3675,.F.);
#5086=ORIENTED_EDGE('',*,*,#3763,.F.);
#5087=ORIENTED_EDGE('',*,*,#3785,.F.);
#5088=ORIENTED_EDGE('',*,*,#3781,.F.);
#5089=ORIENTED_EDGE('',*,*,#3784,.F.);
#5090=ORIENTED_EDGE('',*,*,#3674,.F.);
#5091=ORIENTED_EDGE('',*,*,#3681,.F.);
#5092=ORIENTED_EDGE('',*,*,#3761,.F.);
#5093=ORIENTED_EDGE('',*,*,#3786,.F.);
#5094=ORIENTED_EDGE('',*,*,#3680,.F.);
#5095=ORIENTED_EDGE('',*,*,#3727,.F.);
#5096=ORIENTED_EDGE('',*,*,#3787,.T.);
#5097=ORIENTED_EDGE('',*,*,#3788,.F.);
#5098=ORIENTED_EDGE('',*,*,#3787,.F.);
#5099=ORIENTED_EDGE('',*,*,#3745,.F.);
#5100=ORIENTED_EDGE('',*,*,#3756,.T.);
#5101=ORIENTED_EDGE('',*,*,#3789,.T.);
#5102=ORIENTED_EDGE('',*,*,#3790,.F.);
#5103=ORIENTED_EDGE('',*,*,#3789,.F.);
#5104=ORIENTED_EDGE('',*,*,#3755,.T.);
#5105=ORIENTED_EDGE('',*,*,#3791,.F.);
#5106=ORIENTED_EDGE('',*,*,#3792,.F.);
#5107=ORIENTED_EDGE('',*,*,#3791,.T.);
#5108=ORIENTED_EDGE('',*,*,#3754,.T.);
#5109=ORIENTED_EDGE('',*,*,#3758,.T.);
#5110=ORIENTED_EDGE('',*,*,#3760,.T.);
#5111=ORIENTED_EDGE('',*,*,#3698,.T.);
#5112=ORIENTED_EDGE('',*,*,#3722,.T.);
#5113=ORIENTED_EDGE('',*,*,#3719,.T.);
#5114=ORIENTED_EDGE('',*,*,#3765,.T.);
#5115=ORIENTED_EDGE('',*,*,#3767,.T.);
#5116=ORIENTED_EDGE('',*,*,#3769,.T.);
#5117=ORIENTED_EDGE('',*,*,#3772,.T.);
#5118=ORIENTED_EDGE('',*,*,#3775,.T.);
#5119=ORIENTED_EDGE('',*,*,#3777,.T.);
#5120=ORIENTED_EDGE('',*,*,#3782,.T.);
#5121=ORIENTED_EDGE('',*,*,#3785,.T.);
#5122=ORIENTED_EDGE('',*,*,#3764,.T.);
#5123=ORIENTED_EDGE('',*,*,#3747,.T.);
#5124=ORIENTED_EDGE('',*,*,#3780,.T.);
#5125=ORIENTED_EDGE('',*,*,#3786,.T.);
#5126=ORIENTED_EDGE('',*,*,#3788,.T.);
#5127=ORIENTED_EDGE('',*,*,#3790,.T.);
#5128=ORIENTED_EDGE('',*,*,#3792,.T.);
#5129=ORIENTED_EDGE('',*,*,#3779,.T.);
#5130=ORIENTED_EDGE('',*,*,#3752,.T.);
#5131=ORIENTED_EDGE('',*,*,#3688,.T.);
#5132=ORIENTED_EDGE('',*,*,#3669,.T.);
#5133=ORIENTED_EDGE('',*,*,#3793,.F.);
#5134=ORIENTED_EDGE('',*,*,#3794,.T.);
#5135=ORIENTED_EDGE('',*,*,#3795,.F.);
#5136=ORIENTED_EDGE('',*,*,#3796,.F.);
#5137=ORIENTED_EDGE('',*,*,#3797,.F.);
#5138=ORIENTED_EDGE('',*,*,#3798,.T.);
#5139=ORIENTED_EDGE('',*,*,#3799,.F.);
#5140=ORIENTED_EDGE('',*,*,#3800,.F.);
#5141=ORIENTED_EDGE('',*,*,#3801,.F.);
#5142=ORIENTED_EDGE('',*,*,#3799,.T.);
#5143=ORIENTED_EDGE('',*,*,#3802,.T.);
#5144=ORIENTED_EDGE('',*,*,#3803,.F.);
#5145=ORIENTED_EDGE('',*,*,#3804,.F.);
#5146=ORIENTED_EDGE('',*,*,#3805,.T.);
#5147=ORIENTED_EDGE('',*,*,#3802,.F.);
#5148=ORIENTED_EDGE('',*,*,#3798,.F.);
#5149=ORIENTED_EDGE('',*,*,#3806,.F.);
#5150=ORIENTED_EDGE('',*,*,#3807,.F.);
#5151=ORIENTED_EDGE('',*,*,#3794,.F.);
#5152=ORIENTED_EDGE('',*,*,#3808,.F.);
#5153=ORIENTED_EDGE('',*,*,#3795,.T.);
#5154=ORIENTED_EDGE('',*,*,#3807,.T.);
#5155=ORIENTED_EDGE('',*,*,#3800,.T.);
#5156=ORIENTED_EDGE('',*,*,#3801,.T.);
#5157=ORIENTED_EDGE('',*,*,#3809,.F.);
#5158=ORIENTED_EDGE('',*,*,#3810,.T.);
#5159=ORIENTED_EDGE('',*,*,#3811,.T.);
#5160=ORIENTED_EDGE('',*,*,#3812,.T.);
#5161=ORIENTED_EDGE('',*,*,#3813,.F.);
#5162=ORIENTED_EDGE('',*,*,#3793,.T.);
#5163=ORIENTED_EDGE('',*,*,#3808,.T.);
#5164=ORIENTED_EDGE('',*,*,#3806,.T.);
#5165=ORIENTED_EDGE('',*,*,#3814,.T.);
#5166=ORIENTED_EDGE('',*,*,#3811,.F.);
#5167=ORIENTED_EDGE('',*,*,#3815,.F.);
#5168=ORIENTED_EDGE('',*,*,#3816,.T.);
#5169=ORIENTED_EDGE('',*,*,#3817,.T.);
#5170=ORIENTED_EDGE('',*,*,#3818,.F.);
#5171=ORIENTED_EDGE('',*,*,#3819,.F.);
#5172=ORIENTED_EDGE('',*,*,#3820,.F.);
#5173=ORIENTED_EDGE('',*,*,#3821,.F.);
#5174=ORIENTED_EDGE('',*,*,#3817,.F.);
#5175=ORIENTED_EDGE('',*,*,#3822,.T.);
#5176=ORIENTED_EDGE('',*,*,#3823,.F.);
#5177=ORIENTED_EDGE('',*,*,#3824,.F.);
#5178=ORIENTED_EDGE('',*,*,#3825,.T.);
#5179=ORIENTED_EDGE('',*,*,#3826,.F.);
#5180=ORIENTED_EDGE('',*,*,#3827,.F.);
#5181=ORIENTED_EDGE('',*,*,#3828,.F.);
#5182=ORIENTED_EDGE('',*,*,#3818,.T.);
#5183=ORIENTED_EDGE('',*,*,#3821,.T.);
#5184=ORIENTED_EDGE('',*,*,#3829,.F.);
#5185=ORIENTED_EDGE('',*,*,#3830,.F.);
#5186=ORIENTED_EDGE('',*,*,#3825,.F.);
#5187=ORIENTED_EDGE('',*,*,#3831,.F.);
#5188=ORIENTED_EDGE('',*,*,#3826,.T.);
#5189=ORIENTED_EDGE('',*,*,#3830,.T.);
#5190=ORIENTED_EDGE('',*,*,#3823,.T.);
#5191=ORIENTED_EDGE('',*,*,#3832,.T.);
#5192=ORIENTED_EDGE('',*,*,#3833,.F.);
#5193=ORIENTED_EDGE('',*,*,#3834,.T.);
#5194=ORIENTED_EDGE('',*,*,#3835,.T.);
#5195=ORIENTED_EDGE('',*,*,#3836,.F.);
#5196=ORIENTED_EDGE('',*,*,#3832,.F.);
#5197=ORIENTED_EDGE('',*,*,#3824,.T.);
#5198=ORIENTED_EDGE('',*,*,#3831,.T.);
#5199=ORIENTED_EDGE('',*,*,#3829,.T.);
#5200=ORIENTED_EDGE('',*,*,#3837,.F.);
#5201=ORIENTED_EDGE('',*,*,#3838,.T.);
#5202=ORIENTED_EDGE('',*,*,#3839,.F.);
#5203=ORIENTED_EDGE('',*,*,#3805,.F.);
#5204=ORIENTED_EDGE('',*,*,#3840,.T.);
#5205=ORIENTED_EDGE('',*,*,#3819,.T.);
#5206=ORIENTED_EDGE('',*,*,#3841,.F.);
#5207=ORIENTED_EDGE('',*,*,#3842,.F.);
#5208=ORIENTED_EDGE('',*,*,#3843,.F.);
#5209=ORIENTED_EDGE('',*,*,#3803,.T.);
#5210=ORIENTED_EDGE('',*,*,#3839,.T.);
#5211=ORIENTED_EDGE('',*,*,#3844,.T.);
#5212=ORIENTED_EDGE('',*,*,#3841,.T.);
#5213=ORIENTED_EDGE('',*,*,#3828,.T.);
#5214=ORIENTED_EDGE('',*,*,#3843,.T.);
#5215=ORIENTED_EDGE('',*,*,#3845,.T.);
#5216=ORIENTED_EDGE('',*,*,#3846,.T.);
#5217=ORIENTED_EDGE('',*,*,#3809,.T.);
#5218=ORIENTED_EDGE('',*,*,#3847,.F.);
#5219=ORIENTED_EDGE('',*,*,#3848,.T.);
#5220=ORIENTED_EDGE('',*,*,#3849,.F.);
#5221=ORIENTED_EDGE('',*,*,#3835,.F.);
#5222=ORIENTED_EDGE('',*,*,#3820,.T.);
#5223=ORIENTED_EDGE('',*,*,#3833,.T.);
#5224=ORIENTED_EDGE('',*,*,#3836,.T.);
#5225=ORIENTED_EDGE('',*,*,#3849,.T.);
#5226=ORIENTED_EDGE('',*,*,#3845,.F.);
#5227=ORIENTED_EDGE('',*,*,#3827,.T.);
#5228=ORIENTED_EDGE('',*,*,#3850,.F.);
#5229=ORIENTED_EDGE('',*,*,#3815,.T.);
#5230=ORIENTED_EDGE('',*,*,#3810,.F.);
#5231=ORIENTED_EDGE('',*,*,#3851,.F.);
#5232=ORIENTED_EDGE('',*,*,#3796,.T.);
#5233=ORIENTED_EDGE('',*,*,#3812,.F.);
#5234=ORIENTED_EDGE('',*,*,#3814,.F.);
#5235=ORIENTED_EDGE('',*,*,#3852,.F.);
#5236=ORIENTED_EDGE('',*,*,#3851,.T.);
#5237=ORIENTED_EDGE('',*,*,#3846,.F.);
#5238=ORIENTED_EDGE('',*,*,#3848,.F.);
#5239=ORIENTED_EDGE('',*,*,#3853,.F.);
#5240=ORIENTED_EDGE('',*,*,#3854,.F.);
#5241=ORIENTED_EDGE('',*,*,#3855,.T.);
#5242=ORIENTED_EDGE('',*,*,#3856,.F.);
#5243=ORIENTED_EDGE('',*,*,#3857,.T.);
#5244=ORIENTED_EDGE('',*,*,#3858,.F.);
#5245=ORIENTED_EDGE('',*,*,#3859,.F.);
#5246=ORIENTED_EDGE('',*,*,#3860,.T.);
#5247=ORIENTED_EDGE('',*,*,#3861,.F.);
#5248=ORIENTED_EDGE('',*,*,#3862,.F.);
#5249=ORIENTED_EDGE('',*,*,#3863,.T.);
#5250=ORIENTED_EDGE('',*,*,#3859,.T.);
#5251=ORIENTED_EDGE('',*,*,#3864,.F.);
#5252=ORIENTED_EDGE('',*,*,#3865,.T.);
#5253=ORIENTED_EDGE('',*,*,#3866,.T.);
#5254=ORIENTED_EDGE('',*,*,#3867,.T.);
#5255=ORIENTED_EDGE('',*,*,#3868,.T.);
#5256=ORIENTED_EDGE('',*,*,#3862,.T.);
#5257=ORIENTED_EDGE('',*,*,#3869,.F.);
#5258=ORIENTED_EDGE('',*,*,#3870,.F.);
#5259=ORIENTED_EDGE('',*,*,#3871,.T.);
#5260=ORIENTED_EDGE('',*,*,#3865,.F.);
#5261=ORIENTED_EDGE('',*,*,#3872,.F.);
#5262=ORIENTED_EDGE('',*,*,#3873,.T.);
#5263=ORIENTED_EDGE('',*,*,#3874,.T.);
#5264=ORIENTED_EDGE('',*,*,#3870,.T.);
#5265=ORIENTED_EDGE('',*,*,#3875,.F.);
#5266=ORIENTED_EDGE('',*,*,#3876,.T.);
#5267=ORIENTED_EDGE('',*,*,#3877,.T.);
#5268=ORIENTED_EDGE('',*,*,#3878,.T.);
#5269=ORIENTED_EDGE('',*,*,#3879,.F.);
#5270=ORIENTED_EDGE('',*,*,#3880,.T.);
#5271=ORIENTED_EDGE('',*,*,#3873,.F.);
#5272=ORIENTED_EDGE('',*,*,#3881,.F.);
#5273=ORIENTED_EDGE('',*,*,#3882,.F.);
#5274=ORIENTED_EDGE('',*,*,#3883,.F.);
#5275=ORIENTED_EDGE('',*,*,#3884,.T.);
#5276=ORIENTED_EDGE('',*,*,#3877,.F.);
#5277=ORIENTED_EDGE('',*,*,#3876,.F.);
#5278=ORIENTED_EDGE('',*,*,#3885,.F.);
#5279=ORIENTED_EDGE('',*,*,#3886,.F.);
#5280=ORIENTED_EDGE('',*,*,#3855,.F.);
#5281=ORIENTED_EDGE('',*,*,#3887,.F.);
#5282=ORIENTED_EDGE('',*,*,#3888,.T.);
#5283=ORIENTED_EDGE('',*,*,#3860,.F.);
#5284=ORIENTED_EDGE('',*,*,#3863,.F.);
#5285=ORIENTED_EDGE('',*,*,#3868,.F.);
#5286=ORIENTED_EDGE('',*,*,#3889,.F.);
#5287=ORIENTED_EDGE('',*,*,#3890,.F.);
#5288=ORIENTED_EDGE('',*,*,#3878,.F.);
#5289=ORIENTED_EDGE('',*,*,#3884,.F.);
#5290=ORIENTED_EDGE('',*,*,#3891,.F.);
#5291=ORIENTED_EDGE('',*,*,#3892,.F.);
#5292=ORIENTED_EDGE('',*,*,#3893,.F.);
#5293=ORIENTED_EDGE('',*,*,#3834,.F.);
#5294=ORIENTED_EDGE('',*,*,#3822,.F.);
#5295=ORIENTED_EDGE('',*,*,#3816,.F.);
#5296=ORIENTED_EDGE('',*,*,#3840,.F.);
#5297=ORIENTED_EDGE('',*,*,#3894,.F.);
#5298=ORIENTED_EDGE('',*,*,#3850,.T.);
#5299=ORIENTED_EDGE('',*,*,#3852,.T.);
#5300=ORIENTED_EDGE('',*,*,#3847,.T.);
#5301=ORIENTED_EDGE('',*,*,#3893,.T.);
#5302=ORIENTED_EDGE('',*,*,#3895,.T.);
#5303=ORIENTED_EDGE('',*,*,#3896,.F.);
#5304=ORIENTED_EDGE('',*,*,#3895,.F.);
#5305=ORIENTED_EDGE('',*,*,#3892,.T.);
#5306=ORIENTED_EDGE('',*,*,#3897,.F.);
#5307=ORIENTED_EDGE('',*,*,#3898,.F.);
#5308=ORIENTED_EDGE('',*,*,#3897,.T.);
#5309=ORIENTED_EDGE('',*,*,#3891,.T.);
#5310=ORIENTED_EDGE('',*,*,#3883,.T.);
#5311=ORIENTED_EDGE('',*,*,#3882,.T.);
#5312=ORIENTED_EDGE('',*,*,#3890,.T.);
#5313=ORIENTED_EDGE('',*,*,#3899,.T.);
#5314=ORIENTED_EDGE('',*,*,#3900,.T.);
#5315=ORIENTED_EDGE('',*,*,#3879,.T.);
#5316=ORIENTED_EDGE('',*,*,#3889,.T.);
#5317=ORIENTED_EDGE('',*,*,#3867,.F.);
#5318=ORIENTED_EDGE('',*,*,#3901,.F.);
#5319=ORIENTED_EDGE('',*,*,#3899,.F.);
#5320=ORIENTED_EDGE('',*,*,#3902,.T.);
#5321=ORIENTED_EDGE('',*,*,#3903,.T.);
#5322=ORIENTED_EDGE('',*,*,#3887,.T.);
#5323=ORIENTED_EDGE('',*,*,#3854,.T.);
#5324=ORIENTED_EDGE('',*,*,#3904,.F.);
#5325=ORIENTED_EDGE('',*,*,#3900,.F.);
#5326=ORIENTED_EDGE('',*,*,#3901,.T.);
#5327=ORIENTED_EDGE('',*,*,#3866,.F.);
#5328=ORIENTED_EDGE('',*,*,#3871,.F.);
#5329=ORIENTED_EDGE('',*,*,#3874,.F.);
#5330=ORIENTED_EDGE('',*,*,#3880,.F.);
#5331=ORIENTED_EDGE('',*,*,#3905,.F.);
#5332=ORIENTED_EDGE('',*,*,#3906,.T.);
#5333=ORIENTED_EDGE('',*,*,#3902,.F.);
#5334=ORIENTED_EDGE('',*,*,#3907,.F.);
#5335=ORIENTED_EDGE('',*,*,#3857,.F.);
#5336=ORIENTED_EDGE('',*,*,#3888,.F.);
#5337=ORIENTED_EDGE('',*,*,#3903,.F.);
#5338=ORIENTED_EDGE('',*,*,#3906,.F.);
#5339=ORIENTED_EDGE('',*,*,#3908,.F.);
#5340=ORIENTED_EDGE('',*,*,#3837,.T.);
#5341=ORIENTED_EDGE('',*,*,#3804,.T.);
#5342=ORIENTED_EDGE('',*,*,#3797,.T.);
#5343=ORIENTED_EDGE('',*,*,#3813,.T.);
#5344=ORIENTED_EDGE('',*,*,#3894,.T.);
#5345=ORIENTED_EDGE('',*,*,#3896,.T.);
#5346=ORIENTED_EDGE('',*,*,#3898,.T.);
#5347=ORIENTED_EDGE('',*,*,#3881,.T.);
#5348=ORIENTED_EDGE('',*,*,#3875,.T.);
#5349=ORIENTED_EDGE('',*,*,#3872,.T.);
#5350=ORIENTED_EDGE('',*,*,#3869,.T.);
#5351=ORIENTED_EDGE('',*,*,#3864,.T.);
#5352=ORIENTED_EDGE('',*,*,#3861,.T.);
#5353=ORIENTED_EDGE('',*,*,#3858,.T.);
#5354=ORIENTED_EDGE('',*,*,#3907,.T.);
#5355=ORIENTED_EDGE('',*,*,#3905,.T.);
#5356=ORIENTED_EDGE('',*,*,#3904,.T.);
#5357=ORIENTED_EDGE('',*,*,#3853,.T.);
#5358=ORIENTED_EDGE('',*,*,#3909,.T.);
#5359=ORIENTED_EDGE('',*,*,#3910,.F.);
#5360=ORIENTED_EDGE('',*,*,#3909,.F.);
#5361=ORIENTED_EDGE('',*,*,#3856,.T.);
#5362=ORIENTED_EDGE('',*,*,#3886,.T.);
#5363=ORIENTED_EDGE('',*,*,#3908,.T.);
#5364=ORIENTED_EDGE('',*,*,#3910,.T.);
#5365=ORIENTED_EDGE('',*,*,#3885,.T.);
#5366=ORIENTED_EDGE('',*,*,#3842,.T.);
#5367=ORIENTED_EDGE('',*,*,#3844,.F.);
#5368=ORIENTED_EDGE('',*,*,#3838,.F.);
#5369=ORIENTED_EDGE('',*,*,#3911,.F.);
#5370=ORIENTED_EDGE('',*,*,#3912,.T.);
#5371=ORIENTED_EDGE('',*,*,#3913,.T.);
#5372=ORIENTED_EDGE('',*,*,#3914,.T.);
#5373=ORIENTED_EDGE('',*,*,#3915,.T.);
#5374=ORIENTED_EDGE('',*,*,#3916,.T.);
#5375=ORIENTED_EDGE('',*,*,#3917,.T.);
#5376=ORIENTED_EDGE('',*,*,#3918,.T.);
#5377=ORIENTED_EDGE('',*,*,#3919,.T.);
#5378=ORIENTED_EDGE('',*,*,#3920,.T.);
#5379=ORIENTED_EDGE('',*,*,#3921,.T.);
#5380=ORIENTED_EDGE('',*,*,#3922,.T.);
#5381=ORIENTED_EDGE('',*,*,#3923,.T.);
#5382=ORIENTED_EDGE('',*,*,#3924,.T.);
#5383=ORIENTED_EDGE('',*,*,#3914,.F.);
#5384=ORIENTED_EDGE('',*,*,#3925,.T.);
#5385=ORIENTED_EDGE('',*,*,#3926,.T.);
#5386=ORIENTED_EDGE('',*,*,#3925,.F.);
#5387=ORIENTED_EDGE('',*,*,#3913,.F.);
#5388=ORIENTED_EDGE('',*,*,#3927,.F.);
#5389=ORIENTED_EDGE('',*,*,#3920,.F.);
#5390=ORIENTED_EDGE('',*,*,#3928,.T.);
#5391=ORIENTED_EDGE('',*,*,#3929,.T.);
#5392=ORIENTED_EDGE('',*,*,#3930,.T.);
#5393=ORIENTED_EDGE('',*,*,#3919,.F.);
#5394=ORIENTED_EDGE('',*,*,#3931,.T.);
#5395=ORIENTED_EDGE('',*,*,#3932,.T.);
#5396=ORIENTED_EDGE('',*,*,#3928,.F.);
#5397=ORIENTED_EDGE('',*,*,#3933,.T.);
#5398=ORIENTED_EDGE('',*,*,#3915,.F.);
#5399=ORIENTED_EDGE('',*,*,#3924,.F.);
#5400=ORIENTED_EDGE('',*,*,#3934,.T.);
#5401=ORIENTED_EDGE('',*,*,#3935,.T.);
#5402=ORIENTED_EDGE('',*,*,#3936,.F.);
#5403=ORIENTED_EDGE('',*,*,#3922,.F.);
#5404=ORIENTED_EDGE('',*,*,#3937,.F.);
#5405=ORIENTED_EDGE('',*,*,#3938,.T.);
#5406=ORIENTED_EDGE('',*,*,#3939,.T.);
#5407=ORIENTED_EDGE('',*,*,#3937,.T.);
#5408=ORIENTED_EDGE('',*,*,#3921,.F.);
#5409=ORIENTED_EDGE('',*,*,#3930,.F.);
#5410=ORIENTED_EDGE('',*,*,#3940,.T.);
#5411=ORIENTED_EDGE('',*,*,#3941,.F.);
#5412=ORIENTED_EDGE('',*,*,#3942,.T.);
#5413=ORIENTED_EDGE('',*,*,#3941,.T.);
#5414=ORIENTED_EDGE('',*,*,#3943,.T.);
#5415=ORIENTED_EDGE('',*,*,#3944,.T.);
#5416=ORIENTED_EDGE('',*,*,#3945,.T.);
#5417=ORIENTED_EDGE('',*,*,#3944,.F.);
#5418=ORIENTED_EDGE('',*,*,#3946,.F.);
#5419=ORIENTED_EDGE('',*,*,#3947,.F.);
#5420=ORIENTED_EDGE('',*,*,#3948,.T.);
#5421=ORIENTED_EDGE('',*,*,#3947,.T.);
#5422=ORIENTED_EDGE('',*,*,#3949,.F.);
#5423=ORIENTED_EDGE('',*,*,#3950,.F.);
#5424=ORIENTED_EDGE('',*,*,#3951,.T.);
#5425=ORIENTED_EDGE('',*,*,#3952,.T.);
#5426=ORIENTED_EDGE('',*,*,#3950,.T.);
#5427=ORIENTED_EDGE('',*,*,#3953,.F.);
#5428=ORIENTED_EDGE('',*,*,#3954,.T.);
#5429=ORIENTED_EDGE('',*,*,#3953,.T.);
#5430=ORIENTED_EDGE('',*,*,#3949,.T.);
#5431=ORIENTED_EDGE('',*,*,#3946,.T.);
#5432=ORIENTED_EDGE('',*,*,#3943,.F.);
#5433=ORIENTED_EDGE('',*,*,#3940,.F.);
#5434=ORIENTED_EDGE('',*,*,#3929,.F.);
#5435=ORIENTED_EDGE('',*,*,#3932,.F.);
#5436=ORIENTED_EDGE('',*,*,#3955,.F.);
#5437=ORIENTED_EDGE('',*,*,#3956,.T.);
#5438=ORIENTED_EDGE('',*,*,#3955,.T.);
#5439=ORIENTED_EDGE('',*,*,#3931,.F.);
#5440=ORIENTED_EDGE('',*,*,#3918,.F.);
#5441=ORIENTED_EDGE('',*,*,#3917,.F.);
#5442=ORIENTED_EDGE('',*,*,#3957,.F.);
#5443=ORIENTED_EDGE('',*,*,#3935,.F.);
#5444=ORIENTED_EDGE('',*,*,#3958,.F.);
#5445=ORIENTED_EDGE('',*,*,#3951,.F.);
#5446=ORIENTED_EDGE('',*,*,#3954,.F.);
#5447=ORIENTED_EDGE('',*,*,#3956,.F.);
#5448=ORIENTED_EDGE('',*,*,#3916,.F.);
#5449=ORIENTED_EDGE('',*,*,#3933,.F.);
#5450=ORIENTED_EDGE('',*,*,#3957,.T.);
#5451=ORIENTED_EDGE('',*,*,#3959,.F.);
#5452=ORIENTED_EDGE('',*,*,#3938,.F.);
#5453=ORIENTED_EDGE('',*,*,#3939,.F.);
#5454=ORIENTED_EDGE('',*,*,#3942,.F.);
#5455=ORIENTED_EDGE('',*,*,#3945,.F.);
#5456=ORIENTED_EDGE('',*,*,#3948,.F.);
#5457=ORIENTED_EDGE('',*,*,#3952,.F.);
#5458=ORIENTED_EDGE('',*,*,#3958,.T.);
#5459=ORIENTED_EDGE('',*,*,#3934,.F.);
#5460=ORIENTED_EDGE('',*,*,#3923,.F.);
#5461=ORIENTED_EDGE('',*,*,#3926,.F.);
#5462=ORIENTED_EDGE('',*,*,#3960,.F.);
#5463=ORIENTED_EDGE('',*,*,#3961,.F.);
#5464=ORIENTED_EDGE('',*,*,#3960,.T.);
#5465=ORIENTED_EDGE('',*,*,#3927,.T.);
#5466=ORIENTED_EDGE('',*,*,#3912,.F.);
#5467=ORIENTED_EDGE('',*,*,#3959,.T.);
#5468=ORIENTED_EDGE('',*,*,#3961,.T.);
#5469=ORIENTED_EDGE('',*,*,#3911,.T.);
#5470=ORIENTED_EDGE('',*,*,#3936,.T.);
#5471=ORIENTED_EDGE('',*,*,#3962,.T.);
#5472=ORIENTED_EDGE('',*,*,#3963,.T.);
#5473=ORIENTED_EDGE('',*,*,#3964,.F.);
#5474=ORIENTED_EDGE('',*,*,#3965,.T.);
#5475=ORIENTED_EDGE('',*,*,#3966,.T.);
#5476=ORIENTED_EDGE('',*,*,#3967,.F.);
#5477=ORIENTED_EDGE('',*,*,#3968,.T.);
#5478=ORIENTED_EDGE('',*,*,#3969,.T.);
#5479=ORIENTED_EDGE('',*,*,#3970,.T.);
#5480=ORIENTED_EDGE('',*,*,#3969,.F.);
#5481=ORIENTED_EDGE('',*,*,#3971,.T.);
#5482=ORIENTED_EDGE('',*,*,#3972,.F.);
#5483=ORIENTED_EDGE('',*,*,#3973,.T.);
#5484=ORIENTED_EDGE('',*,*,#3974,.F.);
#5485=ORIENTED_EDGE('',*,*,#3975,.F.);
#5486=ORIENTED_EDGE('',*,*,#3976,.T.);
#5487=ORIENTED_EDGE('',*,*,#3977,.T.);
#5488=ORIENTED_EDGE('',*,*,#3978,.T.);
#5489=ORIENTED_EDGE('',*,*,#3979,.T.);
#5490=ORIENTED_EDGE('',*,*,#3980,.T.);
#5491=ORIENTED_EDGE('',*,*,#3981,.T.);
#5492=ORIENTED_EDGE('',*,*,#3980,.F.);
#5493=ORIENTED_EDGE('',*,*,#3982,.F.);
#5494=ORIENTED_EDGE('',*,*,#3983,.F.);
#5495=ORIENTED_EDGE('',*,*,#3984,.T.);
#5496=ORIENTED_EDGE('',*,*,#3985,.T.);
#5497=ORIENTED_EDGE('',*,*,#3986,.T.);
#5498=ORIENTED_EDGE('',*,*,#3987,.F.);
#5499=ORIENTED_EDGE('',*,*,#3988,.T.);
#5500=ORIENTED_EDGE('',*,*,#3989,.T.);
#5501=ORIENTED_EDGE('',*,*,#3990,.T.);
#5502=ORIENTED_EDGE('',*,*,#3991,.T.);
#5503=ORIENTED_EDGE('',*,*,#3992,.T.);
#5504=ORIENTED_EDGE('',*,*,#3993,.T.);
#5505=ORIENTED_EDGE('',*,*,#3992,.F.);
#5506=ORIENTED_EDGE('',*,*,#3994,.F.);
#5507=ORIENTED_EDGE('',*,*,#3995,.F.);
#5508=ORIENTED_EDGE('',*,*,#3996,.T.);
#5509=ORIENTED_EDGE('',*,*,#3995,.T.);
#5510=ORIENTED_EDGE('',*,*,#3997,.T.);
#5511=ORIENTED_EDGE('',*,*,#3987,.T.);
#5512=ORIENTED_EDGE('',*,*,#3998,.T.);
#5513=ORIENTED_EDGE('',*,*,#3967,.T.);
#5514=ORIENTED_EDGE('',*,*,#3999,.T.);
#5515=ORIENTED_EDGE('',*,*,#4000,.F.);
#5516=ORIENTED_EDGE('',*,*,#3985,.F.);
#5517=ORIENTED_EDGE('',*,*,#4001,.T.);
#5518=ORIENTED_EDGE('',*,*,#4002,.T.);
#5519=ORIENTED_EDGE('',*,*,#4003,.T.);
#5520=ORIENTED_EDGE('',*,*,#3994,.T.);
#5521=ORIENTED_EDGE('',*,*,#3991,.F.);
#5522=ORIENTED_EDGE('',*,*,#4004,.F.);
#5523=ORIENTED_EDGE('',*,*,#4001,.F.);
#5524=ORIENTED_EDGE('',*,*,#3984,.F.);
#5525=ORIENTED_EDGE('',*,*,#4005,.F.);
#5526=ORIENTED_EDGE('',*,*,#3982,.T.);
#5527=ORIENTED_EDGE('',*,*,#3979,.F.);
#5528=ORIENTED_EDGE('',*,*,#4006,.T.);
#5529=ORIENTED_EDGE('',*,*,#4007,.F.);
#5530=ORIENTED_EDGE('',*,*,#4008,.F.);
#5531=ORIENTED_EDGE('',*,*,#4009,.F.);
#5532=ORIENTED_EDGE('',*,*,#4010,.F.);
#5533=ORIENTED_EDGE('',*,*,#4011,.F.);
#5534=ORIENTED_EDGE('',*,*,#4012,.F.);
#5535=ORIENTED_EDGE('',*,*,#4011,.T.);
#5536=ORIENTED_EDGE('',*,*,#4013,.T.);
#5537=ORIENTED_EDGE('',*,*,#4014,.T.);
#5538=ORIENTED_EDGE('',*,*,#4015,.F.);
#5539=ORIENTED_EDGE('',*,*,#4014,.F.);
#5540=ORIENTED_EDGE('',*,*,#3971,.F.);
#5541=ORIENTED_EDGE('',*,*,#3968,.F.);
#5542=ORIENTED_EDGE('',*,*,#3998,.F.);
#5543=ORIENTED_EDGE('',*,*,#4016,.T.);
#5544=ORIENTED_EDGE('',*,*,#4017,.F.);
#5545=ORIENTED_EDGE('',*,*,#4016,.F.);
#5546=ORIENTED_EDGE('',*,*,#3986,.F.);
#5547=ORIENTED_EDGE('',*,*,#4000,.T.);
#5548=ORIENTED_EDGE('',*,*,#4005,.T.);
#5549=ORIENTED_EDGE('',*,*,#4012,.T.);
#5550=ORIENTED_EDGE('',*,*,#4015,.T.);
#5551=ORIENTED_EDGE('',*,*,#4017,.T.);
#5552=ORIENTED_EDGE('',*,*,#3999,.F.);
#5553=ORIENTED_EDGE('',*,*,#4004,.T.);
#5554=ORIENTED_EDGE('',*,*,#3983,.T.);
#5555=ORIENTED_EDGE('',*,*,#4006,.F.);
#5556=ORIENTED_EDGE('',*,*,#3978,.F.);
#5557=ORIENTED_EDGE('',*,*,#4018,.T.);
#5558=ORIENTED_EDGE('',*,*,#4019,.T.);
#5559=ORIENTED_EDGE('',*,*,#4020,.F.);
#5560=ORIENTED_EDGE('',*,*,#4021,.F.);
#5561=ORIENTED_EDGE('',*,*,#4022,.T.);
#5562=ORIENTED_EDGE('',*,*,#4023,.F.);
#5563=ORIENTED_EDGE('',*,*,#4024,.F.);
#5564=ORIENTED_EDGE('',*,*,#4025,.T.);
#5565=ORIENTED_EDGE('',*,*,#3975,.T.);
#5566=ORIENTED_EDGE('',*,*,#4026,.T.);
#5567=ORIENTED_EDGE('',*,*,#4027,.T.);
#5568=ORIENTED_EDGE('',*,*,#3964,.T.);
#5569=ORIENTED_EDGE('',*,*,#4028,.T.);
#5570=ORIENTED_EDGE('',*,*,#4029,.T.);
#5571=ORIENTED_EDGE('',*,*,#4026,.F.);
#5572=ORIENTED_EDGE('',*,*,#3974,.T.);
#5573=ORIENTED_EDGE('',*,*,#4030,.T.);
#5574=ORIENTED_EDGE('',*,*,#3965,.F.);
#5575=ORIENTED_EDGE('',*,*,#4031,.F.);
#5576=ORIENTED_EDGE('',*,*,#4032,.F.);
#5577=ORIENTED_EDGE('',*,*,#4033,.F.);
#5578=ORIENTED_EDGE('',*,*,#4034,.T.);
#5579=ORIENTED_EDGE('',*,*,#4032,.T.);
#5580=ORIENTED_EDGE('',*,*,#4035,.F.);
#5581=ORIENTED_EDGE('',*,*,#4036,.F.);
#5582=ORIENTED_EDGE('',*,*,#4035,.T.);
#5583=ORIENTED_EDGE('',*,*,#4037,.T.);
#5584=ORIENTED_EDGE('',*,*,#4038,.T.);
#5585=ORIENTED_EDGE('',*,*,#4029,.F.);
#5586=ORIENTED_EDGE('',*,*,#3973,.F.);
#5587=ORIENTED_EDGE('',*,*,#4025,.F.);
#5588=ORIENTED_EDGE('',*,*,#4039,.F.);
#5589=ORIENTED_EDGE('',*,*,#4037,.F.);
#5590=ORIENTED_EDGE('',*,*,#4031,.T.);
#5591=ORIENTED_EDGE('',*,*,#4027,.F.);
#5592=ORIENTED_EDGE('',*,*,#4040,.T.);
#5593=ORIENTED_EDGE('',*,*,#4041,.T.);
#5594=ORIENTED_EDGE('',*,*,#4018,.F.);
#5595=ORIENTED_EDGE('',*,*,#3977,.F.);
#5596=ORIENTED_EDGE('',*,*,#4042,.T.);
#5597=ORIENTED_EDGE('',*,*,#4043,.F.);
#5598=ORIENTED_EDGE('',*,*,#4039,.T.);
#5599=ORIENTED_EDGE('',*,*,#4044,.F.);
#5600=ORIENTED_EDGE('',*,*,#4045,.T.);
#5601=ORIENTED_EDGE('',*,*,#3972,.T.);
#5602=ORIENTED_EDGE('',*,*,#4013,.F.);
#5603=ORIENTED_EDGE('',*,*,#4046,.T.);
#5604=ORIENTED_EDGE('',*,*,#4047,.T.);
#5605=ORIENTED_EDGE('',*,*,#4046,.F.);
#5606=ORIENTED_EDGE('',*,*,#4010,.T.);
#5607=ORIENTED_EDGE('',*,*,#4009,.T.);
#5608=ORIENTED_EDGE('',*,*,#4008,.T.);
#5609=ORIENTED_EDGE('',*,*,#4048,.F.);
#5610=ORIENTED_EDGE('',*,*,#4049,.T.);
#5611=ORIENTED_EDGE('',*,*,#4048,.T.);
#5612=ORIENTED_EDGE('',*,*,#4007,.T.);
#5613=ORIENTED_EDGE('',*,*,#4023,.T.);
#5614=ORIENTED_EDGE('',*,*,#4050,.T.);
#5615=ORIENTED_EDGE('',*,*,#4051,.T.);
#5616=ORIENTED_EDGE('',*,*,#4050,.F.);
#5617=ORIENTED_EDGE('',*,*,#4022,.F.);
#5618=ORIENTED_EDGE('',*,*,#4052,.F.);
#5619=ORIENTED_EDGE('',*,*,#4053,.T.);
#5620=ORIENTED_EDGE('',*,*,#4052,.T.);
#5621=ORIENTED_EDGE('',*,*,#4021,.T.);
#5622=ORIENTED_EDGE('',*,*,#4054,.F.);
#5623=ORIENTED_EDGE('',*,*,#4055,.T.);
#5624=ORIENTED_EDGE('',*,*,#4054,.T.);
#5625=ORIENTED_EDGE('',*,*,#4020,.T.);
#5626=ORIENTED_EDGE('',*,*,#4056,.T.);
#5627=ORIENTED_EDGE('',*,*,#4057,.T.);
#5628=ORIENTED_EDGE('',*,*,#4058,.F.);
#5629=ORIENTED_EDGE('',*,*,#4038,.F.);
#5630=ORIENTED_EDGE('',*,*,#4043,.T.);
#5631=ORIENTED_EDGE('',*,*,#4059,.T.);
#5632=ORIENTED_EDGE('',*,*,#4060,.T.);
#5633=ORIENTED_EDGE('',*,*,#4061,.T.);
#5634=ORIENTED_EDGE('',*,*,#3989,.F.);
#5635=ORIENTED_EDGE('',*,*,#4062,.F.);
#5636=ORIENTED_EDGE('',*,*,#4063,.T.);
#5637=ORIENTED_EDGE('',*,*,#4062,.T.);
#5638=ORIENTED_EDGE('',*,*,#3988,.F.);
#5639=ORIENTED_EDGE('',*,*,#3997,.F.);
#5640=ORIENTED_EDGE('',*,*,#4003,.F.);
#5641=ORIENTED_EDGE('',*,*,#4064,.T.);
#5642=ORIENTED_EDGE('',*,*,#4065,.T.);
#5643=ORIENTED_EDGE('',*,*,#4066,.F.);
#5644=ORIENTED_EDGE('',*,*,#4028,.F.);
#5645=ORIENTED_EDGE('',*,*,#4067,.T.);
#5646=ORIENTED_EDGE('',*,*,#4068,.F.);
#5647=ORIENTED_EDGE('',*,*,#4069,.F.);
#5648=ORIENTED_EDGE('',*,*,#4040,.F.);
#5649=ORIENTED_EDGE('',*,*,#3976,.F.);
#5650=ORIENTED_EDGE('',*,*,#3981,.F.);
#5651=ORIENTED_EDGE('',*,*,#4061,.F.);
#5652=ORIENTED_EDGE('',*,*,#4070,.T.);
#5653=ORIENTED_EDGE('',*,*,#4071,.F.);
#5654=ORIENTED_EDGE('',*,*,#3962,.F.);
#5655=ORIENTED_EDGE('',*,*,#4030,.F.);
#5656=ORIENTED_EDGE('',*,*,#4034,.F.);
#5657=ORIENTED_EDGE('',*,*,#4072,.T.);
#5658=ORIENTED_EDGE('',*,*,#4070,.F.);
#5659=ORIENTED_EDGE('',*,*,#4060,.F.);
#5660=ORIENTED_EDGE('',*,*,#4063,.F.);
#5661=ORIENTED_EDGE('',*,*,#4073,.F.);
#5662=ORIENTED_EDGE('',*,*,#4074,.T.);
#5663=ORIENTED_EDGE('',*,*,#4065,.F.);
#5664=ORIENTED_EDGE('',*,*,#4074,.F.);
#5665=ORIENTED_EDGE('',*,*,#4075,.T.);
#5666=ORIENTED_EDGE('',*,*,#4044,.T.);
#5667=ORIENTED_EDGE('',*,*,#4024,.T.);
#5668=ORIENTED_EDGE('',*,*,#4066,.T.);
#5669=ORIENTED_EDGE('',*,*,#4072,.F.);
#5670=ORIENTED_EDGE('',*,*,#4067,.F.);
#5671=ORIENTED_EDGE('',*,*,#3963,.F.);
#5672=ORIENTED_EDGE('',*,*,#4071,.T.);
#5673=ORIENTED_EDGE('',*,*,#4076,.F.);
#5674=ORIENTED_EDGE('',*,*,#4059,.F.);
#5675=ORIENTED_EDGE('',*,*,#4042,.F.);
#5676=ORIENTED_EDGE('',*,*,#4075,.F.);
#5677=ORIENTED_EDGE('',*,*,#4073,.T.);
#5678=ORIENTED_EDGE('',*,*,#4064,.F.);
#5679=ORIENTED_EDGE('',*,*,#4002,.F.);
#5680=ORIENTED_EDGE('',*,*,#3990,.F.);
#5681=ORIENTED_EDGE('',*,*,#3993,.F.);
#5682=ORIENTED_EDGE('',*,*,#3996,.F.);
#5683=ORIENTED_EDGE('',*,*,#3966,.F.);
#5684=ORIENTED_EDGE('',*,*,#3970,.F.);
#5685=ORIENTED_EDGE('',*,*,#4045,.F.);
#5686=ORIENTED_EDGE('',*,*,#4047,.F.);
#5687=ORIENTED_EDGE('',*,*,#4049,.F.);
#5688=ORIENTED_EDGE('',*,*,#4051,.F.);
#5689=ORIENTED_EDGE('',*,*,#4053,.F.);
#5690=ORIENTED_EDGE('',*,*,#4055,.F.);
#5691=ORIENTED_EDGE('',*,*,#4077,.F.);
#5692=ORIENTED_EDGE('',*,*,#4078,.F.);
#5693=ORIENTED_EDGE('',*,*,#4077,.T.);
#5694=ORIENTED_EDGE('',*,*,#4057,.F.);
#5695=ORIENTED_EDGE('',*,*,#4079,.T.);
#5696=ORIENTED_EDGE('',*,*,#4080,.F.);
#5697=ORIENTED_EDGE('',*,*,#4079,.F.);
#5698=ORIENTED_EDGE('',*,*,#4056,.F.);
#5699=ORIENTED_EDGE('',*,*,#4019,.F.);
#5700=ORIENTED_EDGE('',*,*,#4081,.T.);
#5701=ORIENTED_EDGE('',*,*,#4082,.F.);
#5702=ORIENTED_EDGE('',*,*,#4081,.F.);
#5703=ORIENTED_EDGE('',*,*,#4041,.F.);
#5704=ORIENTED_EDGE('',*,*,#4069,.T.);
#5705=ORIENTED_EDGE('',*,*,#4076,.T.);
#5706=ORIENTED_EDGE('',*,*,#4078,.T.);
#5707=ORIENTED_EDGE('',*,*,#4080,.T.);
#5708=ORIENTED_EDGE('',*,*,#4082,.T.);
#5709=ORIENTED_EDGE('',*,*,#4068,.T.);
#5710=ORIENTED_EDGE('',*,*,#4033,.T.);
#5711=ORIENTED_EDGE('',*,*,#4036,.T.);
#5712=ORIENTED_EDGE('',*,*,#4058,.T.);
#5713=ORIENTED_EDGE('',*,*,#4083,.F.);
#5714=ORIENTED_EDGE('',*,*,#4084,.T.);
#5715=ORIENTED_EDGE('',*,*,#4085,.F.);
#5716=ORIENTED_EDGE('',*,*,#4086,.F.);
#5717=ORIENTED_EDGE('',*,*,#4087,.T.);
#5718=ORIENTED_EDGE('',*,*,#4088,.F.);
#5719=ORIENTED_EDGE('',*,*,#4089,.F.);
#5720=ORIENTED_EDGE('',*,*,#4090,.F.);
#5721=ORIENTED_EDGE('',*,*,#4091,.T.);
#5722=ORIENTED_EDGE('',*,*,#4090,.T.);
#5723=ORIENTED_EDGE('',*,*,#4092,.F.);
#5724=ORIENTED_EDGE('',*,*,#4093,.F.);
#5725=ORIENTED_EDGE('',*,*,#4094,.T.);
#5726=ORIENTED_EDGE('',*,*,#4093,.T.);
#5727=ORIENTED_EDGE('',*,*,#4095,.F.);
#5728=ORIENTED_EDGE('',*,*,#4096,.F.);
#5729=ORIENTED_EDGE('',*,*,#4097,.F.);
#5730=ORIENTED_EDGE('',*,*,#4096,.T.);
#5731=ORIENTED_EDGE('',*,*,#4098,.F.);
#5732=ORIENTED_EDGE('',*,*,#4084,.F.);
#5733=ORIENTED_EDGE('',*,*,#4098,.T.);
#5734=ORIENTED_EDGE('',*,*,#4095,.T.);
#5735=ORIENTED_EDGE('',*,*,#4092,.T.);
#5736=ORIENTED_EDGE('',*,*,#4089,.T.);
#5737=ORIENTED_EDGE('',*,*,#4099,.F.);
#5738=ORIENTED_EDGE('',*,*,#4085,.T.);
#5739=ORIENTED_EDGE('',*,*,#4097,.T.);
#5740=ORIENTED_EDGE('',*,*,#4100,.F.);
#5741=ORIENTED_EDGE('',*,*,#4101,.T.);
#5742=ORIENTED_EDGE('',*,*,#4102,.T.);
#5743=ORIENTED_EDGE('',*,*,#4091,.F.);
#5744=ORIENTED_EDGE('',*,*,#4103,.F.);
#5745=ORIENTED_EDGE('',*,*,#4104,.T.);
#5746=ORIENTED_EDGE('',*,*,#4105,.T.);
#5747=ORIENTED_EDGE('',*,*,#4094,.F.);
#5748=ORIENTED_EDGE('',*,*,#4102,.F.);
#5749=ORIENTED_EDGE('',*,*,#4106,.T.);
#5750=ORIENTED_EDGE('',*,*,#4103,.T.);
#5751=ORIENTED_EDGE('',*,*,#4107,.T.);
#5752=ORIENTED_EDGE('',*,*,#4108,.T.);
#5753=ORIENTED_EDGE('',*,*,#4109,.T.);
#5754=ORIENTED_EDGE('',*,*,#4110,.T.);
#5755=ORIENTED_EDGE('',*,*,#4088,.T.);
#5756=ORIENTED_EDGE('',*,*,#4111,.F.);
#5757=ORIENTED_EDGE('',*,*,#4112,.T.);
#5758=ORIENTED_EDGE('',*,*,#4113,.F.);
#5759=ORIENTED_EDGE('',*,*,#4086,.T.);
#5760=ORIENTED_EDGE('',*,*,#4099,.T.);
#5761=ORIENTED_EDGE('',*,*,#4114,.T.);
#5762=ORIENTED_EDGE('',*,*,#4100,.T.);
#5763=ORIENTED_EDGE('',*,*,#4083,.T.);
#5764=ORIENTED_EDGE('',*,*,#4113,.T.);
#5765=ORIENTED_EDGE('',*,*,#4115,.F.);
#5766=ORIENTED_EDGE('',*,*,#4116,.F.);
#5767=ORIENTED_EDGE('',*,*,#4117,.F.);
#5768=ORIENTED_EDGE('',*,*,#4118,.F.);
#5769=ORIENTED_EDGE('',*,*,#4119,.F.);
#5770=ORIENTED_EDGE('',*,*,#4120,.F.);
#5771=ORIENTED_EDGE('',*,*,#4107,.F.);
#5772=ORIENTED_EDGE('',*,*,#4121,.F.);
#5773=ORIENTED_EDGE('',*,*,#4106,.F.);
#5774=ORIENTED_EDGE('',*,*,#4101,.F.);
#5775=ORIENTED_EDGE('',*,*,#4114,.F.);
#5776=ORIENTED_EDGE('',*,*,#4112,.F.);
#5777=ORIENTED_EDGE('',*,*,#4122,.F.);
#5778=ORIENTED_EDGE('',*,*,#4104,.F.);
#5779=ORIENTED_EDGE('',*,*,#4118,.T.);
#5780=ORIENTED_EDGE('',*,*,#4123,.F.);
#5781=ORIENTED_EDGE('',*,*,#4124,.T.);
#5782=ORIENTED_EDGE('',*,*,#4125,.T.);
#5783=ORIENTED_EDGE('',*,*,#4126,.T.);
#5784=ORIENTED_EDGE('',*,*,#4108,.F.);
#5785=ORIENTED_EDGE('',*,*,#4120,.T.);
#5786=ORIENTED_EDGE('',*,*,#4119,.T.);
#5787=ORIENTED_EDGE('',*,*,#4117,.T.);
#5788=ORIENTED_EDGE('',*,*,#4127,.T.);
#5789=ORIENTED_EDGE('',*,*,#4128,.T.);
#5790=ORIENTED_EDGE('',*,*,#4123,.T.);
#5791=ORIENTED_EDGE('',*,*,#4116,.T.);
#5792=ORIENTED_EDGE('',*,*,#4115,.T.);
#5793=ORIENTED_EDGE('',*,*,#4121,.T.);
#5794=ORIENTED_EDGE('',*,*,#4110,.F.);
#5795=ORIENTED_EDGE('',*,*,#4129,.T.);
#5796=ORIENTED_EDGE('',*,*,#4130,.T.);
#5797=ORIENTED_EDGE('',*,*,#4131,.T.);
#5798=ORIENTED_EDGE('',*,*,#4127,.F.);
#5799=ORIENTED_EDGE('',*,*,#4122,.T.);
#5800=ORIENTED_EDGE('',*,*,#4111,.T.);
#5801=ORIENTED_EDGE('',*,*,#4087,.F.);
#5802=ORIENTED_EDGE('',*,*,#4105,.F.);
#5803=ORIENTED_EDGE('',*,*,#4125,.F.);
#5804=ORIENTED_EDGE('',*,*,#4124,.F.);
#5805=ORIENTED_EDGE('',*,*,#4128,.F.);
#5806=ORIENTED_EDGE('',*,*,#4131,.F.);
#5807=ORIENTED_EDGE('',*,*,#4130,.F.);
#5808=ORIENTED_EDGE('',*,*,#4129,.F.);
#5809=ORIENTED_EDGE('',*,*,#4109,.F.);
#5810=ORIENTED_EDGE('',*,*,#4126,.F.);
#5811=ORIENTED_EDGE('',*,*,#4132,.F.);
#5812=ORIENTED_EDGE('',*,*,#4133,.F.);
#5813=ORIENTED_EDGE('',*,*,#4134,.F.);
#5814=ORIENTED_EDGE('',*,*,#4135,.F.);
#5815=ORIENTED_EDGE('',*,*,#4135,.T.);
#5816=ORIENTED_EDGE('',*,*,#4136,.F.);
#5817=ORIENTED_EDGE('',*,*,#4137,.F.);
#5818=ORIENTED_EDGE('',*,*,#4138,.T.);
#5819=ORIENTED_EDGE('',*,*,#4139,.F.);
#5820=ORIENTED_EDGE('',*,*,#4134,.T.);
#5821=ORIENTED_EDGE('',*,*,#4140,.F.);
#5822=ORIENTED_EDGE('',*,*,#4141,.F.);
#5823=ORIENTED_EDGE('',*,*,#4136,.T.);
#5824=ORIENTED_EDGE('',*,*,#4137,.T.);
#5825=ORIENTED_EDGE('',*,*,#4141,.T.);
#5826=ORIENTED_EDGE('',*,*,#4142,.T.);
#5827=ORIENTED_EDGE('',*,*,#4143,.T.);
#5828=ORIENTED_EDGE('',*,*,#4143,.F.);
#5829=ORIENTED_EDGE('',*,*,#4144,.F.);
#5830=ORIENTED_EDGE('',*,*,#4145,.F.);
#5831=ORIENTED_EDGE('',*,*,#4138,.F.);
#5832=ORIENTED_EDGE('',*,*,#4133,.T.);
#5833=ORIENTED_EDGE('',*,*,#4146,.F.);
#5834=ORIENTED_EDGE('',*,*,#4144,.T.);
#5835=ORIENTED_EDGE('',*,*,#4142,.F.);
#5836=ORIENTED_EDGE('',*,*,#4140,.T.);
#5837=ORIENTED_EDGE('',*,*,#4132,.T.);
#5838=ORIENTED_EDGE('',*,*,#4139,.T.);
#5839=ORIENTED_EDGE('',*,*,#4145,.T.);
#5840=ORIENTED_EDGE('',*,*,#4146,.T.);
#5841=ORIENTED_EDGE('',*,*,#4147,.F.);
#5842=ORIENTED_EDGE('',*,*,#4148,.F.);
#5843=ORIENTED_EDGE('',*,*,#4149,.F.);
#5844=ORIENTED_EDGE('',*,*,#4150,.F.);
#5845=ORIENTED_EDGE('',*,*,#4150,.T.);
#5846=ORIENTED_EDGE('',*,*,#4151,.T.);
#5847=ORIENTED_EDGE('',*,*,#4152,.F.);
#5848=ORIENTED_EDGE('',*,*,#4153,.T.);
#5849=ORIENTED_EDGE('',*,*,#4154,.T.);
#5850=ORIENTED_EDGE('',*,*,#4149,.T.);
#5851=ORIENTED_EDGE('',*,*,#4155,.F.);
#5852=ORIENTED_EDGE('',*,*,#4156,.F.);
#5853=ORIENTED_EDGE('',*,*,#4151,.F.);
#5854=ORIENTED_EDGE('',*,*,#4157,.T.);
#5855=ORIENTED_EDGE('',*,*,#4158,.T.);
#5856=ORIENTED_EDGE('',*,*,#4152,.T.);
#5857=ORIENTED_EDGE('',*,*,#4156,.T.);
#5858=ORIENTED_EDGE('',*,*,#4158,.F.);
#5859=ORIENTED_EDGE('',*,*,#4159,.F.);
#5860=ORIENTED_EDGE('',*,*,#4160,.T.);
#5861=ORIENTED_EDGE('',*,*,#4153,.F.);
#5862=ORIENTED_EDGE('',*,*,#4148,.T.);
#5863=ORIENTED_EDGE('',*,*,#4161,.F.);
#5864=ORIENTED_EDGE('',*,*,#4159,.T.);
#5865=ORIENTED_EDGE('',*,*,#4157,.F.);
#5866=ORIENTED_EDGE('',*,*,#4155,.T.);
#5867=ORIENTED_EDGE('',*,*,#4147,.T.);
#5868=ORIENTED_EDGE('',*,*,#4154,.F.);
#5869=ORIENTED_EDGE('',*,*,#4160,.F.);
#5870=ORIENTED_EDGE('',*,*,#4161,.T.);
#5871=ORIENTED_EDGE('',*,*,#4162,.T.);
#5872=ORIENTED_EDGE('',*,*,#4163,.T.);
#5873=ORIENTED_EDGE('',*,*,#4164,.T.);
#5874=ORIENTED_EDGE('',*,*,#4165,.T.);
#5875=ORIENTED_EDGE('',*,*,#4166,.F.);
#5876=ORIENTED_EDGE('',*,*,#4165,.F.);
#5877=ORIENTED_EDGE('',*,*,#4167,.F.);
#5878=ORIENTED_EDGE('',*,*,#4168,.F.);
#5879=ORIENTED_EDGE('',*,*,#4169,.F.);
#5880=ORIENTED_EDGE('',*,*,#4168,.T.);
#5881=ORIENTED_EDGE('',*,*,#4170,.F.);
#5882=ORIENTED_EDGE('',*,*,#4171,.F.);
#5883=ORIENTED_EDGE('',*,*,#4172,.F.);
#5884=ORIENTED_EDGE('',*,*,#4171,.T.);
#5885=ORIENTED_EDGE('',*,*,#4173,.T.);
#5886=ORIENTED_EDGE('',*,*,#4163,.F.);
#5887=ORIENTED_EDGE('',*,*,#4173,.F.);
#5888=ORIENTED_EDGE('',*,*,#4170,.T.);
#5889=ORIENTED_EDGE('',*,*,#4167,.T.);
#5890=ORIENTED_EDGE('',*,*,#4164,.F.);
#5891=ORIENTED_EDGE('',*,*,#4166,.T.);
#5892=ORIENTED_EDGE('',*,*,#4169,.T.);
#5893=ORIENTED_EDGE('',*,*,#4172,.T.);
#5894=ORIENTED_EDGE('',*,*,#4162,.F.);
#5895=ORIENTED_EDGE('',*,*,#4174,.F.);
#5896=ORIENTED_EDGE('',*,*,#4175,.T.);
#5897=ORIENTED_EDGE('',*,*,#4176,.F.);
#5898=ORIENTED_EDGE('',*,*,#4177,.F.);
#5899=ORIENTED_EDGE('',*,*,#4178,.T.);
#5900=ORIENTED_EDGE('',*,*,#4177,.T.);
#5901=ORIENTED_EDGE('',*,*,#4179,.F.);
#5902=ORIENTED_EDGE('',*,*,#4180,.F.);
#5903=ORIENTED_EDGE('',*,*,#4181,.T.);
#5904=ORIENTED_EDGE('',*,*,#4180,.T.);
#5905=ORIENTED_EDGE('',*,*,#4182,.F.);
#5906=ORIENTED_EDGE('',*,*,#4183,.F.);
#5907=ORIENTED_EDGE('',*,*,#4184,.F.);
#5908=ORIENTED_EDGE('',*,*,#4183,.T.);
#5909=ORIENTED_EDGE('',*,*,#4185,.F.);
#5910=ORIENTED_EDGE('',*,*,#4175,.F.);
#5911=ORIENTED_EDGE('',*,*,#4184,.T.);
#5912=ORIENTED_EDGE('',*,*,#4174,.T.);
#5913=ORIENTED_EDGE('',*,*,#4178,.F.);
#5914=ORIENTED_EDGE('',*,*,#4181,.F.);
#5915=ORIENTED_EDGE('',*,*,#4185,.T.);
#5916=ORIENTED_EDGE('',*,*,#4182,.T.);
#5917=ORIENTED_EDGE('',*,*,#4179,.T.);
#5918=ORIENTED_EDGE('',*,*,#4176,.T.);
#5919=ORIENTED_EDGE('',*,*,#4186,.F.);
#5920=ORIENTED_EDGE('',*,*,#4187,.T.);
#5921=ORIENTED_EDGE('',*,*,#4188,.F.);
#5922=ORIENTED_EDGE('',*,*,#4189,.F.);
#5923=ORIENTED_EDGE('',*,*,#4190,.F.);
#5924=ORIENTED_EDGE('',*,*,#4189,.T.);
#5925=ORIENTED_EDGE('',*,*,#4191,.F.);
#5926=ORIENTED_EDGE('',*,*,#4192,.F.);
#5927=ORIENTED_EDGE('',*,*,#4193,.F.);
#5928=ORIENTED_EDGE('',*,*,#4192,.T.);
#5929=ORIENTED_EDGE('',*,*,#4194,.F.);
#5930=ORIENTED_EDGE('',*,*,#4195,.F.);
#5931=ORIENTED_EDGE('',*,*,#4196,.F.);
#5932=ORIENTED_EDGE('',*,*,#4195,.T.);
#5933=ORIENTED_EDGE('',*,*,#4197,.F.);
#5934=ORIENTED_EDGE('',*,*,#4187,.F.);
#5935=ORIENTED_EDGE('',*,*,#4196,.T.);
#5936=ORIENTED_EDGE('',*,*,#4186,.T.);
#5937=ORIENTED_EDGE('',*,*,#4190,.T.);
#5938=ORIENTED_EDGE('',*,*,#4193,.T.);
#5939=ORIENTED_EDGE('',*,*,#4197,.T.);
#5940=ORIENTED_EDGE('',*,*,#4194,.T.);
#5941=ORIENTED_EDGE('',*,*,#4191,.T.);
#5942=ORIENTED_EDGE('',*,*,#4188,.T.);
#5943=ORIENTED_EDGE('',*,*,#4198,.F.);
#5944=ORIENTED_EDGE('',*,*,#4199,.F.);
#5945=ORIENTED_EDGE('',*,*,#4200,.F.);
#5946=ORIENTED_EDGE('',*,*,#4201,.F.);
#5947=ORIENTED_EDGE('',*,*,#4201,.T.);
#5948=ORIENTED_EDGE('',*,*,#4202,.F.);
#5949=ORIENTED_EDGE('',*,*,#4203,.F.);
#5950=ORIENTED_EDGE('',*,*,#4204,.F.);
#5951=ORIENTED_EDGE('',*,*,#4205,.F.);
#5952=ORIENTED_EDGE('',*,*,#4200,.T.);
#5953=ORIENTED_EDGE('',*,*,#4206,.F.);
#5954=ORIENTED_EDGE('',*,*,#4207,.F.);
#5955=ORIENTED_EDGE('',*,*,#4202,.T.);
#5956=ORIENTED_EDGE('',*,*,#4203,.T.);
#5957=ORIENTED_EDGE('',*,*,#4207,.T.);
#5958=ORIENTED_EDGE('',*,*,#4208,.T.);
#5959=ORIENTED_EDGE('',*,*,#4209,.T.);
#5960=ORIENTED_EDGE('',*,*,#4209,.F.);
#5961=ORIENTED_EDGE('',*,*,#4210,.F.);
#5962=ORIENTED_EDGE('',*,*,#4211,.F.);
#5963=ORIENTED_EDGE('',*,*,#4204,.T.);
#5964=ORIENTED_EDGE('',*,*,#4199,.T.);
#5965=ORIENTED_EDGE('',*,*,#4212,.F.);
#5966=ORIENTED_EDGE('',*,*,#4210,.T.);
#5967=ORIENTED_EDGE('',*,*,#4208,.F.);
#5968=ORIENTED_EDGE('',*,*,#4206,.T.);
#5969=ORIENTED_EDGE('',*,*,#4198,.T.);
#5970=ORIENTED_EDGE('',*,*,#4205,.T.);
#5971=ORIENTED_EDGE('',*,*,#4211,.T.);
#5972=ORIENTED_EDGE('',*,*,#4212,.T.);
#5973=B_SPLINE_SURFACE_WITH_KNOTS('',3,3,((#8150,#8151,#8152,#8153),(#8154,
#8155,#8156,#8157),(#8158,#8159,#8160,#8161),(#8162,#8163,#8164,#8165),
(#8166,#8167,#8168,#8169),(#8170,#8171,#8172,#8173),(#8174,#8175,#8176,
#8177),(#8178,#8179,#8180,#8181),(#8182,#8183,#8184,#8185),(#8186,#8187,
#8188,#8189)),.UNSPECIFIED.,.F.,.F.,.F.,(4,1,1,1,1,1,1,4),(4,4),(0.,0.142857142857143,
0.285714285714286,0.5,0.571428571428571,0.714285714285714,0.857142857142857,
1.),(0.,10.),.UNSPECIFIED.);
#5974=B_SPLINE_SURFACE_WITH_KNOTS('',3,3,((#8238,#8239,#8240,#8241),(#8242,
#8243,#8244,#8245),(#8246,#8247,#8248,#8249),(#8250,#8251,#8252,#8253),
(#8254,#8255,#8256,#8257),(#8258,#8259,#8260,#8261),(#8262,#8263,#8264,
#8265),(#8266,#8267,#8268,#8269),(#8270,#8271,#8272,#8273),(#8274,#8275,
#8276,#8277),(#8278,#8279,#8280,#8281),(#8282,#8283,#8284,#8285),(#8286,
#8287,#8288,#8289),(#8290,#8291,#8292,#8293)),.UNSPECIFIED.,.F.,.F.,.F.,
(4,1,1,1,1,1,1,1,1,1,1,4),(4,4),(0.,0.142857142857143,0.214285714285714,
0.285714285714286,0.357142857142857,0.428571428571429,0.571428571428571,
0.642857142857143,0.714285714285714,0.857142857142857,0.928571428571429,
1.),(-3.56384826533216E-15,9.),.UNSPECIFIED.);
#5975=B_SPLINE_SURFACE_WITH_KNOTS('',3,3,((#8332,#8333,#8334,#8335),(#8336,
#8337,#8338,#8339),(#8340,#8341,#8342,#8343),(#8344,#8345,#8346,#8347),
(#8348,#8349,#8350,#8351),(#8352,#8353,#8354,#8355),(#8356,#8357,#8358,
#8359),(#8360,#8361,#8362,#8363),(#8364,#8365,#8366,#8367),(#8368,#8369,
#8370,#8371)),.UNSPECIFIED.,.F.,.F.,.F.,(4,1,1,1,1,1,1,4),(4,4),(0.,0.142857142857143,
0.285714285714286,0.5,0.571428571428571,0.714285714285714,0.857142857142857,
1.),(0.,10.),.UNSPECIFIED.);
#5976=B_SPLINE_SURFACE_WITH_KNOTS('',3,3,((#8395,#8396,#8397,#8398),(#8399,
#8400,#8401,#8402),(#8403,#8404,#8405,#8406),(#8407,#8408,#8409,#8410),
(#8411,#8412,#8413,#8414),(#8415,#8416,#8417,#8418),(#8419,#8420,#8421,
#8422),(#8423,#8424,#8425,#8426),(#8427,#8428,#8429,#8430),(#8431,#8432,
#8433,#8434),(#8435,#8436,#8437,#8438),(#8439,#8440,#8441,#8442),(#8443,
#8444,#8445,#8446),(#8447,#8448,#8449,#8450),(#8451,#8452,#8453,#8454)),
 .UNSPECIFIED.,.F.,.F.,.F.,(4,1,1,1,1,1,1,1,1,1,1,1,4),(4,4),(0.,0.142857142857143,
0.214285714285714,0.25,0.285714285714286,0.357142857142857,0.428571428571429,
0.571428571428571,0.642857142857143,0.714285714285714,0.857142857142857,
0.928571428571429,1.),(-5.00836127275819E-16,9.),.UNSPECIFIED.);
#5977=B_SPLINE_SURFACE_WITH_KNOTS('',3,3,((#8721,#8722,#8723,#8724),(#8725,
#8726,#8727,#8728),(#8729,#8730,#8731,#8732),(#8733,#8734,#8735,#8736),
(#8737,#8738,#8739,#8740),(#8741,#8742,#8743,#8744),(#8745,#8746,#8747,
#8748),(#8749,#8750,#8751,#8752),(#8753,#8754,#8755,#8756),(#8757,#8758,
#8759,#8760)),.UNSPECIFIED.,.F.,.F.,.F.,(4,1,1,1,1,1,1,4),(4,4),(0.,0.142857142857143,
0.285714285714286,0.428571428571429,0.571428571428571,0.714285714285714,
0.857142857142857,1.),(-7.72828534083019,-1.27171465916981),
 .UNSPECIFIED.);
#5978=B_SPLINE_SURFACE_WITH_KNOTS('',3,3,((#8913,#8914,#8915,#8916),(#8917,
#8918,#8919,#8920),(#8921,#8922,#8923,#8924),(#8925,#8926,#8927,#8928),
(#8929,#8930,#8931,#8932),(#8933,#8934,#8935,#8936),(#8937,#8938,#8939,
#8940),(#8941,#8942,#8943,#8944),(#8945,#8946,#8947,#8948),(#8949,#8950,
#8951,#8952)),.UNSPECIFIED.,.F.,.F.,.F.,(4,1,1,1,1,1,1,4),(4,4),(0.,0.142857142857143,
0.285714285714286,0.5,0.571428571428571,0.714285714285714,0.857142857142857,
1.),(-6.3948846218409E-14,0.500000000000001),.UNSPECIFIED.);
#5979=B_SPLINE_SURFACE_WITH_KNOTS('',3,3,((#9032,#9033,#9034,#9035),(#9036,
#9037,#9038,#9039),(#9040,#9041,#9042,#9043),(#9044,#9045,#9046,#9047),
(#9048,#9049,#9050,#9051),(#9052,#9053,#9054,#9055),(#9056,#9057,#9058,
#9059),(#9060,#9061,#9062,#9063),(#9064,#9065,#9066,#9067),(#9068,#9069,
#9070,#9071)),.UNSPECIFIED.,.F.,.F.,.F.,(4,1,1,1,1,1,1,4),(4,4),(0.,0.142857142857143,
0.285714285714286,0.5,0.571428571428571,0.714285714285714,0.857142857142857,
1.),(-2.20391740256502E-14,0.500000000000004),.UNSPECIFIED.);
#5980=B_SPLINE_SURFACE_WITH_KNOTS('',3,3,((#9151,#9152,#9153,#9154),(#9155,
#9156,#9157,#9158),(#9159,#9160,#9161,#9162),(#9163,#9164,#9165,#9166),
(#9167,#9168,#9169,#9170),(#9171,#9172,#9173,#9174),(#9175,#9176,#9177,
#9178),(#9179,#9180,#9181,#9182),(#9183,#9184,#9185,#9186),(#9187,#9188,
#9189,#9190)),.UNSPECIFIED.,.F.,.F.,.F.,(4,1,1,1,1,1,1,4),(4,4),(0.,0.142857142857143,
0.285714285714286,0.428571428571429,0.571428571428571,0.714285714285714,
0.857142857142857,1.),(-0.500000000000001,2.68012973090908E-15),
 .UNSPECIFIED.);
#5981=B_SPLINE_SURFACE_WITH_KNOTS('',3,3,((#9511,#9512,#9513,#9514),(#9515,
#9516,#9517,#9518),(#9519,#9520,#9521,#9522),(#9523,#9524,#9525,#9526),
(#9527,#9528,#9529,#9530),(#9531,#9532,#9533,#9534),(#9535,#9536,#9537,
#9538),(#9539,#9540,#9541,#9542),(#9543,#9544,#9545,#9546)),
 .UNSPECIFIED.,.F.,.F.,.F.,(4,1,1,1,1,1,4),(4,4),(0.,0.148102814936962,
0.222154222405443,0.296205629873924,0.370257037342406,0.444308444810887,
0.518359852279368),(8.00875306886914,9.),.UNSPECIFIED.);
#5982=B_SPLINE_SURFACE_WITH_KNOTS('',3,3,((#9767,#9768,#9769,#9770),(#9771,
#9772,#9773,#9774),(#9775,#9776,#9777,#9778),(#9779,#9780,#9781,#9782),
(#9783,#9784,#9785,#9786)),.UNSPECIFIED.,.F.,.F.,.F.,(4,1,4),(4,4),(0.,
0.571428571428571,1.),(1.05303029399378,7.68497988646508),.UNSPECIFIED.);
#5983=B_SPLINE_SURFACE_WITH_KNOTS('',3,3,((#9824,#9825,#9826,#9827),(#9828,
#9829,#9830,#9831),(#9832,#9833,#9834,#9835),(#9836,#9837,#9838,#9839),
(#9840,#9841,#9842,#9843),(#9844,#9845,#9846,#9847)),.UNSPECIFIED.,.F.,
 .F.,.F.,(4,1,1,4),(4,4),(0.,0.133706040229995,0.200559060344993,0.467971140804983),
(0.,10.),.UNSPECIFIED.);
#5984=B_SPLINE_SURFACE_WITH_KNOTS('',3,3,((#9920,#9921,#9922,#9923),(#9924,
#9925,#9926,#9927),(#9928,#9929,#9930,#9931),(#9932,#9933,#9934,#9935),
(#9936,#9937,#9938,#9939),(#9940,#9941,#9942,#9943),(#9944,#9945,#9946,
#9947),(#9948,#9949,#9950,#9951)),.UNSPECIFIED.,.F.,.F.,.F.,(4,1,1,1,1,
4),(4,4),(0.,0.158990037274018,0.238485055911027,0.317980074548036,0.397475093185045,
0.556465130459063),(-3.56384826533216E-15,1.29285362894786),
 .UNSPECIFIED.);
#5985=B_SPLINE_SURFACE_WITH_KNOTS('',3,3,((#10016,#10017,#10018,#10019),
(#10020,#10021,#10022,#10023),(#10024,#10025,#10026,#10027),(#10028,#10029,
#10030,#10031)),.UNSPECIFIED.,.F.,.F.,.F.,(4,4),(4,4),(-0.0692958002886558,
0.422902000828552),(-5.71589604866352,0.),.UNSPECIFIED.);
#5986=B_SPLINE_SURFACE_WITH_KNOTS('',3,3,((#10061,#10062,#10063,#10064),
(#10065,#10066,#10067,#10068),(#10069,#10070,#10071,#10072),(#10073,#10074,
#10075,#10076)),.UNSPECIFIED.,.F.,.F.,.F.,(4,4),(4,4),(-0.0718386741471971,
-0.0705691386908715),(-5.75939084850269,-5.74200713038569),
 .UNSPECIFIED.);
#5987=B_SPLINE_SURFACE_WITH_KNOTS('',3,3,((#10298,#10299,#10300,#10301),
(#10302,#10303,#10304,#10305),(#10306,#10307,#10308,#10309),(#10310,#10311,
#10312,#10313),(#10314,#10315,#10316,#10317),(#10318,#10319,#10320,#10321),
(#10322,#10323,#10324,#10325),(#10326,#10327,#10328,#10329)),
 .UNSPECIFIED.,.F.,.F.,.F.,(4,1,1,1,1,4),(4,4),(0.,0.158990037274018,0.238485055911027,
0.317980074548036,0.397475093185045,0.556465130459063),(0.421888098939407,
8.57811190106059),.UNSPECIFIED.);
#5988=B_SPLINE_SURFACE_WITH_KNOTS('',3,3,((#10423,#10424,#10425,#10426),
(#10427,#10428,#10429,#10430),(#10431,#10432,#10433,#10434),(#10435,#10436,
#10437,#10438)),.UNSPECIFIED.,.F.,.F.,.F.,(4,4),(4,4),(0.,0.016491288817611),
(0.999760749597977,1.07114387924953),.UNSPECIFIED.);
#5989=B_SPLINE_SURFACE_WITH_KNOTS('',3,3,((#10475,#10476,#10477,#10478),
(#10479,#10480,#10481,#10482),(#10483,#10484,#10485,#10486),(#10487,#10488,
#10489,#10490),(#10491,#10492,#10493,#10494),(#10495,#10496,#10497,#10498),
(#10499,#10500,#10501,#10502),(#10503,#10504,#10505,#10506),(#10507,#10508,
#10509,#10510)),.UNSPECIFIED.,.F.,.F.,.F.,(4,1,1,1,1,1,4),(4,4),(0.,0.148102814936962,
0.222154222405443,0.296205629873924,0.370257037342406,0.444308444810887,
0.518359852279368),(0.22945607769346,8.77054392230654),.UNSPECIFIED.);
#5990=B_SPLINE_SURFACE_WITH_KNOTS('',3,3,((#10737,#10738,#10739,#10740),
(#10741,#10742,#10743,#10744),(#10745,#10746,#10747,#10748),(#10749,#10750,
#10751,#10752),(#10753,#10754,#10755,#10756)),.UNSPECIFIED.,.F.,.F.,.F.,
(4,1,4),(4,4),(0.,0.571428571428571,1.),(1.63052906640405,2.14471050273497),
 .UNSPECIFIED.);
#5991=B_SPLINE_SURFACE_WITH_KNOTS('',3,3,((#10792,#10793,#10794,#10795),
(#10796,#10797,#10798,#10799),(#10800,#10801,#10802,#10803),(#10804,#10805,
#10806,#10807),(#10808,#10809,#10810,#10811),(#10812,#10813,#10814,#10815),
(#10816,#10817,#10818,#10819),(#10820,#10821,#10822,#10823)),
 .UNSPECIFIED.,.F.,.F.,.F.,(4,1,1,1,1,4),(4,4),(0.,0.0740514074684812,0.222154222405443,
0.296205629873925,0.370257037342406,0.518359852279368),(-5.00836127275819E-16,
0.991246931130866),.UNSPECIFIED.);
#5992=B_SPLINE_SURFACE_WITH_KNOTS('',3,3,((#10846,#10847,#10848,#10849),
(#10850,#10851,#10852,#10853),(#10854,#10855,#10856,#10857),(#10858,#10859,
#10860,#10861),(#10862,#10863,#10864,#10865),(#10866,#10867,#10868,#10869)),
 .UNSPECIFIED.,.F.,.F.,.F.,(4,1,1,4),(4,4),(0.,0.133706040229995,0.200559060344993,
0.467971140804983),(0.,10.),.UNSPECIFIED.);
#5993=B_SPLINE_SURFACE_WITH_KNOTS('',3,3,((#10931,#10932,#10933,#10934),
(#10935,#10936,#10937,#10938),(#10939,#10940,#10941,#10942),(#10943,#10944,
#10945,#10946)),.UNSPECIFIED.,.F.,.F.,.F.,(4,4),(4,4),(-0.0771741773551087,
-0.053426603548245),(-5.75939084850269,-5.44446003798088),.UNSPECIFIED.);
#5994=B_SPLINE_SURFACE_WITH_KNOTS('',3,3,((#10969,#10970,#10971,#10972),
(#10973,#10974,#10975,#10976),(#10977,#10978,#10979,#10980),(#10981,#10982,
#10983,#10984),(#10985,#10986,#10987,#10988),(#10989,#10990,#10991,#10992),
(#10993,#10994,#10995,#10996),(#10997,#10998,#10999,#11000)),
 .UNSPECIFIED.,.F.,.F.,.F.,(4,1,1,1,1,4),(4,4),(0.,0.158990037274018,0.238485055911027,
0.317980074548036,0.397475093185045,0.556465130459063),(7.70714637105224,
9.),.UNSPECIFIED.);
#5995=B_SPLINE_SURFACE_WITH_KNOTS('',3,3,((#11109,#11110,#11111,#11112),
(#11113,#11114,#11115,#11116),(#11117,#11118,#11119,#11120),(#11121,#11122,
#11123,#11124),(#11125,#11126,#11127,#11128),(#11129,#11130,#11131,#11132),
(#11133,#11134,#11135,#11136)),.UNSPECIFIED.,.F.,.F.,.F.,(4,1,1,1,4),(4,
4),(0.418860780817473,0.501880669272119,0.667920446181413,0.833960223090707,
1.),(1.04324043109081,9.08752873575462),.UNSPECIFIED.);
#5996=B_SPLINE_SURFACE_WITH_KNOTS('',3,3,((#11251,#11252,#11253,#11254),
(#11255,#11256,#11257,#11258),(#11259,#11260,#11261,#11262),(#11263,#11264,
#11265,#11266),(#11267,#11268,#11269,#11270),(#11271,#11272,#11273,#11274),
(#11275,#11276,#11277,#11278)),.UNSPECIFIED.,.F.,.F.,.F.,(4,1,1,1,4),(4,
4),(0.556465130456727,0.619827254677194,0.683189378897662,0.809913627338597,
1.),(0.384585637381063,8.61541436261885),.UNSPECIFIED.);
#5997=B_SPLINE_SURFACE_WITH_KNOTS('',3,3,((#11308,#11309,#11310,#11311),
(#11312,#11313,#11314,#11315),(#11316,#11317,#11318,#11319),(#11320,#11321,
#11322,#11323),(#11324,#11325,#11326,#11327),(#11328,#11329,#11330,#11331),
(#11332,#11333,#11334,#11335)),.UNSPECIFIED.,.F.,.F.,.F.,(4,1,1,1,4),(4,
4),(0.418860780817472,0.501880669272119,0.667920446181413,0.833960223090706,
1.),(0.912471264245389,8.95675956890919),.UNSPECIFIED.);
#5998=B_SPLINE_SURFACE_WITH_KNOTS('',3,3,((#11355,#11356,#11357,#11358),
(#11359,#11360,#11361,#11362),(#11363,#11364,#11365,#11366),(#11367,#11368,
#11369,#11370),(#11371,#11372,#11373,#11374),(#11375,#11376,#11377,#11378),
(#11379,#11380,#11381,#11382),(#11383,#11384,#11385,#11386),(#11387,#11388,
#11389,#11390)),.UNSPECIFIED.,.F.,.F.,.F.,(4,1,1,1,1,1,4),(4,4),(0.518359852266001,
0.552762719961287,0.587165587656572,0.655971323047144,0.724777058437715,
0.862388529218857,1.),(0.306931973441773,8.69306802655831),
 .UNSPECIFIED.);
#5999=B_SPLINE_SURFACE_WITH_KNOTS('',3,3,((#11452,#11453,#11454,#11455),
(#11456,#11457,#11458,#11459),(#11460,#11461,#11462,#11463),(#11464,#11465,
#11466,#11467),(#11468,#11469,#11470,#11471),(#11472,#11473,#11474,#11475),
(#11476,#11477,#11478,#11479),(#11480,#11481,#11482,#11483),(#11484,#11485,
#11486,#11487),(#11488,#11489,#11490,#11491)),.UNSPECIFIED.,.F.,.F.,.F.,
(4,1,1,1,1,1,1,4),(4,4),(0.,0.142857142857143,0.285714285714286,0.5,0.571428571428571,
0.714285714285714,0.857142857142857,1.),(-6.3948846218409E-14,0.500000000000001),
 .UNSPECIFIED.);
#6000=B_SPLINE_SURFACE_WITH_KNOTS('',3,3,((#11571,#11572,#11573,#11574),
(#11575,#11576,#11577,#11578),(#11579,#11580,#11581,#11582),(#11583,#11584,
#11585,#11586),(#11587,#11588,#11589,#11590),(#11591,#11592,#11593,#11594),
(#11595,#11596,#11597,#11598),(#11599,#11600,#11601,#11602),(#11603,#11604,
#11605,#11606),(#11607,#11608,#11609,#11610)),.UNSPECIFIED.,.F.,.F.,.F.,
(4,1,1,1,1,1,1,4),(4,4),(0.,0.142857142857143,0.285714285714286,0.5,0.571428571428571,
0.714285714285714,0.857142857142857,1.),(-2.20391740256502E-14,0.500000000000004),
 .UNSPECIFIED.);
#6001=B_SPLINE_SURFACE_WITH_KNOTS('',3,3,((#11768,#11769,#11770,#11771),
(#11772,#11773,#11774,#11775),(#11776,#11777,#11778,#11779),(#11780,#11781,
#11782,#11783),(#11784,#11785,#11786,#11787),(#11788,#11789,#11790,#11791),
(#11792,#11793,#11794,#11795),(#11796,#11797,#11798,#11799),(#11800,#11801,
#11802,#11803),(#11804,#11805,#11806,#11807)),.UNSPECIFIED.,.F.,.F.,.F.,
(4,1,1,1,1,1,1,4),(4,4),(0.,0.142857142857143,0.285714285714286,0.428571428571429,
0.571428571428571,0.714285714285714,0.857142857142857,1.),(-0.500000000000001,
2.68012973090908E-15),.UNSPECIFIED.);
#6002=ADVANCED_FACE('',(#1914),#5973,.T.);
#6003=ADVANCED_FACE('',(#1915),#5974,.T.);
#6004=ADVANCED_FACE('',(#1916),#1584,.F.);
#6005=ADVANCED_FACE('',(#1917),#5975,.T.);
#6006=ADVANCED_FACE('',(#1918),#5976,.T.);
#6007=ADVANCED_FACE('',(#1919),#1585,.T.);
#6008=ADVANCED_FACE('',(#1920),#1586,.T.);
#6009=ADVANCED_FACE('',(#1921),#1587,.T.);
#6010=ADVANCED_FACE('',(#1922),#1588,.T.);
#6011=ADVANCED_FACE('',(#1923),#1589,.T.);
#6012=ADVANCED_FACE('',(#1924),#1590,.T.);
#6013=ADVANCED_FACE('',(#1925),#1591,.T.);
#6014=ADVANCED_FACE('',(#1926),#1592,.T.);
#6015=ADVANCED_FACE('',(#1927),#1593,.T.);
#6016=ADVANCED_FACE('',(#1928),#1594,.T.);
#6017=ADVANCED_FACE('',(#1929),#1595,.T.);
#6018=ADVANCED_FACE('',(#1930),#1596,.T.);
#6019=ADVANCED_FACE('',(#1931),#1597,.T.);
#6020=ADVANCED_FACE('',(#1932),#1598,.T.);
#6021=ADVANCED_FACE('',(#1933),#1599,.T.);
#6022=ADVANCED_FACE('',(#1934),#1600,.T.);
#6023=ADVANCED_FACE('',(#1935),#1601,.T.);
#6024=ADVANCED_FACE('',(#1936),#1602,.T.);
#6025=ADVANCED_FACE('',(#1937),#1603,.T.);
#6026=ADVANCED_FACE('',(#1938),#1604,.T.);
#6027=ADVANCED_FACE('',(#1939),#1605,.T.);
#6028=ADVANCED_FACE('',(#1940),#1606,.T.);
#6029=ADVANCED_FACE('',(#1941),#1607,.T.);
#6030=ADVANCED_FACE('',(#1942),#1608,.T.);
#6031=ADVANCED_FACE('',(#1943),#1609,.T.);
#6032=ADVANCED_FACE('',(#1944),#1610,.T.);
#6033=ADVANCED_FACE('',(#1945),#1611,.T.);
#6034=ADVANCED_FACE('',(#1946),#1612,.T.);
#6035=ADVANCED_FACE('',(#1947),#1613,.T.);
#6036=ADVANCED_FACE('',(#1948),#1614,.F.);
#6037=ADVANCED_FACE('',(#1949),#1615,.F.);
#6038=ADVANCED_FACE('',(#1950),#1616,.F.);
#6039=ADVANCED_FACE('',(#1951),#1617,.F.);
#6040=ADVANCED_FACE('',(#1952),#1618,.T.);
#6041=ADVANCED_FACE('',(#1953),#1619,.T.);
#6042=ADVANCED_FACE('',(#1954),#1620,.F.);
#6043=ADVANCED_FACE('',(#1955),#1621,.T.);
#6044=ADVANCED_FACE('',(#1956),#1622,.T.);
#6045=ADVANCED_FACE('',(#1957),#1623,.F.);
#6046=ADVANCED_FACE('',(#1958),#1624,.F.);
#6047=ADVANCED_FACE('',(#1959),#1625,.T.);
#6048=ADVANCED_FACE('',(#1960),#1626,.F.);
#6049=ADVANCED_FACE('',(#1961),#1627,.F.);
#6050=ADVANCED_FACE('',(#1962),#1628,.T.);
#6051=ADVANCED_FACE('',(#1963),#1629,.T.);
#6052=ADVANCED_FACE('',(#1964,#13),#1630,.T.);
#6053=ADVANCED_FACE('',(#1965),#1631,.T.);
#6054=ADVANCED_FACE('',(#1966),#1632,.T.);
#6055=ADVANCED_FACE('',(#1967),#1633,.T.);
#6056=ADVANCED_FACE('',(#1968),#1634,.T.);
#6057=ADVANCED_FACE('',(#1969),#1635,.T.);
#6058=ADVANCED_FACE('',(#1970),#5977,.T.);
#6059=ADVANCED_FACE('',(#1971),#1636,.T.);
#6060=ADVANCED_FACE('',(#1972),#1637,.T.);
#6061=ADVANCED_FACE('',(#1973),#1638,.T.);
#6062=ADVANCED_FACE('',(#1974),#1639,.T.);
#6063=ADVANCED_FACE('',(#1975),#1640,.T.);
#6064=ADVANCED_FACE('',(#1976),#1641,.F.);
#6065=ADVANCED_FACE('',(#1977),#1642,.T.);
#6066=ADVANCED_FACE('',(#1978),#1643,.T.);
#6067=ADVANCED_FACE('',(#1979),#1644,.T.);
#6068=ADVANCED_FACE('',(#1980),#1645,.T.);
#6069=ADVANCED_FACE('',(#1981),#1646,.T.);
#6070=ADVANCED_FACE('',(#1982),#1647,.T.);
#6071=ADVANCED_FACE('',(#1983),#1648,.T.);
#6072=ADVANCED_FACE('',(#1984),#1649,.T.);
#6073=ADVANCED_FACE('',(#1985),#1650,.T.);
#6074=ADVANCED_FACE('',(#1986),#1651,.T.);
#6075=ADVANCED_FACE('',(#1987),#1652,.T.);
#6076=ADVANCED_FACE('',(#1988),#1653,.T.);
#6077=ADVANCED_FACE('',(#1989),#1654,.F.);
#6078=ADVANCED_FACE('',(#1990),#1655,.T.);
#6079=ADVANCED_FACE('',(#1991),#1656,.T.);
#6080=ADVANCED_FACE('',(#1992),#5978,.T.);
#6081=ADVANCED_FACE('',(#1993),#1657,.T.);
#6082=ADVANCED_FACE('',(#1994),#1658,.F.);
#6083=ADVANCED_FACE('',(#1995),#1659,.T.);
#6084=ADVANCED_FACE('',(#1996),#1660,.F.);
#6085=ADVANCED_FACE('',(#1997),#1661,.F.);
#6086=ADVANCED_FACE('',(#1998),#1662,.T.);
#6087=ADVANCED_FACE('',(#1999),#5979,.T.);
#6088=ADVANCED_FACE('',(#2000),#1663,.T.);
#6089=ADVANCED_FACE('',(#2001),#1664,.T.);
#6090=ADVANCED_FACE('',(#2002),#1665,.F.);
#6091=ADVANCED_FACE('',(#2003),#1666,.F.);
#6092=ADVANCED_FACE('',(#2004),#1667,.T.);
#6093=ADVANCED_FACE('',(#2005),#1668,.T.);
#6094=ADVANCED_FACE('',(#2006),#5980,.T.);
#6095=ADVANCED_FACE('',(#2007),#1669,.T.);
#6096=ADVANCED_FACE('',(#2008),#1670,.T.);
#6097=ADVANCED_FACE('',(#2009),#1671,.F.);
#6098=ADVANCED_FACE('',(#2010),#1672,.T.);
#6099=ADVANCED_FACE('',(#2011),#1673,.T.);
#6100=ADVANCED_FACE('',(#2012),#1674,.T.);
#6101=ADVANCED_FACE('',(#2013),#1675,.T.);
#6102=ADVANCED_FACE('',(#2014),#1676,.T.);
#6103=ADVANCED_FACE('',(#2015),#1677,.T.);
#6104=ADVANCED_FACE('',(#2016),#1678,.T.);
#6105=ADVANCED_FACE('',(#2017),#1679,.T.);
#6106=ADVANCED_FACE('',(#2018),#1680,.T.);
#6107=ADVANCED_FACE('',(#2019),#1681,.T.);
#6108=ADVANCED_FACE('',(#2020),#1682,.T.);
#6109=ADVANCED_FACE('',(#2021),#1683,.T.);
#6110=ADVANCED_FACE('',(#2022),#1684,.T.);
#6111=ADVANCED_FACE('',(#2023),#1685,.T.);
#6112=ADVANCED_FACE('',(#2024),#1686,.T.);
#6113=ADVANCED_FACE('',(#2025),#1687,.T.);
#6114=ADVANCED_FACE('',(#2026),#1688,.T.);
#6115=ADVANCED_FACE('',(#2027),#1689,.T.);
#6116=ADVANCED_FACE('',(#2028),#1690,.T.);
#6117=ADVANCED_FACE('',(#2029),#1691,.T.);
#6118=ADVANCED_FACE('',(#2030),#1692,.T.);
#6119=ADVANCED_FACE('',(#2031),#1693,.T.);
#6120=ADVANCED_FACE('',(#2032),#1694,.T.);
#6121=ADVANCED_FACE('',(#2033,#14),#1695,.T.);
#6122=ADVANCED_FACE('',(#2034),#1696,.T.);
#6123=ADVANCED_FACE('',(#2035),#1697,.F.);
#6124=ADVANCED_FACE('',(#2036),#1698,.T.);
#6125=ADVANCED_FACE('',(#2037),#1699,.F.);
#6126=ADVANCED_FACE('',(#2038),#1700,.T.);
#6127=ADVANCED_FACE('',(#2039),#1701,.T.);
#6128=ADVANCED_FACE('',(#2040),#1702,.F.);
#6129=ADVANCED_FACE('',(#2041),#1703,.F.);
#6130=ADVANCED_FACE('',(#2042),#1704,.F.);
#6131=ADVANCED_FACE('',(#2043),#1705,.T.);
#6132=ADVANCED_FACE('',(#2044),#1706,.T.);
#6133=ADVANCED_FACE('',(#2045),#1707,.T.);
#6134=ADVANCED_FACE('',(#2046),#1708,.F.);
#6135=ADVANCED_FACE('',(#2047),#1709,.F.);
#6136=ADVANCED_FACE('',(#2048),#1710,.F.);
#6137=ADVANCED_FACE('',(#2049),#1711,.T.);
#6138=ADVANCED_FACE('',(#2050),#1712,.F.);
#6139=ADVANCED_FACE('',(#2051),#1713,.F.);
#6140=ADVANCED_FACE('',(#2052),#1714,.T.);
#6141=ADVANCED_FACE('',(#2053),#1715,.T.);
#6142=ADVANCED_FACE('',(#2054),#1716,.F.);
#6143=ADVANCED_FACE('',(#2055),#1717,.T.);
#6144=ADVANCED_FACE('',(#2056),#1718,.T.);
#6145=ADVANCED_FACE('',(#2057),#1719,.T.);
#6146=ADVANCED_FACE('',(#2058),#1720,.F.);
#6147=ADVANCED_FACE('',(#2059,#15),#1721,.T.);
#6148=ADVANCED_FACE('',(#2060),#1722,.T.);
#6149=ADVANCED_FACE('',(#2061),#1723,.T.);
#6150=ADVANCED_FACE('',(#2062),#1724,.T.);
#6151=ADVANCED_FACE('',(#2063),#1725,.T.);
#6152=ADVANCED_FACE('',(#2064),#1726,.T.);
#6153=ADVANCED_FACE('',(#2065),#5981,.T.);
#6154=ADVANCED_FACE('',(#2066),#1727,.F.);
#6155=ADVANCED_FACE('',(#2067),#1728,.T.);
#6156=ADVANCED_FACE('',(#2068),#1729,.F.);
#6157=ADVANCED_FACE('',(#2069),#1730,.T.);
#6158=ADVANCED_FACE('',(#2070),#1731,.T.);
#6159=ADVANCED_FACE('',(#2071),#1732,.T.);
#6160=ADVANCED_FACE('',(#2072),#1733,.T.);
#6161=ADVANCED_FACE('',(#2073),#1734,.T.);
#6162=ADVANCED_FACE('',(#2074),#1735,.T.);
#6163=ADVANCED_FACE('',(#2075),#1736,.T.);
#6164=ADVANCED_FACE('',(#2076),#1737,.T.);
#6165=ADVANCED_FACE('',(#2077),#1738,.T.);
#6166=ADVANCED_FACE('',(#2078),#1739,.T.);
#6167=ADVANCED_FACE('',(#2079),#1740,.T.);
#6168=ADVANCED_FACE('',(#2080),#1741,.T.);
#6169=ADVANCED_FACE('',(#2081),#5982,.F.);
#6170=ADVANCED_FACE('',(#2082),#1742,.F.);
#6171=ADVANCED_FACE('',(#2083),#1743,.T.);
#6172=ADVANCED_FACE('',(#2084),#1744,.T.);
#6173=ADVANCED_FACE('',(#2085),#1745,.T.);
#6174=ADVANCED_FACE('',(#2086),#5983,.T.);
#6175=ADVANCED_FACE('',(#2087),#1746,.F.);
#6176=ADVANCED_FACE('',(#2088),#1747,.F.);
#6177=ADVANCED_FACE('',(#2089),#1748,.F.);
#6178=ADVANCED_FACE('',(#2090),#1749,.T.);
#6179=ADVANCED_FACE('',(#2091),#1750,.T.);
#6180=ADVANCED_FACE('',(#2092),#1751,.T.);
#6181=ADVANCED_FACE('',(#2093),#1752,.T.);
#6182=ADVANCED_FACE('',(#2094),#1753,.T.);
#6183=ADVANCED_FACE('',(#2095),#1754,.T.);
#6184=ADVANCED_FACE('',(#2096),#1755,.T.);
#6185=ADVANCED_FACE('',(#2097),#1756,.T.);
#6186=ADVANCED_FACE('',(#2098),#5984,.T.);
#6187=ADVANCED_FACE('',(#2099),#1757,.F.);
#6188=ADVANCED_FACE('',(#2100),#1758,.F.);
#6189=ADVANCED_FACE('',(#2101),#1759,.F.);
#6190=ADVANCED_FACE('',(#2102),#1760,.F.);
#6191=ADVANCED_FACE('',(#2103),#1761,.F.);
#6192=ADVANCED_FACE('',(#2104),#1762,.F.);
#6193=ADVANCED_FACE('',(#2105),#1763,.T.);
#6194=ADVANCED_FACE('',(#2106),#1764,.T.);
#6195=ADVANCED_FACE('',(#2107),#1765,.T.);
#6196=ADVANCED_FACE('',(#2108),#1766,.T.);
#6197=ADVANCED_FACE('',(#2109),#5985,.F.);
#6198=ADVANCED_FACE('',(#2110),#1767,.T.);
#6199=ADVANCED_FACE('',(#2111),#1768,.T.);
#6200=ADVANCED_FACE('',(#2112),#5986,.F.);
#6201=ADVANCED_FACE('',(#2113),#1769,.F.);
#6202=ADVANCED_FACE('',(#2114),#1770,.T.);
#6203=ADVANCED_FACE('',(#2115),#1771,.T.);
#6204=ADVANCED_FACE('',(#2116),#1772,.T.);
#6205=ADVANCED_FACE('',(#2117),#1773,.T.);
#6206=ADVANCED_FACE('',(#2118),#1774,.T.);
#6207=ADVANCED_FACE('',(#2119),#1775,.T.);
#6208=ADVANCED_FACE('',(#2120),#1776,.T.);
#6209=ADVANCED_FACE('',(#2121),#1777,.T.);
#6210=ADVANCED_FACE('',(#2122),#1778,.T.);
#6211=ADVANCED_FACE('',(#2123),#1779,.T.);
#6212=ADVANCED_FACE('',(#2124),#1780,.T.);
#6213=ADVANCED_FACE('',(#2125),#1781,.F.);
#6214=ADVANCED_FACE('',(#2126),#1782,.T.);
#6215=ADVANCED_FACE('',(#2127),#1783,.T.);
#6216=ADVANCED_FACE('',(#2128),#1784,.T.);
#6217=ADVANCED_FACE('',(#2129),#1785,.T.);
#6218=ADVANCED_FACE('',(#2130),#1786,.T.);
#6219=ADVANCED_FACE('',(#2131),#1787,.T.);
#6220=ADVANCED_FACE('',(#2132),#1788,.T.);
#6221=ADVANCED_FACE('',(#2133),#1789,.F.);
#6222=ADVANCED_FACE('',(#2134),#1790,.T.);
#6223=ADVANCED_FACE('',(#2135),#1791,.T.);
#6224=ADVANCED_FACE('',(#2136),#1792,.T.);
#6225=ADVANCED_FACE('',(#2137),#1793,.T.);
#6226=ADVANCED_FACE('',(#2138),#1794,.T.);
#6227=ADVANCED_FACE('',(#2139),#1795,.T.);
#6228=ADVANCED_FACE('',(#2140),#1796,.F.);
#6229=ADVANCED_FACE('',(#2141),#1797,.F.);
#6230=ADVANCED_FACE('',(#2142),#1798,.T.);
#6231=ADVANCED_FACE('',(#2143),#1799,.T.);
#6232=ADVANCED_FACE('',(#2144),#1800,.T.);
#6233=ADVANCED_FACE('',(#2145),#1801,.T.);
#6234=ADVANCED_FACE('',(#2146,#16),#1802,.T.);
#6235=ADVANCED_FACE('',(#2147),#1803,.F.);
#6236=ADVANCED_FACE('',(#2148),#1804,.F.);
#6237=ADVANCED_FACE('',(#2149),#1805,.T.);
#6238=ADVANCED_FACE('',(#2150),#5987,.T.);
#6239=ADVANCED_FACE('',(#2151),#1806,.T.);
#6240=ADVANCED_FACE('',(#2152),#1807,.T.);
#6241=ADVANCED_FACE('',(#2153),#1808,.T.);
#6242=ADVANCED_FACE('',(#2154),#1809,.T.);
#6243=ADVANCED_FACE('',(#2155),#1810,.T.);
#6244=ADVANCED_FACE('',(#2156),#1811,.F.);
#6245=ADVANCED_FACE('',(#2157),#1812,.T.);
#6246=ADVANCED_FACE('',(#2158),#1813,.F.);
#6247=ADVANCED_FACE('',(#2159),#1814,.T.);
#6248=ADVANCED_FACE('',(#2160),#1815,.T.);
#6249=ADVANCED_FACE('',(#2161),#1816,.T.);
#6250=ADVANCED_FACE('',(#2162),#5988,.F.);
#6251=ADVANCED_FACE('',(#2163),#1817,.F.);
#6252=ADVANCED_FACE('',(#2164),#1818,.F.);
#6253=ADVANCED_FACE('',(#2165),#1819,.F.);
#6254=ADVANCED_FACE('',(#2166),#1820,.F.);
#6255=ADVANCED_FACE('',(#2167),#1821,.F.);
#6256=ADVANCED_FACE('',(#2168),#1822,.F.);
#6257=ADVANCED_FACE('',(#2169),#5989,.T.);
#6258=ADVANCED_FACE('',(#2170),#1823,.T.);
#6259=ADVANCED_FACE('',(#2171),#1824,.T.);
#6260=ADVANCED_FACE('',(#2172),#1825,.T.);
#6261=ADVANCED_FACE('',(#2173),#1826,.T.);
#6262=ADVANCED_FACE('',(#2174),#1827,.T.);
#6263=ADVANCED_FACE('',(#2175),#1828,.T.);
#6264=ADVANCED_FACE('',(#2176),#1829,.F.);
#6265=ADVANCED_FACE('',(#2177),#1830,.T.);
#6266=ADVANCED_FACE('',(#2178),#1831,.T.);
#6267=ADVANCED_FACE('',(#2179),#1832,.T.);
#6268=ADVANCED_FACE('',(#2180),#1833,.T.);
#6269=ADVANCED_FACE('',(#2181),#1834,.T.);
#6270=ADVANCED_FACE('',(#2182),#1835,.T.);
#6271=ADVANCED_FACE('',(#2183),#1836,.T.);
#6272=ADVANCED_FACE('',(#2184),#1837,.T.);
#6273=ADVANCED_FACE('',(#2185),#1838,.T.);
#6274=ADVANCED_FACE('',(#2186),#1839,.T.);
#6275=ADVANCED_FACE('',(#2187),#5990,.F.);
#6276=ADVANCED_FACE('',(#2188),#1840,.F.);
#6277=ADVANCED_FACE('',(#2189),#1841,.T.);
#6278=ADVANCED_FACE('',(#2190),#1842,.F.);
#6279=ADVANCED_FACE('',(#2191),#1843,.T.);
#6280=ADVANCED_FACE('',(#2192),#5991,.T.);
#6281=ADVANCED_FACE('',(#2193),#5992,.T.);
#6282=ADVANCED_FACE('',(#2194),#1844,.T.);
#6283=ADVANCED_FACE('',(#2195),#1845,.T.);
#6284=ADVANCED_FACE('',(#2196),#1846,.T.);
#6285=ADVANCED_FACE('',(#2197),#1847,.T.);
#6286=ADVANCED_FACE('',(#2198),#1848,.T.);
#6287=ADVANCED_FACE('',(#2199),#1849,.F.);
#6288=ADVANCED_FACE('',(#2200),#1850,.F.);
#6289=ADVANCED_FACE('',(#2201),#5993,.F.);
#6290=ADVANCED_FACE('',(#2202),#1851,.F.);
#6291=ADVANCED_FACE('',(#2203),#5994,.T.);
#6292=ADVANCED_FACE('',(#2204),#1852,.F.);
#6293=ADVANCED_FACE('',(#2205),#1853,.F.);
#6294=ADVANCED_FACE('',(#2206),#1854,.T.);
#6295=ADVANCED_FACE('',(#2207),#1855,.F.);
#6296=ADVANCED_FACE('',(#2208),#1856,.F.);
#6297=ADVANCED_FACE('',(#2209),#1857,.T.);
#6298=ADVANCED_FACE('',(#2210),#1858,.T.);
#6299=ADVANCED_FACE('',(#2211),#1859,.F.);
#6300=ADVANCED_FACE('',(#2212),#1860,.F.);
#6301=ADVANCED_FACE('',(#2213),#1861,.F.);
#6302=ADVANCED_FACE('',(#2214),#1862,.F.);
#6303=ADVANCED_FACE('',(#2215),#1863,.T.);
#6304=ADVANCED_FACE('',(#2216),#1864,.T.);
#6305=ADVANCED_FACE('',(#2217),#1865,.T.);
#6306=ADVANCED_FACE('',(#2218),#1866,.T.);
#6307=ADVANCED_FACE('',(#2219),#1867,.T.);
#6308=ADVANCED_FACE('',(#2220),#1868,.T.);
#6309=ADVANCED_FACE('',(#2221),#1869,.T.);
#6310=ADVANCED_FACE('',(#2222),#1870,.F.);
#6311=ADVANCED_FACE('',(#2223),#1871,.F.);
#6312=ADVANCED_FACE('',(#2224),#1872,.F.);
#6313=ADVANCED_FACE('',(#2225),#5995,.T.);
#6314=ADVANCED_FACE('',(#2226),#1873,.F.);
#6315=ADVANCED_FACE('',(#2227),#1874,.F.);
#6316=ADVANCED_FACE('',(#2228,#17),#1875,.F.);
#6317=ADVANCED_FACE('',(#2229),#5996,.T.);
#6318=ADVANCED_FACE('',(#2230),#5997,.T.);
#6319=ADVANCED_FACE('',(#2231),#5998,.T.);
#6320=ADVANCED_FACE('',(#2232),#1876,.F.);
#6321=ADVANCED_FACE('',(#2233),#1877,.F.);
#6322=ADVANCED_FACE('',(#2234),#1878,.F.);
#6323=ADVANCED_FACE('',(#2235),#1879,.T.);
#6324=ADVANCED_FACE('',(#2236),#1880,.T.);
#6325=ADVANCED_FACE('',(#2237),#5999,.T.);
#6326=ADVANCED_FACE('',(#2238),#1881,.T.);
#6327=ADVANCED_FACE('',(#2239),#1882,.F.);
#6328=ADVANCED_FACE('',(#2240),#1883,.T.);
#6329=ADVANCED_FACE('',(#2241),#1884,.F.);
#6330=ADVANCED_FACE('',(#2242),#1885,.F.);
#6331=ADVANCED_FACE('',(#2243),#1886,.T.);
#6332=ADVANCED_FACE('',(#2244),#6000,.T.);
#6333=ADVANCED_FACE('',(#2245),#1887,.T.);
#6334=ADVANCED_FACE('',(#2246),#1888,.T.);
#6335=ADVANCED_FACE('',(#2247),#1889,.F.);
#6336=ADVANCED_FACE('',(#2248),#1890,.T.);
#6337=ADVANCED_FACE('',(#2249),#1891,.T.);
#6338=ADVANCED_FACE('',(#2250),#1892,.T.);
#6339=ADVANCED_FACE('',(#2251),#1893,.T.);
#6340=ADVANCED_FACE('',(#2252),#1894,.T.);
#6341=ADVANCED_FACE('',(#2253),#1895,.T.);
#6342=ADVANCED_FACE('',(#2254),#1896,.T.);
#6343=ADVANCED_FACE('',(#2255),#1897,.T.);
#6344=ADVANCED_FACE('',(#2256),#1898,.T.);
#6345=ADVANCED_FACE('',(#2257),#1899,.T.);
#6346=ADVANCED_FACE('',(#2258),#1900,.T.);
#6347=ADVANCED_FACE('',(#2259),#1901,.T.);
#6348=ADVANCED_FACE('',(#2260),#1902,.T.);
#6349=ADVANCED_FACE('',(#2261),#1903,.T.);
#6350=ADVANCED_FACE('',(#2262),#1904,.T.);
#6351=ADVANCED_FACE('',(#2263),#1905,.T.);
#6352=ADVANCED_FACE('',(#2264),#1906,.T.);
#6353=ADVANCED_FACE('',(#2265),#1907,.T.);
#6354=ADVANCED_FACE('',(#2266),#1908,.F.);
#6355=ADVANCED_FACE('',(#2267),#1909,.T.);
#6356=ADVANCED_FACE('',(#2268),#1910,.T.);
#6357=ADVANCED_FACE('',(#2269),#6001,.T.);
#6358=ADVANCED_FACE('',(#2270),#1911,.T.);
#6359=ADVANCED_FACE('',(#2271),#1912,.T.);
#6360=ADVANCED_FACE('',(#2272),#1913,.F.);
#6361=CLOSED_SHELL('',(#6002,#6003,#6004,#6005,#6006,#6007,#6008,#6009,
#6010,#6011));
#6362=CLOSED_SHELL('',(#6012,#6013,#6014,#6015,#6016,#6017,#6018,#6019,
#6020,#6021,#6022,#6023,#6024,#6025,#6026,#6027,#6028,#6029,#6030,#6031,
#6032,#6033,#6034,#6035,#6036,#6037,#6038,#6039,#6040,#6041,#6042,#6043,
#6044,#6045,#6046,#6047,#6048,#6049,#6050,#6051,#6052,#6053,#6054,#6055,
#6056,#6057));
#6363=CLOSED_SHELL('',(#6058,#6059,#6060,#6061,#6062,#6063,#6064));
#6364=CLOSED_SHELL('',(#6065,#6066,#6067,#6068,#6069,#6070));
#6365=CLOSED_SHELL('',(#6071,#6072,#6073,#6074,#6075,#6076));
#6366=CLOSED_SHELL('',(#6077,#6078,#6079,#6080,#6081,#6082,#6083));
#6367=CLOSED_SHELL('',(#6084,#6085,#6086,#6087,#6088,#6089,#6090));
#6368=CLOSED_SHELL('',(#6091,#6092,#6093,#6094,#6095,#6096,#6097));
#6369=CLOSED_SHELL('',(#6098,#6099,#6100,#6101,#6102,#6103));
#6370=CLOSED_SHELL('',(#6104,#6105,#6106,#6107,#6108,#6109));
#6371=CLOSED_SHELL('',(#6110,#6111,#6112,#6113,#6114,#6115,#6116,#6117,
#6118,#6119,#6120,#6121));
#6372=CLOSED_SHELL('',(#6122,#6123,#6124,#6125,#6126,#6127,#6128,#6129));
#6373=CLOSED_SHELL('',(#6130,#6131,#6132,#6133,#6134,#6135,#6136,#6137));
#6374=CLOSED_SHELL('',(#6138,#6139,#6140,#6141,#6142,#6143,#6144,#6145,
#6146,#6147,#6148));
#6375=CLOSED_SHELL('',(#6149,#6150,#6151,#6152,#6153,#6154,#6155,#6156,
#6157,#6158,#6159,#6160,#6161,#6162,#6163,#6164,#6165,#6166,#6167,#6168,
#6169,#6170,#6171,#6172,#6173,#6174,#6175,#6176,#6177,#6178,#6179,#6180,
#6181,#6182,#6183,#6184,#6185,#6186,#6187,#6188,#6189,#6190,#6191,#6192,
#6193,#6194));
#6376=CLOSED_SHELL('',(#6195,#6196,#6197,#6198,#6199,#6200,#6201,#6202,
#6203,#6204,#6205,#6206,#6207,#6208,#6209,#6210,#6211,#6212,#6213,#6214,
#6215,#6216,#6217,#6218,#6219,#6220,#6221,#6222,#6223,#6224,#6225,#6226,
#6227,#6228,#6229,#6230,#6231,#6232,#6233,#6234,#6235,#6236,#6237,#6238,
#6239));
#6377=CLOSED_SHELL('',(#6240,#6241,#6242,#6243,#6244,#6245,#6246,#6247,
#6248,#6249,#6250,#6251,#6252,#6253,#6254,#6255,#6256,#6257,#6258));
#6378=CLOSED_SHELL('',(#6259,#6260,#6261,#6262,#6263,#6264,#6265,#6266,
#6267,#6268,#6269,#6270,#6271,#6272,#6273,#6274,#6275,#6276,#6277,#6278,
#6279,#6280,#6281,#6282,#6283,#6284,#6285,#6286,#6287,#6288,#6289,#6290,
#6291,#6292,#6293,#6294,#6295,#6296,#6297,#6298,#6299,#6300,#6301,#6302,
#6303));
#6379=CLOSED_SHELL('',(#6304,#6305,#6306,#6307,#6308,#6309,#6310,#6311,
#6312,#6313,#6314,#6315,#6316,#6317,#6318,#6319,#6320,#6321));
#6380=CLOSED_SHELL('',(#6322,#6323,#6324,#6325,#6326,#6327,#6328));
#6381=CLOSED_SHELL('',(#6329,#6330,#6331,#6332,#6333,#6334,#6335));
#6382=CLOSED_SHELL('',(#6336,#6337,#6338,#6339,#6340,#6341));
#6383=CLOSED_SHELL('',(#6342,#6343,#6344,#6345,#6346,#6347));
#6384=CLOSED_SHELL('',(#6348,#6349,#6350,#6351,#6352,#6353));
#6385=CLOSED_SHELL('',(#6354,#6355,#6356,#6357,#6358,#6359,#6360));
#6386=DERIVED_UNIT_ELEMENT(#6388,1.);
#6387=DERIVED_UNIT_ELEMENT(#11847,-3.);
#6388=(
MASS_UNIT()
NAMED_UNIT(*)
SI_UNIT(.KILO.,.GRAM.)
);
#6389=DERIVED_UNIT((#6386,#6387));
#6390=MEASURE_REPRESENTATION_ITEM('density measure',
POSITIVE_RATIO_MEASURE(7850.),#6389);
#6391=PROPERTY_DEFINITION_REPRESENTATION(#6396,#6393);
#6392=PROPERTY_DEFINITION_REPRESENTATION(#6397,#6394);
#6393=REPRESENTATION('material name',(#6395),#11844);
#6394=REPRESENTATION('density',(#6390),#11844);
#6395=DESCRIPTIVE_REPRESENTATION_ITEM('Steel','Steel');
#6396=PROPERTY_DEFINITION('material property','material name',#11854);
#6397=PROPERTY_DEFINITION('material property','density of part',#11854);
#6398=AXIS2_PLACEMENT_3D('',#8149,#6729,#6730);
#6399=AXIS2_PLACEMENT_3D('',#8322,#6731,#6732);
#6400=AXIS2_PLACEMENT_3D('',#8459,#6733,#6734);
#6401=AXIS2_PLACEMENT_3D('',#8465,#6738,#6739);
#6402=AXIS2_PLACEMENT_3D('',#8469,#6742,#6743);
#6403=AXIS2_PLACEMENT_3D('',#8473,#6746,#6747);
#6404=AXIS2_PLACEMENT_3D('',#8475,#6749,#6750);
#6405=AXIS2_PLACEMENT_3D('',#8476,#6751,#6752);
#6406=AXIS2_PLACEMENT_3D('',#8485,#6757,#6758);
#6407=AXIS2_PLACEMENT_3D('',#8494,#6763,#6764);
#6408=AXIS2_PLACEMENT_3D('',#8497,#6767,#6768);
#6409=AXIS2_PLACEMENT_3D('',#8503,#6772,#6773);
#6410=AXIS2_PLACEMENT_3D('',#8511,#6778,#6779);
#6411=AXIS2_PLACEMENT_3D('',#8519,#6784,#6785);
#6412=AXIS2_PLACEMENT_3D('',#8525,#6789,#6790);
#6413=AXIS2_PLACEMENT_3D('',#8531,#6794,#6795);
#6414=AXIS2_PLACEMENT_3D('',#8541,#6801,#6802);
#6415=AXIS2_PLACEMENT_3D('',#8545,#6805,#6806);
#6416=AXIS2_PLACEMENT_3D('',#8550,#6810,#6811);
#6417=AXIS2_PLACEMENT_3D('',#8556,#6815,#6816);
#6418=AXIS2_PLACEMENT_3D('',#8562,#6820,#6821);
#6419=AXIS2_PLACEMENT_3D('',#8564,#6823,#6824);
#6420=AXIS2_PLACEMENT_3D('',#8566,#6826,#6827);
#6421=AXIS2_PLACEMENT_3D('',#8570,#6830,#6831);
#6422=AXIS2_PLACEMENT_3D('',#8572,#6833,#6834);
#6423=AXIS2_PLACEMENT_3D('',#8576,#6837,#6838);
#6424=AXIS2_PLACEMENT_3D('',#8578,#6840,#6841);
#6425=AXIS2_PLACEMENT_3D('',#8580,#6843,#6844);
#6426=AXIS2_PLACEMENT_3D('',#8581,#6845,#6846);
#6427=AXIS2_PLACEMENT_3D('',#8590,#6851,#6852);
#6428=AXIS2_PLACEMENT_3D('',#8604,#6860,#6861);
#6429=AXIS2_PLACEMENT_3D('',#8611,#6865,#6866);
#6430=AXIS2_PLACEMENT_3D('',#8617,#6870,#6871);
#6431=AXIS2_PLACEMENT_3D('',#8621,#6874,#6875);
#6432=AXIS2_PLACEMENT_3D('',#8623,#6877,#6878);
#6433=AXIS2_PLACEMENT_3D('',#8630,#6883,#6884);
#6434=AXIS2_PLACEMENT_3D('',#8637,#6889,#6890);
#6435=AXIS2_PLACEMENT_3D('',#8638,#6891,#6892);
#6436=AXIS2_PLACEMENT_3D('',#8656,#6902,#6903);
#6437=AXIS2_PLACEMENT_3D('',#8658,#6905,#6906);
#6438=AXIS2_PLACEMENT_3D('',#8667,#6911,#6912);
#6439=AXIS2_PLACEMENT_3D('',#8678,#6919,#6920);
#6440=AXIS2_PLACEMENT_3D('',#8680,#6922,#6923);
#6441=AXIS2_PLACEMENT_3D('',#8692,#6930,#6931);
#6442=AXIS2_PLACEMENT_3D('',#8694,#6933,#6934);
#6443=AXIS2_PLACEMENT_3D('',#8696,#6936,#6937);
#6444=AXIS2_PLACEMENT_3D('',#8701,#6941,#6942);
#6445=AXIS2_PLACEMENT_3D('',#8702,#6943,#6944);
#6446=AXIS2_PLACEMENT_3D('',#8709,#6949,#6950);
#6447=AXIS2_PLACEMENT_3D('',#8710,#6951,#6952);
#6448=AXIS2_PLACEMENT_3D('',#8714,#6955,#6956);
#6449=AXIS2_PLACEMENT_3D('',#8718,#6959,#6960);
#6450=AXIS2_PLACEMENT_3D('',#8720,#6962,#6963);
#6451=AXIS2_PLACEMENT_3D('',#8793,#6964,#6965);
#6452=AXIS2_PLACEMENT_3D('',#8799,#6969,#6970);
#6453=AXIS2_PLACEMENT_3D('',#8805,#6974,#6975);
#6454=AXIS2_PLACEMENT_3D('',#8809,#6978,#6979);
#6455=AXIS2_PLACEMENT_3D('',#8813,#6982,#6983);
#6456=AXIS2_PLACEMENT_3D('',#8815,#6985,#6986);
#6457=AXIS2_PLACEMENT_3D('',#8816,#6987,#6988);
#6458=AXIS2_PLACEMENT_3D('',#8825,#6993,#6994);
#6459=AXIS2_PLACEMENT_3D('',#8831,#6998,#6999);
#6460=AXIS2_PLACEMENT_3D('',#8837,#7003,#7004);
#6461=AXIS2_PLACEMENT_3D('',#8840,#7007,#7008);
#6462=AXIS2_PLACEMENT_3D('',#8841,#7009,#7010);
#6463=AXIS2_PLACEMENT_3D('',#8842,#7011,#7012);
#6464=AXIS2_PLACEMENT_3D('',#8851,#7017,#7018);
#6465=AXIS2_PLACEMENT_3D('',#8857,#7022,#7023);
#6466=AXIS2_PLACEMENT_3D('',#8863,#7027,#7028);
#6467=AXIS2_PLACEMENT_3D('',#8866,#7031,#7032);
#6468=AXIS2_PLACEMENT_3D('',#8867,#7033,#7034);
#6469=AXIS2_PLACEMENT_3D('',#8868,#7035,#7036);
#6470=AXIS2_PLACEMENT_3D('',#8877,#7041,#7042);
#6471=AXIS2_PLACEMENT_3D('',#8906,#7046,#7047);
#6472=AXIS2_PLACEMENT_3D('',#8980,#7049,#7050);
#6473=AXIS2_PLACEMENT_3D('',#8984,#7053,#7054);
#6474=AXIS2_PLACEMENT_3D('',#8986,#7056,#7057);
#6475=AXIS2_PLACEMENT_3D('',#8987,#7058,#7059);
#6476=AXIS2_PLACEMENT_3D('',#8996,#7064,#7065);
#6477=AXIS2_PLACEMENT_3D('',#9025,#7069,#7070);
#6478=AXIS2_PLACEMENT_3D('',#9099,#7072,#7073);
#6479=AXIS2_PLACEMENT_3D('',#9103,#7076,#7077);
#6480=AXIS2_PLACEMENT_3D('',#9105,#7079,#7080);
#6481=AXIS2_PLACEMENT_3D('',#9106,#7081,#7082);
#6482=AXIS2_PLACEMENT_3D('',#9115,#7087,#7088);
#6483=AXIS2_PLACEMENT_3D('',#9144,#7092,#7093);
#6484=AXIS2_PLACEMENT_3D('',#9218,#7095,#7096);
#6485=AXIS2_PLACEMENT_3D('',#9222,#7099,#7100);
#6486=AXIS2_PLACEMENT_3D('',#9224,#7102,#7103);
#6487=AXIS2_PLACEMENT_3D('',#9225,#7104,#7105);
#6488=AXIS2_PLACEMENT_3D('',#9234,#7110,#7111);
#6489=AXIS2_PLACEMENT_3D('',#9240,#7115,#7116);
#6490=AXIS2_PLACEMENT_3D('',#9246,#7120,#7121);
#6491=AXIS2_PLACEMENT_3D('',#9249,#7124,#7125);
#6492=AXIS2_PLACEMENT_3D('',#9250,#7126,#7127);
#6493=AXIS2_PLACEMENT_3D('',#9251,#7128,#7129);
#6494=AXIS2_PLACEMENT_3D('',#9260,#7134,#7135);
#6495=AXIS2_PLACEMENT_3D('',#9266,#7139,#7140);
#6496=AXIS2_PLACEMENT_3D('',#9272,#7144,#7145);
#6497=AXIS2_PLACEMENT_3D('',#9275,#7148,#7149);
#6498=AXIS2_PLACEMENT_3D('',#9276,#7150,#7151);
#6499=AXIS2_PLACEMENT_3D('',#9277,#7152,#7153);
#6500=AXIS2_PLACEMENT_3D('',#9288,#7159,#7160);
#6501=AXIS2_PLACEMENT_3D('',#9294,#7164,#7165);
#6502=AXIS2_PLACEMENT_3D('',#9298,#7168,#7169);
#6503=AXIS2_PLACEMENT_3D('',#9302,#7172,#7173);
#6504=AXIS2_PLACEMENT_3D('',#9306,#7176,#7177);
#6505=AXIS2_PLACEMENT_3D('',#9308,#7179,#7180);
#6506=AXIS2_PLACEMENT_3D('',#9317,#7185,#7186);
#6507=AXIS2_PLACEMENT_3D('',#9323,#7190,#7191);
#6508=AXIS2_PLACEMENT_3D('',#9329,#7195,#7196);
#6509=AXIS2_PLACEMENT_3D('',#9332,#7199,#7200);
#6510=AXIS2_PLACEMENT_3D('',#9333,#7201,#7202);
#6511=AXIS2_PLACEMENT_3D('',#9334,#7203,#7204);
#6512=AXIS2_PLACEMENT_3D('',#9343,#7209,#7210);
#6513=AXIS2_PLACEMENT_3D('',#9349,#7214,#7215);
#6514=AXIS2_PLACEMENT_3D('',#9357,#7220,#7221);
#6515=AXIS2_PLACEMENT_3D('',#9363,#7225,#7226);
#6516=AXIS2_PLACEMENT_3D('',#9365,#7228,#7229);
#6517=AXIS2_PLACEMENT_3D('',#9369,#7232,#7233);
#6518=AXIS2_PLACEMENT_3D('',#9371,#7235,#7236);
#6519=AXIS2_PLACEMENT_3D('',#9372,#7237,#7238);
#6520=AXIS2_PLACEMENT_3D('',#9381,#7243,#7244);
#6521=AXIS2_PLACEMENT_3D('',#9391,#7250,#7251);
#6522=AXIS2_PLACEMENT_3D('',#9397,#7255,#7256);
#6523=AXIS2_PLACEMENT_3D('',#9399,#7258,#7259);
#6524=AXIS2_PLACEMENT_3D('',#9403,#7262,#7263);
#6525=AXIS2_PLACEMENT_3D('',#9407,#7266,#7267);
#6526=AXIS2_PLACEMENT_3D('',#9409,#7269,#7270);
#6527=AXIS2_PLACEMENT_3D('',#9410,#7271,#7272);
#6528=AXIS2_PLACEMENT_3D('',#9419,#7277,#7278);
#6529=AXIS2_PLACEMENT_3D('',#9425,#7282,#7283);
#6530=AXIS2_PLACEMENT_3D('',#9434,#7288,#7289);
#6531=AXIS2_PLACEMENT_3D('',#9440,#7293,#7294);
#6532=AXIS2_PLACEMENT_3D('',#9446,#7298,#7299);
#6533=AXIS2_PLACEMENT_3D('',#9452,#7303,#7304);
#6534=AXIS2_PLACEMENT_3D('',#9454,#7306,#7307);
#6535=AXIS2_PLACEMENT_3D('',#9456,#7309,#7310);
#6536=AXIS2_PLACEMENT_3D('',#9458,#7312,#7313);
#6537=AXIS2_PLACEMENT_3D('',#9460,#7315,#7316);
#6538=AXIS2_PLACEMENT_3D('',#9461,#7317,#7318);
#6539=AXIS2_PLACEMENT_3D('',#9494,#7329,#7330);
#6540=AXIS2_PLACEMENT_3D('',#9500,#7334,#7335);
#6541=AXIS2_PLACEMENT_3D('',#9504,#7338,#7339);
#6542=AXIS2_PLACEMENT_3D('',#9562,#7341,#7342);
#6543=AXIS2_PLACEMENT_3D('',#9569,#7346,#7347);
#6544=AXIS2_PLACEMENT_3D('',#9578,#7353,#7354);
#6545=AXIS2_PLACEMENT_3D('',#9589,#7360,#7361);
#6546=AXIS2_PLACEMENT_3D('',#9646,#7368,#7369);
#6547=AXIS2_PLACEMENT_3D('',#9655,#7372,#7373);
#6548=AXIS2_PLACEMENT_3D('',#9711,#7379,#7380);
#6549=AXIS2_PLACEMENT_3D('',#9717,#7384,#7385);
#6550=AXIS2_PLACEMENT_3D('',#9719,#7387,#7388);
#6551=AXIS2_PLACEMENT_3D('',#9724,#7392,#7393);
#6552=AXIS2_PLACEMENT_3D('',#9728,#7396,#7397);
#6553=AXIS2_PLACEMENT_3D('',#9735,#7399,#7400);
#6554=AXIS2_PLACEMENT_3D('',#9744,#7403,#7404);
#6555=AXIS2_PLACEMENT_3D('',#9753,#7407,#7408);
#6556=AXIS2_PLACEMENT_3D('',#9760,#7410,#7411);
#6557=AXIS2_PLACEMENT_3D('',#9798,#7413,#7414);
#6558=AXIS2_PLACEMENT_3D('',#9806,#7419,#7420);
#6559=AXIS2_PLACEMENT_3D('',#9808,#7422,#7423);
#6560=AXIS2_PLACEMENT_3D('',#9819,#7427,#7428);
#6561=AXIS2_PLACEMENT_3D('',#9870,#7429,#7430);
#6562=AXIS2_PLACEMENT_3D('',#9878,#7435,#7436);
#6563=AXIS2_PLACEMENT_3D('',#9882,#7439,#7440);
#6564=AXIS2_PLACEMENT_3D('',#9884,#7442,#7443);
#6565=AXIS2_PLACEMENT_3D('',#9888,#7446,#7447);
#6566=AXIS2_PLACEMENT_3D('',#9892,#7450,#7451);
#6567=AXIS2_PLACEMENT_3D('',#9896,#7454,#7455);
#6568=AXIS2_PLACEMENT_3D('',#9900,#7458,#7459);
#6569=AXIS2_PLACEMENT_3D('',#9906,#7463,#7464);
#6570=AXIS2_PLACEMENT_3D('',#9912,#7468,#7469);
#6571=AXIS2_PLACEMENT_3D('',#9916,#7472,#7473);
#6572=AXIS2_PLACEMENT_3D('',#9965,#7476,#7477);
#6573=AXIS2_PLACEMENT_3D('',#9971,#7481,#7482);
#6574=AXIS2_PLACEMENT_3D('',#9973,#7484,#7485);
#6575=AXIS2_PLACEMENT_3D('',#9975,#7487,#7488);
#6576=AXIS2_PLACEMENT_3D('',#9979,#7491,#7492);
#6577=AXIS2_PLACEMENT_3D('',#9983,#7495,#7496);
#6578=AXIS2_PLACEMENT_3D('',#9987,#7499,#7500);
#6579=AXIS2_PLACEMENT_3D('',#9989,#7502,#7503);
#6580=AXIS2_PLACEMENT_3D('',#9990,#7504,#7505);
#6581=AXIS2_PLACEMENT_3D('',#10000,#7508,#7509);
#6582=AXIS2_PLACEMENT_3D('',#10050,#7513,#7514);
#6583=AXIS2_PLACEMENT_3D('',#10054,#7517,#7518);
#6584=AXIS2_PLACEMENT_3D('',#10081,#7520,#7521);
#6585=AXIS2_PLACEMENT_3D('',#10092,#7525,#7526);
#6586=AXIS2_PLACEMENT_3D('',#10097,#7530,#7531);
#6587=AXIS2_PLACEMENT_3D('',#10106,#7536,#7537);
#6588=AXIS2_PLACEMENT_3D('',#10114,#7542,#7543);
#6589=AXIS2_PLACEMENT_3D('',#10120,#7547,#7548);
#6590=AXIS2_PLACEMENT_3D('',#10124,#7551,#7552);
#6591=AXIS2_PLACEMENT_3D('',#10128,#7555,#7556);
#6592=AXIS2_PLACEMENT_3D('',#10130,#7558,#7559);
#6593=AXIS2_PLACEMENT_3D('',#10134,#7562,#7563);
#6594=AXIS2_PLACEMENT_3D('',#10140,#7567,#7568);
#6595=AXIS2_PLACEMENT_3D('',#10146,#7572,#7573);
#6596=AXIS2_PLACEMENT_3D('',#10152,#7577,#7578);
#6597=AXIS2_PLACEMENT_3D('',#10155,#7581,#7582);
#6598=AXIS2_PLACEMENT_3D('',#10159,#7585,#7586);
#6599=AXIS2_PLACEMENT_3D('',#10164,#7590,#7591);
#6600=AXIS2_PLACEMENT_3D('',#10165,#7592,#7593);
#6601=AXIS2_PLACEMENT_3D('',#10169,#7596,#7597);
#6602=AXIS2_PLACEMENT_3D('',#10170,#7598,#7599);
#6603=AXIS2_PLACEMENT_3D('',#10172,#7601,#7602);
#6604=AXIS2_PLACEMENT_3D('',#10184,#7606,#7607);
#6605=AXIS2_PLACEMENT_3D('',#10193,#7612,#7613);
#6606=AXIS2_PLACEMENT_3D('',#10199,#7617,#7618);
#6607=AXIS2_PLACEMENT_3D('',#10209,#7624,#7625);
#6608=AXIS2_PLACEMENT_3D('',#10215,#7629,#7630);
#6609=AXIS2_PLACEMENT_3D('',#10221,#7634,#7635);
#6610=AXIS2_PLACEMENT_3D('',#10233,#7642,#7643);
#6611=AXIS2_PLACEMENT_3D('',#10241,#7648,#7649);
#6612=AXIS2_PLACEMENT_3D('',#10261,#7658,#7659);
#6613=AXIS2_PLACEMENT_3D('',#10265,#7662,#7663);
#6614=AXIS2_PLACEMENT_3D('',#10269,#7666,#7667);
#6615=AXIS2_PLACEMENT_3D('',#10271,#7669,#7670);
#6616=AXIS2_PLACEMENT_3D('',#10275,#7673,#7674);
#6617=AXIS2_PLACEMENT_3D('',#10277,#7676,#7677);
#6618=AXIS2_PLACEMENT_3D('',#10283,#7681,#7682);
#6619=AXIS2_PLACEMENT_3D('',#10287,#7685,#7686);
#6620=AXIS2_PLACEMENT_3D('',#10289,#7688,#7689);
#6621=AXIS2_PLACEMENT_3D('',#10336,#7691,#7692);
#6622=AXIS2_PLACEMENT_3D('',#10337,#7693,#7694);
#6623=AXIS2_PLACEMENT_3D('',#10367,#7706,#7707);
#6624=AXIS2_PLACEMENT_3D('',#10373,#7711,#7712);
#6625=AXIS2_PLACEMENT_3D('',#10380,#7714,#7715);
#6626=AXIS2_PLACEMENT_3D('',#10386,#7719,#7720);
#6627=AXIS2_PLACEMENT_3D('',#10390,#7723,#7724);
#6628=AXIS2_PLACEMENT_3D('',#10396,#7728,#7729);
#6629=AXIS2_PLACEMENT_3D('',#10402,#7733,#7734);
#6630=AXIS2_PLACEMENT_3D('',#10408,#7738,#7739);
#6631=AXIS2_PLACEMENT_3D('',#10414,#7743,#7744);
#6632=AXIS2_PLACEMENT_3D('',#10450,#7748,#7749);
#6633=AXIS2_PLACEMENT_3D('',#10456,#7753,#7754);
#6634=AXIS2_PLACEMENT_3D('',#10460,#7757,#7758);
#6635=AXIS2_PLACEMENT_3D('',#10462,#7760,#7761);
#6636=AXIS2_PLACEMENT_3D('',#10465,#7764,#7765);
#6637=AXIS2_PLACEMENT_3D('',#10466,#7766,#7767);
#6638=AXIS2_PLACEMENT_3D('',#10517,#7769,#7770);
#6639=AXIS2_PLACEMENT_3D('',#10518,#7771,#7772);
#6640=AXIS2_PLACEMENT_3D('',#10527,#7777,#7778);
#6641=AXIS2_PLACEMENT_3D('',#10536,#7783,#7784);
#6642=AXIS2_PLACEMENT_3D('',#10542,#7788,#7789);
#6643=AXIS2_PLACEMENT_3D('',#10549,#7793,#7794);
#6644=AXIS2_PLACEMENT_3D('',#10560,#7800,#7801);
#6645=AXIS2_PLACEMENT_3D('',#10581,#7810,#7811);
#6646=AXIS2_PLACEMENT_3D('',#10588,#7815,#7816);
#6647=AXIS2_PLACEMENT_3D('',#10594,#7820,#7821);
#6648=AXIS2_PLACEMENT_3D('',#10598,#7825,#7826);
#6649=AXIS2_PLACEMENT_3D('',#10604,#7830,#7831);
#6650=AXIS2_PLACEMENT_3D('',#10608,#7834,#7835);
#6651=AXIS2_PLACEMENT_3D('',#10616,#7836,#7837);
#6652=AXIS2_PLACEMENT_3D('',#10672,#7844,#7845);
#6653=AXIS2_PLACEMENT_3D('',#10680,#7848,#7849);
#6654=AXIS2_PLACEMENT_3D('',#10729,#7851,#7852);
#6655=AXIS2_PLACEMENT_3D('',#10757,#7853,#7854);
#6656=AXIS2_PLACEMENT_3D('',#10772,#7860,#7861);
#6657=AXIS2_PLACEMENT_3D('',#10781,#7867,#7868);
#6658=AXIS2_PLACEMENT_3D('',#10783,#7870,#7871);
#6659=AXIS2_PLACEMENT_3D('',#10897,#7874,#7875);
#6660=AXIS2_PLACEMENT_3D('',#10899,#7877,#7878);
#6661=AXIS2_PLACEMENT_3D('',#10903,#7881,#7882);
#6662=AXIS2_PLACEMENT_3D('',#10912,#7885,#7886);
#6663=AXIS2_PLACEMENT_3D('',#10916,#7889,#7890);
#6664=AXIS2_PLACEMENT_3D('',#10920,#7893,#7894);
#6665=AXIS2_PLACEMENT_3D('',#10924,#7897,#7898);
#6666=AXIS2_PLACEMENT_3D('',#10956,#7900,#7901);
#6667=AXIS2_PLACEMENT_3D('',#11014,#7904,#7905);
#6668=AXIS2_PLACEMENT_3D('',#11020,#7909,#7910);
#6669=AXIS2_PLACEMENT_3D('',#11024,#7913,#7914);
#6670=AXIS2_PLACEMENT_3D('',#11030,#7918,#7919);
#6671=AXIS2_PLACEMENT_3D('',#11037,#7924,#7925);
#6672=AXIS2_PLACEMENT_3D('',#11042,#7929,#7930);
#6673=AXIS2_PLACEMENT_3D('',#11044,#7932,#7933);
#6674=AXIS2_PLACEMENT_3D('',#11045,#7934,#7935);
#6675=AXIS2_PLACEMENT_3D('',#11049,#7938,#7939);
#6676=AXIS2_PLACEMENT_3D('',#11053,#7942,#7943);
#6677=AXIS2_PLACEMENT_3D('',#11057,#7946,#7947);
#6678=AXIS2_PLACEMENT_3D('',#11059,#7949,#7950);
#6679=AXIS2_PLACEMENT_3D('',#11060,#7951,#7952);
#6680=AXIS2_PLACEMENT_3D('',#11069,#7957,#7958);
#6681=AXIS2_PLACEMENT_3D('',#11078,#7963,#7964);
#6682=AXIS2_PLACEMENT_3D('',#11084,#7968,#7969);
#6683=AXIS2_PLACEMENT_3D('',#11090,#7973,#7974);
#6684=AXIS2_PLACEMENT_3D('',#11093,#7977,#7978);
#6685=AXIS2_PLACEMENT_3D('',#11095,#7980,#7981);
#6686=AXIS2_PLACEMENT_3D('',#11101,#7985,#7986);
#6687=AXIS2_PLACEMENT_3D('',#11107,#7990,#7991);
#6688=AXIS2_PLACEMENT_3D('',#11186,#7993,#7994);
#6689=AXIS2_PLACEMENT_3D('',#11192,#7998,#7999);
#6690=AXIS2_PLACEMENT_3D('',#11194,#8001,#8002);
#6691=AXIS2_PLACEMENT_3D('',#11405,#8004,#8005);
#6692=AXIS2_PLACEMENT_3D('',#11406,#8006,#8007);
#6693=AXIS2_PLACEMENT_3D('',#11407,#8008,#8009);
#6694=AXIS2_PLACEMENT_3D('',#11416,#8014,#8015);
#6695=AXIS2_PLACEMENT_3D('',#11445,#8019,#8020);
#6696=AXIS2_PLACEMENT_3D('',#11519,#8022,#8023);
#6697=AXIS2_PLACEMENT_3D('',#11523,#8026,#8027);
#6698=AXIS2_PLACEMENT_3D('',#11525,#8029,#8030);
#6699=AXIS2_PLACEMENT_3D('',#11526,#8031,#8032);
#6700=AXIS2_PLACEMENT_3D('',#11535,#8037,#8038);
#6701=AXIS2_PLACEMENT_3D('',#11564,#8042,#8043);
#6702=AXIS2_PLACEMENT_3D('',#11638,#8045,#8046);
#6703=AXIS2_PLACEMENT_3D('',#11642,#8049,#8050);
#6704=AXIS2_PLACEMENT_3D('',#11644,#8052,#8053);
#6705=AXIS2_PLACEMENT_3D('',#11645,#8054,#8055);
#6706=AXIS2_PLACEMENT_3D('',#11654,#8060,#8061);
#6707=AXIS2_PLACEMENT_3D('',#11660,#8065,#8066);
#6708=AXIS2_PLACEMENT_3D('',#11666,#8070,#8071);
#6709=AXIS2_PLACEMENT_3D('',#11669,#8074,#8075);
#6710=AXIS2_PLACEMENT_3D('',#11670,#8076,#8077);
#6711=AXIS2_PLACEMENT_3D('',#11671,#8078,#8079);
#6712=AXIS2_PLACEMENT_3D('',#11680,#8084,#8085);
#6713=AXIS2_PLACEMENT_3D('',#11686,#8089,#8090);
#6714=AXIS2_PLACEMENT_3D('',#11692,#8094,#8095);
#6715=AXIS2_PLACEMENT_3D('',#11695,#8098,#8099);
#6716=AXIS2_PLACEMENT_3D('',#11696,#8100,#8101);
#6717=AXIS2_PLACEMENT_3D('',#11697,#8102,#8103);
#6718=AXIS2_PLACEMENT_3D('',#11706,#8108,#8109);
#6719=AXIS2_PLACEMENT_3D('',#11712,#8113,#8114);
#6720=AXIS2_PLACEMENT_3D('',#11718,#8118,#8119);
#6721=AXIS2_PLACEMENT_3D('',#11721,#8122,#8123);
#6722=AXIS2_PLACEMENT_3D('',#11722,#8124,#8125);
#6723=AXIS2_PLACEMENT_3D('',#11723,#8126,#8127);
#6724=AXIS2_PLACEMENT_3D('',#11732,#8132,#8133);
#6725=AXIS2_PLACEMENT_3D('',#11761,#8137,#8138);
#6726=AXIS2_PLACEMENT_3D('',#11835,#8140,#8141);
#6727=AXIS2_PLACEMENT_3D('',#11839,#8144,#8145);
#6728=AXIS2_PLACEMENT_3D('',#11841,#8147,#8148);
#6729=DIRECTION('axis',(0.,0.,1.));
#6730=DIRECTION('refdir',(1.,0.,0.));
#6731=DIRECTION('center_axis',(1.,0.,0.));
#6732=DIRECTION('ref_axis',(0.,1.,0.));
#6733=DIRECTION('center_axis',(0.,0.,-1.));
#6734=DIRECTION('ref_axis',(0.,1.,0.));
#6735=DIRECTION('',(1.,0.,0.));
#6736=DIRECTION('',(0.,1.,0.));
#6737=DIRECTION('',(1.,0.,0.));
#6738=DIRECTION('center_axis',(0.,1.,0.));
#6739=DIRECTION('ref_axis',(0.,0.,1.));
#6740=DIRECTION('',(1.,0.,0.));
#6741=DIRECTION('',(0.,0.,1.));
#6742=DIRECTION('center_axis',(0.,0.,1.));
#6743=DIRECTION('ref_axis',(0.,-1.,0.));
#6744=DIRECTION('',(1.,0.,0.));
#6745=DIRECTION('',(0.,-1.,0.));
#6746=DIRECTION('center_axis',(0.,-1.,0.));
#6747=DIRECTION('ref_axis',(0.,0.,-1.));
#6748=DIRECTION('',(0.,0.,-1.));
#6749=DIRECTION('center_axis',(1.,0.,0.));
#6750=DIRECTION('ref_axis',(0.,0.,-1.));
#6751=DIRECTION('center_axis',(-0.0174524064369846,-7.2033669947373E-8,
-0.999847695156394));
#6752=DIRECTION('ref_axis',(-4.12743481626545E-6,0.999999999991482,8.8676220819808E-18));
#6753=DIRECTION('',(-0.999695457207874,-0.0174499024007972,0.0174497491140077));
#6754=DIRECTION('',(4.12743481575743E-6,-0.999999999991482,-2.64697796016969E-23));
#6755=DIRECTION('',(0.999695459881888,-0.0174497491606806,-0.0174497491606827));
#6756=DIRECTION('',(-4.12743481626545E-6,0.999999999991482,8.86763640189695E-18));
#6757=DIRECTION('center_axis',(0.0174524064369846,7.2033669947373E-8,0.999847695156394));
#6758=DIRECTION('ref_axis',(4.12743481575743E-6,-0.999999999991482,0.));
#6759=DIRECTION('',(0.999695457207874,0.0174499024007972,-0.0174497491140077));
#6760=DIRECTION('',(4.12743481575743E-6,-0.999999999991482,-1.43199161409168E-23));
#6761=DIRECTION('',(-0.999695459881888,0.0174497491606806,0.0174497491606827));
#6762=DIRECTION('',(-4.12743481575743E-6,0.999999999991482,2.64697796016969E-23));
#6763=DIRECTION('center_axis',(0.999847695147877,4.12680618744332E-6,-0.0174524064371333));
#6764=DIRECTION('ref_axis',(-0.0174524064372819,0.,-0.999847695156391));
#6765=DIRECTION('',(0.0174524064372819,1.18163114407129E-13,0.999847695156391));
#6766=DIRECTION('',(-0.0174524064372819,-1.16934434462392E-13,-0.999847695156391));
#6767=DIRECTION('center_axis',(-0.0174472446961431,0.999847738861374,0.000304542788871487));
#6768=DIRECTION('ref_axis',(0.,-0.000304589151835648,0.999999953612723));
#6769=DIRECTION('',(0.999695457207874,0.0174499024007972,-0.0174497491140077));
#6770=DIRECTION('',(-0.0174524064372812,-1.18151011605355E-13,-0.999847695156391));
#6771=DIRECTION('',(-0.999695457207874,-0.0174499024007972,0.0174497491140077));
#6772=DIRECTION('center_axis',(0.0174524064372816,1.18157382749534E-13,
0.999847695156391));
#6773=DIRECTION('ref_axis',(0.999695457207874,0.0174499024007972,-0.0174497491140077));
#6774=DIRECTION('',(-4.12617765693447E-6,0.999999999991485,7.20225807317624E-8));
#6775=DIRECTION('',(-0.999695457207874,-0.0174499024007972,0.0174497491140077));
#6776=DIRECTION('',(-0.0174472446961431,0.999847738861374,0.000304542788871487));
#6777=DIRECTION('',(0.999695457207874,0.0174499024007972,-0.0174497491140077));
#6778=DIRECTION('center_axis',(0.999847695147877,4.12680618744332E-6,-0.0174524064371333));
#6779=DIRECTION('ref_axis',(-0.0174524064372819,0.,-0.999847695156391));
#6780=DIRECTION('',(-4.126177656912E-6,0.999999999991485,7.20225820191815E-8));
#6781=DIRECTION('',(-0.0174524064372819,-1.16934434462392E-13,-0.999847695156391));
#6782=DIRECTION('',(4.12617765497524E-6,-0.999999999991485,-7.20226988729534E-8));
#6783=DIRECTION('',(0.0174524064372819,1.18163114407129E-13,0.999847695156391));
#6784=DIRECTION('center_axis',(-0.999847695106391,-1.00007928338641E-5,
0.0174524064364085));
#6785=DIRECTION('ref_axis',(0.0174524064372812,0.,0.999847695156391));
#6786=DIRECTION('',(-1.00023162332973E-5,0.999999999949977,8.23272596771684E-24));
#6787=DIRECTION('',(0.0174524064372812,1.16946537152048E-13,0.999847695156391));
#6788=DIRECTION('',(1.00023162345565E-5,-0.999999999949977,-2.19779652570829E-17));
#6789=DIRECTION('center_axis',(0.0174524064355354,1.74564488208991E-7,0.999847695156406));
#6790=DIRECTION('ref_axis',(-1.00023162332973E-5,0.999999999949977,0.));
#6791=DIRECTION('',(1.00023162332973E-5,-0.999999999949977,5.29395592033938E-23));
#6792=DIRECTION('',(-0.0174470914793616,-0.999847741535795,0.000304540114697715));
#6793=DIRECTION('',(-0.999695459881888,0.0174497491606806,0.0174497491606827));
#6794=DIRECTION('center_axis',(-0.0174524064355354,-1.74564488208991E-7,
-0.999847695156406));
#6795=DIRECTION('ref_axis',(1.00023162345565E-5,-0.999999999949977,-2.19779570243569E-17));
#6796=DIRECTION('',(-0.999695457207874,-0.0174499024007972,0.0174497491140077));
#6797=DIRECTION('',(0.999695459881888,-0.0174497491606806,-0.0174497491606827));
#6798=DIRECTION('',(-0.0174470914793616,-0.999847741535795,0.000304540114697715));
#6799=DIRECTION('',(-1.00023162332973E-5,0.999999999949977,-5.29395592033938E-23));
#6800=DIRECTION('',(-0.0174472446961431,0.999847738861374,0.000304542788871487));
#6801=DIRECTION('center_axis',(-0.0174524064372816,-1.18157382749534E-13,
-0.999847695156391));
#6802=DIRECTION('ref_axis',(-0.999695457207874,-0.0174499024007972,0.0174497491140077));
#6803=DIRECTION('',(0.999695457207874,0.0174499024007972,-0.0174497491140077));
#6804=DIRECTION('',(4.12617765693447E-6,-0.999999999991485,-7.20225807317624E-8));
#6805=DIRECTION('center_axis',(-0.0174524064372856,-1.16870217930359E-13,
-0.999847695156391));
#6806=DIRECTION('ref_axis',(0.999695459881888,-0.0174497491606806,-0.0174497491606827));
#6807=DIRECTION('',(4.126177656912E-6,-0.999999999991485,-7.20225820187478E-8));
#6808=DIRECTION('',(-0.999695459881888,0.0174497491606806,0.0174497491606827));
#6809=DIRECTION('',(0.999695459881888,-0.0174497491606806,-0.0174497491606827));
#6810=DIRECTION('center_axis',(-0.999847695106391,-1.00007928320879E-5,
0.0174524064364087));
#6811=DIRECTION('ref_axis',(0.0174524064372815,0.,0.999847695156391));
#6812=DIRECTION('',(-0.0174524064372815,-1.18155294855362E-13,-0.999847695156391));
#6813=DIRECTION('',(-9.99926966295517E-6,0.999999999949992,1.74537901201639E-7));
#6814=DIRECTION('',(0.0174524064372815,1.16942253900558E-13,0.999847695156391));
#6815=DIRECTION('center_axis',(-0.999847695106391,-1.00007928320879E-5,
0.0174524064364087));
#6816=DIRECTION('ref_axis',(0.0174524064372815,0.,0.999847695156391));
#6817=DIRECTION('',(0.0174524064372815,1.16942253900558E-13,0.999847695156391));
#6818=DIRECTION('',(9.99926966496121E-6,-0.999999999949992,-1.74537783090956E-7));
#6819=DIRECTION('',(-0.0174524064372815,-1.18155294855362E-13,-0.999847695156391));
#6820=DIRECTION('center_axis',(-0.0174470914793616,-0.999847741535795,0.000304540114697715));
#6821=DIRECTION('ref_axis',(0.,-0.000304586476440297,-0.999999953613538));
#6822=DIRECTION('',(-0.999695459881888,0.0174497491606806,0.0174497491606827));
#6823=DIRECTION('center_axis',(0.0174524064372856,1.1686978424949E-13,0.999847695156391));
#6824=DIRECTION('ref_axis',(-0.999695459881888,0.0174497491606806,0.0174497491606827));
#6825=DIRECTION('',(0.999695459881888,-0.0174497491606806,-0.0174497491606827));
#6826=DIRECTION('center_axis',(-0.0174470914793616,-0.999847741535795,0.000304540114697715));
#6827=DIRECTION('ref_axis',(0.,-0.000304586476440297,-0.999999953613538));
#6828=DIRECTION('',(-0.0174524064372819,-1.16934434462392E-13,-0.999847695156391));
#6829=DIRECTION('',(0.999695459881888,-0.0174497491606806,-0.0174497491606832));
#6830=DIRECTION('center_axis',(-0.0174472446961431,0.999847738861374,0.000304542788871487));
#6831=DIRECTION('ref_axis',(0.,-0.000304589151835648,0.999999953612723));
#6832=DIRECTION('',(0.999695457207875,0.0174499024007832,-0.0174497491140076));
#6833=DIRECTION('center_axis',(0.999847695147877,4.12680618744332E-6,-0.0174524064371333));
#6834=DIRECTION('ref_axis',(-0.0174524064372819,0.,-0.999847695156391));
#6835=DIRECTION('',(0.0174524064372819,1.18163114407129E-13,0.999847695156391));
#6836=DIRECTION('',(-4.12617765693395E-6,0.999999999991485,7.20225807614294E-8));
#6837=DIRECTION('center_axis',(0.0174524064372861,1.18127729820117E-13,
0.999847695156391));
#6838=DIRECTION('ref_axis',(0.999847695156391,0.,-0.0174524064372861));
#6839=DIRECTION('',(-0.999695457207874,-0.0174499024007972,0.0174497491140122));
#6840=DIRECTION('center_axis',(-0.0174470914793616,-0.999847741535795,0.000304540114697715));
#6841=DIRECTION('ref_axis',(0.,-0.000304586476440297,-0.999999953613538));
#6842=DIRECTION('',(-0.999695459881887,0.0174497491606828,0.0174497491606827));
#6843=DIRECTION('center_axis',(-0.0174472446961431,0.999847738861374,0.000304542788871487));
#6844=DIRECTION('ref_axis',(0.,-0.000304589151835648,0.999999953612723));
#6845=DIRECTION('center_axis',(0.998629534754574,-8.64984359754153E-19,
-0.0523359562429438));
#6846=DIRECTION('ref_axis',(-0.00456137913876271,0.996194698091746,-0.0870362988312832));
#6847=DIRECTION('',(-0.0523359344049288,-0.000913527133116968,-0.998629118060424));
#6848=DIRECTION('',(-0.00456137913876271,0.996194698091746,-0.0870362988312832));
#6849=DIRECTION('',(-0.0521368021287822,-0.0871557427476593,-0.994829447880333));
#6850=DIRECTION('',(0.00456137913876271,-0.996194698091746,0.0870362988312832));
#6851=DIRECTION('center_axis',(0.0521368021287822,0.0871557427476582,0.994829447880333));
#6852=DIRECTION('ref_axis',(0.998629534754574,-8.64984359754153E-19,-0.0523359562429438));
#6853=DIRECTION('',(0.998396923658471,0.0174270831265913,-0.0538505302016693));
#6854=DIRECTION('',(0.92868614029584,-0.370512185691635,-0.0162102768767997));
#6855=DIRECTION('',(0.00456137913876271,-0.996194698091746,0.0870362988312832));
#6856=DIRECTION('',(0.998629534754574,-8.64984359754153E-19,-0.0523359562429438));
#6857=DIRECTION('',(-0.998630989708557,0.000329703457836439,0.0523071475932126));
#6858=DIRECTION('',(-0.0042303773525144,0.996194643369306,-0.0870536411056759));
#6859=DIRECTION('',(0.998630991793886,-0.000330194494989156,-0.0523071046833596));
#6860=DIRECTION('center_axis',(-0.00456137913876271,0.996194698091746,-0.0870362988312832));
#6861=DIRECTION('ref_axis',(0.0521368021287822,0.0871557427476582,0.994829447880333));
#6862=DIRECTION('',(0.,0.0870372042918473,0.996205061756393));
#6863=DIRECTION('',(-0.998629534754574,8.64984359754153E-19,0.0523359562429438));
#6864=DIRECTION('',(0.0521368021287822,0.0871557427476582,0.994829447880333));
#6865=DIRECTION('center_axis',(0.00423086959057422,-0.996194643531942,0.0870536153228218));
#6866=DIRECTION('ref_axis',(-0.998630989708557,0.00032970345783645,0.0523071475932127));
#6867=DIRECTION('',(0.998630989708557,-0.000329703457836439,-0.0523071475932126));
#6868=DIRECTION('',(-0.0521368021287832,-0.0871557427476593,-0.994829447880333));
#6869=DIRECTION('',(0.0521368021287822,0.0871557427476582,0.994829447880333));
#6870=DIRECTION('center_axis',(-0.00423037735251459,0.996194643369306,-0.087053641105677));
#6871=DIRECTION('ref_axis',(0.998630991793886,-0.000330194494989167,-0.0523071046833597));
#6872=DIRECTION('',(-0.998630991793886,0.000330194494989156,0.0523071046833596));
#6873=DIRECTION('',(-0.0521368021287832,-0.0871557427476593,-0.994829447880333));
#6874=DIRECTION('center_axis',(-0.998630991793885,0.000330194494989364,
0.0523071046833605));
#6875=DIRECTION('ref_axis',(-0.00423037735251441,0.996194643369306,-0.0870536411056761));
#6876=DIRECTION('',(0.0042303773525144,-0.996194643369306,0.0870536411056759));
#6877=DIRECTION('center_axis',(0.0521368021287822,0.0871557427476582,0.994829447880333));
#6878=DIRECTION('ref_axis',(0.998629534754574,-8.64984359754153E-19,-0.0523359562429438));
#6879=DIRECTION('',(-0.998396923658471,-0.0174270831265913,0.0538505302016693));
#6880=DIRECTION('',(-0.998629534754574,8.64984359754153E-19,0.0523359562429438));
#6881=DIRECTION('',(-0.00456137913876271,0.996194698091746,-0.0870362988312832));
#6882=DIRECTION('',(0.,0.996184306287283,-0.0872744401696407));
#6883=DIRECTION('center_axis',(-0.998629534754574,8.64984359754153E-19,
0.0523359562429438));
#6884=DIRECTION('ref_axis',(0.00456137913876271,-0.996194698091746,0.0870362988312832));
#6885=DIRECTION('',(0.,-1.,1.65275352138192E-17));
#6886=DIRECTION('',(0.0521368021287822,0.0871557427476582,0.994829447880333));
#6887=DIRECTION('',(8.65379784429412E-19,1.,-1.51052603247823E-20));
#6888=DIRECTION('',(0.0523359344049288,0.000913527133116968,0.998629118060424));
#6889=DIRECTION('center_axis',(0.00456137913876271,-0.996194698091746,0.0870362988312832));
#6890=DIRECTION('ref_axis',(0.998629534754574,-8.64984359754153E-19,-0.0523359562429438));
#6891=DIRECTION('center_axis',(1.,0.,0.));
#6892=DIRECTION('ref_axis',(0.,0.,-1.));
#6893=DIRECTION('',(0.,0.,-1.));
#6894=DIRECTION('',(0.,-1.,0.));
#6895=DIRECTION('',(0.,0.,1.));
#6896=DIRECTION('',(0.,-1.,1.65729605467053E-17));
#6897=DIRECTION('',(0.,0.0870372042918473,-0.996205061756393));
#6898=DIRECTION('',(0.,0.996184306287283,0.0872744401696407));
#6899=DIRECTION('',(0.,0.,1.));
#6900=DIRECTION('',(0.,1.,0.));
#6901=DIRECTION('',(0.,0.,-1.));
#6902=DIRECTION('center_axis',(0.0174524064372835,-0.999847695156391,0.));
#6903=DIRECTION('ref_axis',(0.,0.,-1.));
#6904=DIRECTION('',(0.999695459881887,0.0174497491606827,-0.0174497491606827));
#6905=DIRECTION('center_axis',(0.998629534754574,-8.67361737988404E-19,
-0.0523359562429438));
#6906=DIRECTION('ref_axis',(0.00456137913876271,0.996194698091746,0.0870362988312832));
#6907=DIRECTION('',(0.0523359344049288,-0.000913527133116969,0.998629118060424));
#6908=DIRECTION('',(-0.00456137913876271,-0.996194698091746,-0.0870362988312832));
#6909=DIRECTION('',(0.0521368021287822,-0.0871557427476575,0.994829447880333));
#6910=DIRECTION('',(0.00456137913876271,0.996194698091746,0.0870362988312832));
#6911=DIRECTION('center_axis',(0.0521368021287823,-0.0871557427476582,0.994829447880333));
#6912=DIRECTION('ref_axis',(0.998629534754574,-8.67361737988404E-19,-0.0523359562429438));
#6913=DIRECTION('',(0.998396923658471,-0.0174270831265913,-0.0538505302016693));
#6914=DIRECTION('',(-0.998629534754574,8.67361737988404E-19,0.0523359562429438));
#6915=DIRECTION('',(0.00456137913876271,0.996194698091746,0.0870362988312832));
#6916=DIRECTION('',(0.998629534754574,-8.67361737988404E-19,-0.0523359562429438));
#6917=DIRECTION('',(-0.00456137913876252,-0.996194698091746,-0.0870362988312832));
#6918=DIRECTION('',(0.998629534754574,-8.97719398817997E-16,-0.0523359562429439));
#6919=DIRECTION('center_axis',(0.00456137913876271,0.996194698091746,0.0870362988312832));
#6920=DIRECTION('ref_axis',(0.0521368021287822,-0.0871557427476582,0.994829447880333));
#6921=DIRECTION('',(0.0521368021287822,-0.0871557427476582,0.994829447880333));
#6922=DIRECTION('center_axis',(0.0521368021287823,-0.0871557427476582,0.994829447880333));
#6923=DIRECTION('ref_axis',(0.998629534754574,-8.67361737988404E-19,-0.0523359562429438));
#6924=DIRECTION('',(-0.998396923658471,0.0174270831265913,0.0538505302016693));
#6925=DIRECTION('',(-0.998629534754574,8.97719398817997E-16,0.0523359562429439));
#6926=DIRECTION('',(0.00456137913876252,0.996194698091746,0.0870362988312832));
#6927=DIRECTION('',(-0.998629534754574,8.67361737988404E-19,0.0523359562429438));
#6928=DIRECTION('',(-0.00456137913876271,-0.996194698091746,-0.0870362988312832));
#6929=DIRECTION('',(-0.92868614029584,-0.370512185691636,0.0162102768767997));
#6930=DIRECTION('center_axis',(-0.00456137913876357,-0.996194698091746,
-0.0870362988312824));
#6931=DIRECTION('ref_axis',(-0.998629534754574,8.88178419700125E-16,0.052335956242944));
#6932=DIRECTION('',(-0.0521368021287827,0.0871557427476574,-0.994829447880333));
#6933=DIRECTION('center_axis',(-0.998629534754574,-2.26381413614973E-16,
0.0523359562429443));
#6934=DIRECTION('ref_axis',(0.00456137913876253,0.996194698091746,0.0870362988312834));
#6935=DIRECTION('',(-0.0521368021287827,0.0871557427476582,-0.994829447880333));
#6936=DIRECTION('center_axis',(-0.998629534754574,8.67361737988404E-19,
0.0523359562429438));
#6937=DIRECTION('ref_axis',(-0.00456137913876271,-0.996194698091746,-0.0870362988312832));
#6938=DIRECTION('',(8.67758249474083E-19,1.,-1.51467765865666E-20));
#6939=DIRECTION('',(0.0521368021287822,-0.0871557427476582,0.994829447880333));
#6940=DIRECTION('',(-0.0523359344049288,0.000913527133116969,-0.998629118060424));
#6941=DIRECTION('center_axis',(0.00456137913876271,0.996194698091746,0.0870362988312832));
#6942=DIRECTION('ref_axis',(-0.998629534754574,8.67361737988404E-19,0.0523359562429438));
#6943=DIRECTION('center_axis',(0.0174524064372835,0.,0.999847695156391));
#6944=DIRECTION('ref_axis',(0.,-1.,0.));
#6945=DIRECTION('',(0.999695459881887,0.0174497491606827,-0.0174497491606827));
#6946=DIRECTION('',(0.,1.,0.));
#6947=DIRECTION('',(0.999695459881887,-0.0174497491606827,-0.0174497491606827));
#6948=DIRECTION('',(0.999695459881887,-0.0174497491606827,-0.0174497491606827));
#6949=DIRECTION('center_axis',(0.0174524064372835,0.999847695156391,0.));
#6950=DIRECTION('ref_axis',(0.,0.,1.));
#6951=DIRECTION('center_axis',(0.0174524064372835,0.999847695156391,0.));
#6952=DIRECTION('ref_axis',(0.,0.,1.));
#6953=DIRECTION('',(0.,0.,-1.));
#6954=DIRECTION('',(0.999695459881887,-0.0174497491606827,0.0174497491606827));
#6955=DIRECTION('center_axis',(0.0174524064372835,0.,-0.999847695156391));
#6956=DIRECTION('ref_axis',(0.,1.,0.));
#6957=DIRECTION('',(0.,-1.,0.));
#6958=DIRECTION('',(0.999695459881887,0.0174497491606827,0.0174497491606827));
#6959=DIRECTION('center_axis',(0.0174524064372835,-0.999847695156391,0.));
#6960=DIRECTION('ref_axis',(0.,0.,-1.));
#6961=DIRECTION('',(0.,0.,1.));
#6962=DIRECTION('center_axis',(1.,0.,0.));
#6963=DIRECTION('ref_axis',(0.,0.,-1.));
#6964=DIRECTION('center_axis',(1.,0.,0.));
#6965=DIRECTION('ref_axis',(0.,0.,-1.));
#6966=DIRECTION('',(0.,0.,-1.));
#6967=DIRECTION('',(0.,1.,0.));
#6968=DIRECTION('',(0.,0.,1.));
#6969=DIRECTION('center_axis',(0.0261769483078732,0.999657324975557,0.));
#6970=DIRECTION('ref_axis',(0.,0.,1.));
#6971=DIRECTION('',(0.99931500198837,-0.0261679842649793,0.0261679842649793));
#6972=DIRECTION('',(0.,0.,-1.));
#6973=DIRECTION('',(0.99931500198837,-0.0261679842649793,-0.0261679842649793));
#6974=DIRECTION('center_axis',(0.0261769483078731,0.,-0.999657324975557));
#6975=DIRECTION('ref_axis',(0.,1.,0.));
#6976=DIRECTION('',(0.99931500198837,0.0261679842649794,0.0261679842649793));
#6977=DIRECTION('',(0.,-1.,0.));
#6978=DIRECTION('center_axis',(0.0261769483078732,-0.999657324975557,0.));
#6979=DIRECTION('ref_axis',(0.,0.,-1.));
#6980=DIRECTION('',(0.99931500198837,0.0261679842649794,-0.0261679842649793));
#6981=DIRECTION('',(0.,0.,1.));
#6982=DIRECTION('center_axis',(0.0261769483078732,0.,0.999657324975557));
#6983=DIRECTION('ref_axis',(0.,-1.,0.));
#6984=DIRECTION('',(0.,1.,0.));
#6985=DIRECTION('center_axis',(1.,0.,0.));
#6986=DIRECTION('ref_axis',(0.,0.,-1.));
#6987=DIRECTION('center_axis',(0.998629534754574,-6.41847686111419E-16,
-0.0523359562429471));
#6988=DIRECTION('ref_axis',(0.00456137913876237,-0.996194698091746,0.0870362988312834));
#6989=DIRECTION('',(-0.00456137913876237,0.996194698091746,-0.0870362988312834));
#6990=DIRECTION('',(-0.0521368021287855,-0.0871557427476616,-0.994829447880332));
#6991=DIRECTION('',(0.00456137913876238,-0.996194698091746,0.0870362988312834));
#6992=DIRECTION('',(-0.0521368021287855,-0.0871557427476616,-0.994829447880332));
#6993=DIRECTION('center_axis',(-0.00423037735251471,0.996194643369306,-0.0870536411056794));
#6994=DIRECTION('ref_axis',(0.998630991793886,-0.000330194494989167,-0.0523071046833597));
#6995=DIRECTION('',(-0.998630991793886,0.000330194494989167,0.0523071046833597));
#6996=DIRECTION('',(0.998630991793886,-0.00033019449498918,-0.0523071046833597));
#6997=DIRECTION('',(-0.0521368021287855,-0.0871557427476616,-0.994829447880332));
#6998=DIRECTION('center_axis',(-0.998630991793885,0.00033019449498957,0.0523071046833629));
#6999=DIRECTION('ref_axis',(-0.00423037735251441,0.996194643369306,-0.0870536411056761));
#7000=DIRECTION('',(0.00423037735251441,-0.996194643369306,0.0870536411056761));
#7001=DIRECTION('',(-0.00423037735251443,0.996194643369306,-0.0870536411056761));
#7002=DIRECTION('',(-0.0521368021287855,-0.0871557427476616,-0.994829447880332));
#7003=DIRECTION('center_axis',(0.00423086959057435,-0.996194643531942,0.0870536153228241));
#7004=DIRECTION('ref_axis',(-0.998630989708557,0.00032970345783645,0.0523071475932127));
#7005=DIRECTION('',(0.998630989708557,-0.00032970345783645,-0.0523071475932127));
#7006=DIRECTION('',(-0.998630989708557,0.000329703457836464,0.0523071475932127));
#7007=DIRECTION('center_axis',(0.0521368021287823,0.0871557427476584,0.994829447880333));
#7008=DIRECTION('ref_axis',(-0.85817263704122,0.513361203280613,0.));
#7009=DIRECTION('center_axis',(-0.0521368021287856,-0.0871557427476616,
-0.994829447880333));
#7010=DIRECTION('ref_axis',(-0.998629534754574,0.,0.0523359562429472));
#7011=DIRECTION('center_axis',(-0.998629534754574,-4.74446870679657E-16,
0.0523359562429471));
#7012=DIRECTION('ref_axis',(0.00456137913876253,0.996194698091746,0.0870362988312834));
#7013=DIRECTION('',(-0.00456137913876253,-0.996194698091746,-0.0870362988312834));
#7014=DIRECTION('',(-0.0521368021287856,0.0871557427476546,-0.994829447880333));
#7015=DIRECTION('',(0.00456137913876269,0.996194698091746,0.0870362988312834));
#7016=DIRECTION('',(-0.0521368021287856,0.0871557427476546,-0.994829447880333));
#7017=DIRECTION('center_axis',(-0.00456137913876342,-0.996194698091746,
-0.0870362988312796));
#7018=DIRECTION('ref_axis',(-0.998629534754574,8.88178419700125E-16,0.052335956242944));
#7019=DIRECTION('',(-0.998629534754574,8.88178419700125E-16,0.052335956242944));
#7020=DIRECTION('',(-0.998629534754574,7.3254700241012E-16,0.052335956242944));
#7021=DIRECTION('',(-0.0521368021287856,0.0871557427476546,-0.994829447880333));
#7022=DIRECTION('center_axis',(0.998629534754574,4.74446870679657E-16,-0.0523359562429471));
#7023=DIRECTION('ref_axis',(-0.00456137913876253,-0.996194698091746,-0.0870362988312834));
#7024=DIRECTION('',(-0.00456137913876253,-0.996194698091746,-0.0870362988312834));
#7025=DIRECTION('',(-0.00456137913876269,-0.996194698091746,-0.0870362988312834));
#7026=DIRECTION('',(-0.0521368021287856,0.0871557427476546,-0.994829447880333));
#7027=DIRECTION('center_axis',(0.00456137913876286,0.996194698091746,0.0870362988312796));
#7028=DIRECTION('ref_axis',(0.998629534754574,-3.33066907387547E-16,-0.052335956242944));
#7029=DIRECTION('',(-0.998629534754574,3.33066907387547E-16,0.052335956242944));
#7030=DIRECTION('',(0.998629534754574,-1.77435490097542E-16,-0.052335956242944));
#7031=DIRECTION('center_axis',(0.0521368021287824,-0.0871557427476582,0.994829447880333));
#7032=DIRECTION('ref_axis',(0.85817263704122,0.513361203280613,-8.58649144978648E-17));
#7033=DIRECTION('center_axis',(-0.0521368021287856,0.0871557427476546,-0.994829447880333));
#7034=DIRECTION('ref_axis',(-0.998629534754574,0.,0.0523359562429472));
#7035=DIRECTION('center_axis',(-0.999657324975558,0.,0.0261769483078641));
#7036=DIRECTION('ref_axis',(0.0261769483078641,0.,0.999657324975558));
#7037=DIRECTION('',(0.0261769483078641,0.,0.999657324975558));
#7038=DIRECTION('',(0.,-1.,0.));
#7039=DIRECTION('',(-0.0261769483078641,0.,-0.999657324975558));
#7040=DIRECTION('',(0.,1.,0.));
#7041=DIRECTION('center_axis',(0.0261769483078637,0.,0.999657324975558));
#7042=DIRECTION('ref_axis',(0.999657324975558,0.,-0.0261769483078637));
#7043=DIRECTION('',(0.999657324975558,0.,-0.0261769483078637));
#7044=DIRECTION('',(0.,-1.,0.));
#7045=DIRECTION('',(-0.999657324975558,0.,0.0261769483078637));
#7046=DIRECTION('center_axis',(0.,1.,0.));
#7047=DIRECTION('ref_axis',(-0.999657324975557,0.,0.026176948307876));
#7048=DIRECTION('',(0.999657324975558,0.,-0.0261769483078637));
#7049=DIRECTION('center_axis',(-0.999657324975558,0.,0.0261769483078637));
#7050=DIRECTION('ref_axis',(0.,-1.,0.));
#7051=DIRECTION('',(0.,1.,0.));
#7052=DIRECTION('',(-0.0261769483078637,0.,-0.999657324975558));
#7053=DIRECTION('center_axis',(0.026176948307876,0.,0.999657324975557));
#7054=DIRECTION('ref_axis',(0.,1.,0.));
#7055=DIRECTION('',(0.999657324975558,0.,-0.0261769483078637));
#7056=DIRECTION('center_axis',(0.,-1.,0.));
#7057=DIRECTION('ref_axis',(0.,0.,-1.));
#7058=DIRECTION('center_axis',(-0.999657324975558,0.,0.0261769483078641));
#7059=DIRECTION('ref_axis',(0.0261769483078641,0.,0.999657324975558));
#7060=DIRECTION('',(-0.0261769483078641,0.,-0.999657324975558));
#7061=DIRECTION('',(0.,1.,0.));
#7062=DIRECTION('',(0.0261769483078641,0.,0.999657324975558));
#7063=DIRECTION('',(0.,-1.,0.));
#7064=DIRECTION('center_axis',(0.026176948307876,0.,0.999657324975557));
#7065=DIRECTION('ref_axis',(0.,1.,0.));
#7066=DIRECTION('',(-0.999657324975557,0.,0.026176948307876));
#7067=DIRECTION('',(0.,1.,0.));
#7068=DIRECTION('',(0.999657324975557,0.,-0.026176948307876));
#7069=DIRECTION('center_axis',(0.,-1.,0.));
#7070=DIRECTION('ref_axis',(0.999657324975557,0.,-0.026176948307876));
#7071=DIRECTION('',(0.999657324975557,0.,-0.026176948307876));
#7072=DIRECTION('center_axis',(-0.999657324975558,0.,0.0261769483078637));
#7073=DIRECTION('ref_axis',(0.,-1.,0.));
#7074=DIRECTION('',(0.,-1.,0.));
#7075=DIRECTION('',(-0.0261769483078637,0.,-0.999657324975558));
#7076=DIRECTION('center_axis',(0.0261769483078637,0.,0.999657324975558));
#7077=DIRECTION('ref_axis',(0.999657324975558,0.,-0.0261769483078637));
#7078=DIRECTION('',(0.999657324975558,0.,-0.0261769483078637));
#7079=DIRECTION('center_axis',(0.,-1.,0.));
#7080=DIRECTION('ref_axis',(0.,0.,-1.));
#7081=DIRECTION('center_axis',(-0.999657324975557,0.,0.0261769483078748));
#7082=DIRECTION('ref_axis',(0.0261769483078748,0.,0.999657324975557));
#7083=DIRECTION('',(0.,-1.,0.));
#7084=DIRECTION('',(-0.0261769483078748,0.,-0.999657324975557));
#7085=DIRECTION('',(0.,1.,0.));
#7086=DIRECTION('',(0.0261769483078748,0.,0.999657324975557));
#7087=DIRECTION('center_axis',(0.,-1.,0.));
#7088=DIRECTION('ref_axis',(0.999657324975557,0.,-0.026176948307876));
#7089=DIRECTION('',(0.999657324975557,0.,-0.026176948307876));
#7090=DIRECTION('',(0.0261769483078765,0.,0.999657324975557));
#7091=DIRECTION('',(-0.999657324975557,0.,0.026176948307876));
#7092=DIRECTION('center_axis',(0.0261769483078765,0.,0.999657324975557));
#7093=DIRECTION('ref_axis',(0.999657324975557,0.,-0.0261769483078765));
#7094=DIRECTION('',(0.999657324975557,0.,-0.0261769483078762));
#7095=DIRECTION('center_axis',(-0.999657324975557,0.,0.0261769483078765));
#7096=DIRECTION('ref_axis',(0.,-1.,0.));
#7097=DIRECTION('',(0.0261769483078765,0.,0.999657324975557));
#7098=DIRECTION('',(0.,1.,0.));
#7099=DIRECTION('center_axis',(0.,1.,0.));
#7100=DIRECTION('ref_axis',(-0.999657324975557,0.,0.026176948307876));
#7101=DIRECTION('',(0.999657324975557,0.,-0.0261769483078762));
#7102=DIRECTION('center_axis',(0.026176948307876,0.,0.999657324975557));
#7103=DIRECTION('ref_axis',(0.,1.,0.));
#7104=DIRECTION('center_axis',(0.,1.,0.));
#7105=DIRECTION('ref_axis',(0.,0.,1.));
#7106=DIRECTION('',(0.0261769483078641,0.,0.999657324975558));
#7107=DIRECTION('',(0.999657324975558,0.,-0.0261769483078641));
#7108=DIRECTION('',(-0.0261769483078641,0.,-0.999657324975558));
#7109=DIRECTION('',(-0.999657324975558,0.,0.0261769483078641));
#7110=DIRECTION('center_axis',(-0.0261769483078641,0.,-0.999657324975558));
#7111=DIRECTION('ref_axis',(0.,1.,0.));
#7112=DIRECTION('',(0.,-1.,0.));
#7113=DIRECTION('',(0.,1.,0.));
#7114=DIRECTION('',(0.999657324975558,0.,-0.0261769483078641));
#7115=DIRECTION('center_axis',(0.,-1.,0.));
#7116=DIRECTION('ref_axis',(-0.0261769483078641,0.,-0.999657324975558));
#7117=DIRECTION('',(0.0261769483078641,0.,0.999657324975558));
#7118=DIRECTION('',(-0.0261769483078641,0.,-0.999657324975558));
#7119=DIRECTION('',(0.999657324975558,0.,-0.0261769483078641));
#7120=DIRECTION('center_axis',(0.0261769483078641,0.,0.999657324975558));
#7121=DIRECTION('ref_axis',(0.,-1.,0.));
#7122=DIRECTION('',(0.,1.,0.));
#7123=DIRECTION('',(0.,1.,0.));
#7124=DIRECTION('center_axis',(0.999657324975558,0.,-0.0261769483078641));
#7125=DIRECTION('ref_axis',(-0.0261769483078641,0.,-0.999657324975558));
#7126=DIRECTION('center_axis',(-0.999657324975558,0.,0.0261769483078641));
#7127=DIRECTION('ref_axis',(0.0261769483078641,0.,0.999657324975558));
#7128=DIRECTION('center_axis',(0.017447244696141,-0.999847738861374,-0.00030454278898974));
#7129=DIRECTION('ref_axis',(-0.999695457207874,-0.0174499024007972,0.0174497491140137));
#7130=DIRECTION('',(0.999695457207874,0.0174499024007972,-0.0174497491140137));
#7131=DIRECTION('',(-0.0174524064372892,0.,-0.999847695156391));
#7132=DIRECTION('',(-0.999695457207874,-0.0174499024007972,0.0174497491140137));
#7133=DIRECTION('',(-0.0174524064372892,0.,-0.999847695156391));
#7134=DIRECTION('center_axis',(0.999695457207874,0.0174499024007968,-0.0174497491140133));
#7135=DIRECTION('ref_axis',(0.0174472446961407,-0.999847738861374,-0.000304542788989741));
#7136=DIRECTION('',(-0.0174472446961407,0.999847738861374,0.000304542788989741));
#7137=DIRECTION('',(0.0174472446961407,-0.999847738861374,-0.000304542788989741));
#7138=DIRECTION('',(-0.0174524064372892,0.,-0.999847695156391));
#7139=DIRECTION('center_axis',(-0.0174472446961407,0.999847738861374,0.000304542788989734));
#7140=DIRECTION('ref_axis',(0.999695457207874,0.0174499024007968,-0.0174497491140137));
#7141=DIRECTION('',(-0.999695457207874,-0.0174499024007968,0.0174497491140137));
#7142=DIRECTION('',(0.999695457207874,0.0174499024007968,-0.0174497491140137));
#7143=DIRECTION('',(-0.0174524064372892,0.,-0.999847695156391));
#7144=DIRECTION('center_axis',(-0.999695457207874,-0.0174499024007957,0.0174497491140133));
#7145=DIRECTION('ref_axis',(-0.0174472446961395,0.999847738861374,0.00030454278898976));
#7146=DIRECTION('',(0.0174472446961395,-0.999847738861374,-0.00030454278898976));
#7147=DIRECTION('',(-0.0174472446961395,0.999847738861374,0.00030454278898976));
#7148=DIRECTION('center_axis',(0.0174524064372892,0.,0.999847695156391));
#7149=DIRECTION('ref_axis',(0.999847695156391,0.,-0.0174524064372892));
#7150=DIRECTION('center_axis',(-0.0174524064372892,0.,-0.999847695156391));
#7151=DIRECTION('ref_axis',(-0.999847695156391,0.,0.0174524064372892));
#7152=DIRECTION('center_axis',(-0.0174524064372825,-2.4604066100519E-33,
-0.999847695156391));
#7153=DIRECTION('ref_axis',(-0.999847695156391,-1.40956600285948E-31,0.0174524064372825));
#7154=DIRECTION('',(-0.0174470914793624,-0.999847741535795,0.000304540114580805));
#7155=DIRECTION('',(-0.999695388032375,0.0174538661848227,0.0174497479065438));
#7156=DIRECTION('',(-1.53066118786183E-5,0.999999999882818,2.67177904172295E-7));
#7157=DIRECTION('',(0.999695406228997,0.0174528235983232,-0.017449748224167));
#7158=DIRECTION('',(0.00294698144225712,-0.999995656317732,-5.14397524168473E-5));
#7159=DIRECTION('center_axis',(-0.0174501654487545,0.999847687874731,0.000304593770916111));
#7160=DIRECTION('ref_axis',(0.999695406228997,0.0174528235983232,-0.0174497482241682));
#7161=DIRECTION('',(-0.0174524064372813,-5.42018521621616E-20,-0.999847695156391));
#7162=DIRECTION('',(0.999695406228997,0.0174528235983232,-0.0174497482241682));
#7163=DIRECTION('',(-0.0174524064372813,-5.42018521621616E-20,-0.999847695156391));
#7164=DIRECTION('center_axis',(-0.999847695039227,-1.53089435048647E-5,
0.0174524064352362));
#7165=DIRECTION('ref_axis',(-1.5306611878622E-5,0.999999999882818,2.67177903960662E-7));
#7166=DIRECTION('',(-0.0174524064372813,-5.42018521621616E-20,-0.999847695156391));
#7167=DIRECTION('',(-1.5306611878622E-5,0.999999999882818,2.67177903960662E-7));
#7168=DIRECTION('center_axis',(-0.017451207876463,-0.999847669675337,0.000304611966559447));
#7169=DIRECTION('ref_axis',(-0.999695388032375,0.0174538661848227,0.017449747906545));
#7170=DIRECTION('',(-0.0174524064372813,-5.42018521621616E-20,-0.999847695156391));
#7171=DIRECTION('',(-0.999695388032375,0.0174538661848227,0.017449747906545));
#7172=DIRECTION('center_axis',(0.999843352135687,0.00294743035017565,-0.017452330629573));
#7173=DIRECTION('ref_axis',(0.00294698144225713,-0.999995656317732,-5.14397524163019E-5));
#7174=DIRECTION('',(0.00294698144225713,-0.999995656317732,-5.14397524163019E-5));
#7175=DIRECTION('',(-0.0174524064372813,-5.42018521621616E-20,-0.999847695156391));
#7176=DIRECTION('center_axis',(0.999695459881888,-0.0174497491606793,-0.0174497491606805));
#7177=DIRECTION('ref_axis',(-0.0174470914793624,-0.999847741535795,0.000304540114580751));
#7178=DIRECTION('',(-0.0174470914793624,-0.999847741535795,0.000304540114580751));
#7179=DIRECTION('center_axis',(-0.999847695147877,-4.12680618566696E-6,
0.0174524064371327));
#7180=DIRECTION('ref_axis',(-4.12617765309625E-6,0.999999999991485,7.20226988400843E-8));
#7181=DIRECTION('',(4.12617765309625E-6,-0.999999999991485,-7.20226988400843E-8));
#7182=DIRECTION('',(-0.0174524064372813,-5.42018521621616E-20,-0.999847695156391));
#7183=DIRECTION('',(-4.12617765309625E-6,0.999999999991485,7.20226988400843E-8));
#7184=DIRECTION('',(-0.0174524064372813,-5.42018521621616E-20,-0.999847695156391));
#7185=DIRECTION('center_axis',(0.0174472446961411,-0.999847738861374,-0.000304542788989605));
#7186=DIRECTION('ref_axis',(-0.999695457207874,-0.0174499024007973,0.0174497491140035));
#7187=DIRECTION('',(0.999695457207874,0.0174499024007973,-0.0174497491140035));
#7188=DIRECTION('',(-0.999695457207874,-0.0174499024007973,0.0174497491140035));
#7189=DIRECTION('',(-0.0174524064372813,-5.42018521621616E-20,-0.999847695156391));
#7190=DIRECTION('center_axis',(0.999847695106391,1.00007928314805E-5,-0.0174524064364086));
#7191=DIRECTION('ref_axis',(9.99926966229479E-6,-0.999999999949992,-1.74537901052158E-7));
#7192=DIRECTION('',(-9.99926966229479E-6,0.999999999949992,1.74537901052158E-7));
#7193=DIRECTION('',(9.99926966229479E-6,-0.999999999949992,-1.74537901052158E-7));
#7194=DIRECTION('',(-0.0174524064372813,-5.42018521621616E-20,-0.999847695156391));
#7195=DIRECTION('center_axis',(0.0174470914793633,0.999847741535795,-0.0003045401145808));
#7196=DIRECTION('ref_axis',(0.999695459881888,-0.0174497491606802,-0.0174497491606786));
#7197=DIRECTION('',(-0.999695459881888,0.0174497491606802,0.0174497491606786));
#7198=DIRECTION('',(0.999695459881888,-0.0174497491606802,-0.0174497491606786));
#7199=DIRECTION('center_axis',(0.0174524064372835,-1.43410181167768E-16,
0.999847695156391));
#7200=DIRECTION('ref_axis',(2.50379872173721E-18,1.,1.43388322590887E-16));
#7201=DIRECTION('center_axis',(-0.0174524064372813,-5.42018521621616E-20,
-0.999847695156391));
#7202=DIRECTION('ref_axis',(-0.999847695156391,9.46096848579065E-22,0.0174524064372813));
#7203=DIRECTION('center_axis',(-6.52858632891751E-5,-0.999999997284085,
3.41992013361018E-5));
#7204=DIRECTION('ref_axis',(0.999998835549241,-6.53379300810338E-5,-0.00152467410183219));
#7205=DIRECTION('',(-0.00152467633219731,-3.40996218478353E-5,-0.999998837098973));
#7206=DIRECTION('',(0.999998835549241,-6.53379300810338E-5,-0.00152467410183219));
#7207=DIRECTION('',(0.00152467633219633,3.40996218478215E-5,0.999998837098973));
#7208=DIRECTION('',(-0.999998835549241,6.53379300810338E-5,0.00152467410183219));
#7209=DIRECTION('center_axis',(-0.999998758978458,0.000396793709909564,
0.00152466268255749));
#7210=DIRECTION('ref_axis',(0.000396741258056831,0.999999920695981,-3.47045615079359E-5));
#7211=DIRECTION('',(-0.000396741258056831,-0.999999920695981,3.47045615077414E-5));
#7212=DIRECTION('',(-0.00152467633219731,-3.40996218489456E-5,-0.999998837098973));
#7213=DIRECTION('',(0.000396741258056831,0.999999920695981,-3.47045615077414E-5));
#7214=DIRECTION('center_axis',(0.00152467633219633,3.40996218478215E-5,
0.999998837098973));
#7215=DIRECTION('ref_axis',(0.999998835549241,-6.53379300810338E-5,-0.00152467410183219));
#7216=DIRECTION('',(0.999998758978458,-0.00039679370990944,-0.0015246626825565));
#7217=DIRECTION('',(6.52858632891751E-5,0.999999997284085,-3.41992013361018E-5));
#7218=DIRECTION('',(-0.999846952181339,-0.0174283237737752,0.00152503905652914));
#7219=DIRECTION('',(-6.52858632891751E-5,-0.999999997284085,3.41992013361018E-5));
#7220=DIRECTION('center_axis',(0.0172319587666663,-0.996126656390219,-0.0862249617332877));
#7221=DIRECTION('ref_axis',(0.0508247846264515,0.0869989557638745,-0.994911062841132));
#7222=DIRECTION('',(0.999846952181339,0.0174283237737752,-0.00152503905652914));
#7223=DIRECTION('',(-0.00151336461600337,0.0862116826964205,-0.99627569251397));
#7224=DIRECTION('',(-0.00151336461600337,0.0862116826964205,-0.99627569251397));
#7225=DIRECTION('center_axis',(-0.999998835549241,6.53379300810338E-5,0.00152467410183219));
#7226=DIRECTION('ref_axis',(-6.52858632891751E-5,-0.999999997284085,3.41992013361018E-5));
#7227=DIRECTION('',(6.52858632891751E-5,0.999999997284085,-3.41992013361018E-5));
#7228=DIRECTION('center_axis',(0.999998835549241,-6.53379300810338E-5,-0.00152467410183219));
#7229=DIRECTION('ref_axis',(6.52858632891751E-5,0.999999997284085,-3.41992013361018E-5));
#7230=DIRECTION('',(-0.00152467633219631,-3.40996218489456E-5,-0.999998837098973));
#7231=DIRECTION('',(-6.52858632891751E-5,-0.999999997284085,3.41992013361018E-5));
#7232=DIRECTION('center_axis',(0.000396741258056706,0.999999920695981,-3.47045615088736E-5));
#7233=DIRECTION('ref_axis',(0.999998758978458,-0.00039679370990944,-0.00152466268255662));
#7234=DIRECTION('',(-0.999998758978458,0.00039679370990944,0.0015246626825565));
#7235=DIRECTION('center_axis',(0.00152467633219633,3.40996218478215E-5,
0.999998837098973));
#7236=DIRECTION('ref_axis',(0.999998835549241,-6.53379300810338E-5,-0.00152467410183219));
#7237=DIRECTION('center_axis',(0.0172314802793015,0.996125168835869,-0.0862422408051597));
#7238=DIRECTION('ref_axis',(-0.0508248304540183,0.0870161893874787,0.994909553373473));
#7239=DIRECTION('',(-0.999846960565102,0.0174278696019232,0.00152473271961009));
#7240=DIRECTION('',(0.00151331916137323,0.0862289651502497,0.996274196912794));
#7241=DIRECTION('',(0.999846960565102,-0.0174278696019232,-0.00152473271961009));
#7242=DIRECTION('',(0.00151331916137323,0.0862289651502497,0.996274196912794));
#7243=DIRECTION('center_axis',(0.00152467232062186,-1.67525666546881E-5,
0.999998837546157));
#7244=DIRECTION('ref_axis',(0.999998835523859,6.57921786396104E-5,-0.00152467121534938));
#7245=DIRECTION('',(-6.5766560003079E-5,0.99999999769537,1.6852858660431E-5));
#7246=DIRECTION('',(-0.999998835523859,-6.57921786387092E-5,0.00152467121534939));
#7247=DIRECTION('',(-6.5766560003264E-5,0.99999999769537,1.68528586604491E-5));
#7248=DIRECTION('',(-0.999998835523859,-6.57921786396104E-5,0.00152467121534938));
#7249=DIRECTION('',(6.5766560003079E-5,-0.99999999769537,-1.6852858660431E-5));
#7250=DIRECTION('center_axis',(-6.5766560003079E-5,0.99999999769537,1.6852858660431E-5));
#7251=DIRECTION('ref_axis',(-0.999998835523859,-6.57921786396104E-5,0.00152467121534938));
#7252=DIRECTION('',(-0.00152467232062234,1.67525666546881E-5,-0.999998837546157));
#7253=DIRECTION('',(0.999998835523859,6.57921786396104E-5,-0.00152467121534938));
#7254=DIRECTION('',(0.00152467232062186,-1.67525666546881E-5,0.999998837546157));
#7255=DIRECTION('center_axis',(-0.999998835523859,-6.57921786396104E-5,
0.00152467121534938));
#7256=DIRECTION('ref_axis',(6.5766560003079E-5,-0.99999999769537,-1.6852858660431E-5));
#7257=DIRECTION('',(-6.5766560003079E-5,0.99999999769537,1.6852858660431E-5));
#7258=DIRECTION('center_axis',(-0.999998835523859,-6.57921786397943E-5,
0.00152467121534987));
#7259=DIRECTION('ref_axis',(-6.57665600032631E-5,0.99999999769537,1.6852858660602E-5));
#7260=DIRECTION('',(6.5766560003264E-5,-0.99999999769537,-1.68528586604491E-5));
#7261=DIRECTION('',(-0.00152467232062235,1.67525666539387E-5,-0.999998837546157));
#7262=DIRECTION('center_axis',(6.57665600021792E-5,-0.999999997695371,-1.68528586596999E-5));
#7263=DIRECTION('ref_axis',(-0.999998835523859,-6.57921786387092E-5,0.00152467121534949));
#7264=DIRECTION('',(0.999998835523859,6.57921786387092E-5,-0.00152467121534939));
#7265=DIRECTION('',(0.00152467232062185,-1.67525666539526E-5,0.999998837546157));
#7266=DIRECTION('center_axis',(0.00152467232062186,-1.67525666546881E-5,
0.999998837546157));
#7267=DIRECTION('ref_axis',(0.999998835523859,6.57921786396104E-5,-0.00152467121534938));
#7268=DIRECTION('',(6.5766560003079E-5,-0.99999999769537,-1.6852858660431E-5));
#7269=DIRECTION('center_axis',(0.999998835523859,6.57921786396104E-5,-0.00152467121534938));
#7270=DIRECTION('ref_axis',(-6.5766560003079E-5,0.99999999769537,1.6852858660431E-5));
#7271=DIRECTION('center_axis',(-0.999657324975557,0.,-0.0261769483078727));
#7272=DIRECTION('ref_axis',(0.,-1.,0.));
#7273=DIRECTION('',(0.,1.,0.));
#7274=DIRECTION('',(-0.0261679842649789,-0.026167984264983,0.99931500198837));
#7275=DIRECTION('',(0.,-1.,0.));
#7276=DIRECTION('',(-0.0261679842649789,0.026167984264983,0.99931500198837));
#7277=DIRECTION('center_axis',(-5.81245014516548E-18,0.999657324975557,
-0.0261769483078768));
#7278=DIRECTION('ref_axis',(-1.,0.,2.22044604925031E-16));
#7279=DIRECTION('',(0.999847590744455,-0.000457007298435985,-0.017452404614764));
#7280=DIRECTION('',(-1.,0.,2.22044604925031E-16));
#7281=DIRECTION('',(-0.0261679842649796,-0.0261679842649795,-0.99931500198837));
#7282=DIRECTION('center_axis',(-5.81245014516466E-18,0.999657324975557,
-0.0261769483078732));
#7283=DIRECTION('ref_axis',(1.,0.,-2.22044604925031E-16));
#7284=DIRECTION('',(-0.999847590744455,0.000457007298435921,0.017452404614764));
#7285=DIRECTION('',(-0.017446427754126,-0.0261729641631688,-0.999505176627682));
#7286=DIRECTION('',(-1.,0.,2.22044604925031E-16));
#7287=DIRECTION('',(0.0261679842649791,-0.0261679842649793,-0.99931500198837));
#7288=DIRECTION('center_axis',(-0.999657324975557,0.,-0.0261769483078729));
#7289=DIRECTION('ref_axis',(0.,1.,0.));
#7290=DIRECTION('',(0.,-1.,0.));
#7291=DIRECTION('',(0.,-1.,0.));
#7292=DIRECTION('',(0.0261769483078729,0.,-0.999657324975557));
#7293=DIRECTION('center_axis',(-5.81245014516548E-18,-0.999657324975557,
-0.0261769483078768));
#7294=DIRECTION('ref_axis',(1.,0.,-2.22044604925031E-16));
#7295=DIRECTION('',(-0.999847590744455,-0.000457007298435985,0.017452404614764));
#7296=DIRECTION('',(0.0261679842649799,-0.026167984264983,0.99931500198837));
#7297=DIRECTION('',(1.,0.,-2.22044604925031E-16));
#7298=DIRECTION('center_axis',(0.999847695156391,0.,-0.0174524064372838));
#7299=DIRECTION('ref_axis',(0.,-1.,0.));
#7300=DIRECTION('',(0.0174524064372838,0.,0.999847695156391));
#7301=DIRECTION('',(0.,-1.,0.));
#7302=DIRECTION('',(0.,1.,0.));
#7303=DIRECTION('center_axis',(-2.22044604925031E-16,0.,-1.));
#7304=DIRECTION('ref_axis',(-1.,0.,2.22044604925031E-16));
#7305=DIRECTION('',(1.,0.,-2.22044604925031E-16));
#7306=DIRECTION('center_axis',(2.22044604925031E-16,0.,1.));
#7307=DIRECTION('ref_axis',(0.,-1.,0.));
#7308=DIRECTION('',(0.,1.,0.));
#7309=DIRECTION('center_axis',(0.999657324975557,0.,-0.0261769483078737));
#7310=DIRECTION('ref_axis',(0.,1.,0.));
#7311=DIRECTION('',(0.,-1.,0.));
#7312=DIRECTION('center_axis',(0.0174524064372811,0.,0.999847695156391));
#7313=DIRECTION('ref_axis',(0.,-1.,0.));
#7314=DIRECTION('',(0.999847695156391,0.,-0.0174524064372811));
#7315=DIRECTION('center_axis',(0.,-1.,0.));
#7316=DIRECTION('ref_axis',(-0.0174524064372795,0.,-0.999847695156391));
#7317=DIRECTION('center_axis',(0.00331141393012394,-0.641184701307005,0.767379445481589));
#7318=DIRECTION('ref_axis',(-0.999314767377287,0.0261679781214719,0.0261769483078732));
#7319=DIRECTION('',(-0.0167528641757929,0.767240387217583,0.641140803384187));
#7320=DIRECTION('',(0.999314767377287,-0.0261679781214719,-0.0261769483078732));
#7321=DIRECTION('',(0.999894564249968,-0.00872662453208609,-0.0116063089585975));
#7322=DIRECTION('',(0.999990667864584,-6.0066867376288E-6,-0.00432020227114876));
#7323=DIRECTION('',(0.0502505845630541,0.76652085604447,0.640250463490597));
#7324=DIRECTION('',(-0.999986664111478,-0.00516445536322024,-3.66086069224289E-15));
#7325=DIRECTION('',(-0.999314767377287,0.0261679781214719,0.0261769483078732));
#7326=DIRECTION('',(-0.999947837203007,0.00529148678453975,0.0087363058919556));
#7327=DIRECTION('',(-0.998218484150094,0.0435958070396912,0.0407340583498259));
#7328=DIRECTION('',(-0.985076722165786,0.129963569112942,0.11284202298141));
#7329=DIRECTION('center_axis',(-8.96711254239848E-6,-0.999999765187894,
-0.000685232622712771));
#7330=DIRECTION('ref_axis',(-0.0261679781214719,0.000685232622712771,-0.999657324975557));
#7331=DIRECTION('',(0.0261679781214719,-0.000685232622712771,0.999657324975557));
#7332=DIRECTION('',(0.0261679781214719,-0.000685232622712771,0.999657324975557));
#7333=DIRECTION('',(0.999999999959795,-8.96711464762073E-6,-1.48476048080529E-17));
#7334=DIRECTION('center_axis',(-0.00873251395280714,-0.999961766512833,
-0.000456850741156471));
#7335=DIRECTION('ref_axis',(-0.0261679781214719,0.000685232622712771,-0.999657324975557));
#7336=DIRECTION('',(-0.0261679781214719,0.000685232622712771,-0.999657324975557));
#7337=DIRECTION('',(0.999923841776025,-0.00872819649224457,-0.00872520680948112));
#7338=DIRECTION('center_axis',(-0.0261769483078732,-0.999657324975557,2.92822327767553E-16));
#7339=DIRECTION('ref_axis',(-0.0261679781214719,0.000685232622712771,-0.999657324975557));
#7340=DIRECTION('',(0.999314767377287,-0.0261679781214719,-0.0261769483078732));
#7341=DIRECTION('center_axis',(0.0804233648928145,0.993064508019348,0.0857610942771186));
#7342=DIRECTION('ref_axis',(0.996575245598141,-0.0784501378347724,-0.0261410737099859));
#7343=DIRECTION('',(-0.996575245598141,0.0784501378347725,0.0261410737099859));
#7344=DIRECTION('',(-0.0192318028360038,0.0875697367016529,-0.995972730035155));
#7345=DIRECTION('',(-0.996759178500501,0.079970047430633,0.00871387336089241));
#7346=DIRECTION('center_axis',(-0.00872354513260874,0.000228434068647462,
-0.999961923064171));
#7347=DIRECTION('ref_axis',(0.0261769483078731,0.999657324975557,-2.92822327767553E-16));
#7348=DIRECTION('',(0.999010279412496,-0.0436157356271697,-0.00872520680948111));
#7349=DIRECTION('',(-0.0261769483078731,-0.999657324975557,2.92822327767553E-16));
#7350=DIRECTION('',(0.0261769483078731,0.999657324975557,-2.92822327767553E-16));
#7351=DIRECTION('',(0.0784650400755718,0.996916761237915,-0.000456780959378054));
#7352=DIRECTION('',(0.0261769483078731,0.999657324975557,-2.92822327767553E-16));
#7353=DIRECTION('center_axis',(0.999314767377287,-0.0261679781214719,-0.0261769483078732));
#7354=DIRECTION('ref_axis',(-0.0261769483078731,-0.999657324975557,2.92822327767553E-16));
#7355=DIRECTION('',(-0.00332404862423204,-0.767818596200357,0.64065868762521));
#7356=DIRECTION('',(-0.0261679781214749,0.000685232622599106,-0.999657324975557));
#7357=DIRECTION('',(-0.0261769501925584,-0.999657324926203,-7.19979013096277E-8));
#7358=DIRECTION('',(0.026167978121475,-0.000685232622595923,0.999657324975557));
#7359=DIRECTION('',(0.0261679800073808,-0.000685160602757973,0.999657324975555));
#7360=DIRECTION('center_axis',(0.0436134089108978,0.999048378133197,-0.000456850741275122));
#7361=DIRECTION('ref_axis',(0.998097023423029,-0.0435918211307659,-0.0436128990620116));
#7362=DIRECTION('',(-0.026167978121475,0.000685232622595923,-0.999657324975557));
#7363=DIRECTION('',(0.999010279412496,-0.0436157356271697,-0.00872520680948321));
#7364=DIRECTION('',(-0.0261720995861831,0.000685412594335266,-0.999657216956306));
#7365=DIRECTION('',(-0.999010279412496,0.0436157356271697,0.00872520680948321));
#7366=DIRECTION('',(-0.999010279412496,0.0436157356271697,0.00872520680948321));
#7367=DIRECTION('',(-0.999010279412496,0.0436157356271697,0.00872520680948321));
#7368=DIRECTION('center_axis',(0.00873682959304342,7.5862574275708E-5,0.999961830298303));
#7369=DIRECTION('ref_axis',(-0.0261689766813656,-0.999657487317581,0.000304482102262331));
#7370=DIRECTION('',(-0.0436134089108981,-0.999048378133197,0.000456850741273908));
#7371=DIRECTION('',(0.999010279412496,-0.0436157356271697,-0.00872520680948321));
#7372=DIRECTION('center_axis',(-0.0436134089109018,-0.999048378133197,0.000456850741273941));
#7373=DIRECTION('ref_axis',(0.999010279412496,-0.0436157356271697,-0.00872520680948321));
#7374=DIRECTION('',(0.999010279412496,-0.0436157356271697,-0.00872520680948321));
#7375=DIRECTION('',(-0.998705608158091,0.0436104157169424,0.0261770868236654));
#7376=DIRECTION('',(-0.998705608158091,0.0436104157169424,0.0261770868236654));
#7377=DIRECTION('',(-0.999010279412496,0.0436157356271697,0.00872520680948321));
#7378=DIRECTION('',(0.026167978121475,-0.000685232622595923,0.999657324975557));
#7379=DIRECTION('center_axis',(0.998705608158091,-0.0436104157169424,-0.0261770868236661));
#7380=DIRECTION('ref_axis',(-0.0436134089109012,-0.999048378133197,0.000456850741157014));
#7381=DIRECTION('',(0.0167099738901022,0.767399175052164,-0.640951856929871));
#7382=DIRECTION('',(-0.0261721027278123,0.000685340629330913,-0.999657216923394));
#7383=DIRECTION('',(0.0261721027278118,-0.000685340629330891,0.999657216923394));
#7384=DIRECTION('center_axis',(-0.0436134070256287,-0.999048378182567,0.00045692275013504));
#7385=DIRECTION('ref_axis',(-0.0261721027278123,0.000685340629330913,-0.999657216923394));
#7386=DIRECTION('',(0.998980959775839,-0.0436157721168963,-0.0116063098351897));
#7387=DIRECTION('center_axis',(0.00873682959304342,7.5862574275708E-5,0.999961830298303));
#7388=DIRECTION('ref_axis',(-0.0261689766813656,-0.999657487317581,0.000304482102262331));
#7389=DIRECTION('',(0.0261689766813656,0.999657487317581,-0.000304482102262331));
#7390=DIRECTION('',(-0.0436134089108981,-0.999048378133197,0.000456850741273908));
#7391=DIRECTION('',(0.999010279412496,-0.0436157356271701,-0.00872520680948321));
#7392=DIRECTION('center_axis',(0.0436134089109023,0.999048378133197,-0.00045685074127521));
#7393=DIRECTION('ref_axis',(0.998705716156769,-0.0436104185451402,-0.026172961431855));
#7394=DIRECTION('',(-0.998705608158091,0.0436104157169424,0.0261770868236654));
#7395=DIRECTION('',(0.0261720995861831,-0.00068541259433401,0.999657216956306));
#7396=DIRECTION('center_axis',(0.0261769483078701,0.999657324975557,-1.17140238539148E-13));
#7397=DIRECTION('ref_axis',(0.026167978121475,-0.000685232622595923,0.999657324975557));
#7398=DIRECTION('',(-0.999619214708348,0.026175950355403,0.00873185025398009));
#7399=DIRECTION('center_axis',(-0.0261769483078701,-0.999657324975557,1.17140672137445E-13));
#7400=DIRECTION('ref_axis',(-0.026167978121475,0.000685232622595923,-0.999657324975557));
#7401=DIRECTION('',(0.999314767377287,-0.0261679781214719,-0.0261769483078732));
#7402=DIRECTION('',(-0.00872885968473851,0.000228573234975797,-0.999961876654745));
#7403=DIRECTION('center_axis',(-0.999619353788287,0.0261706380275761,0.00873185187216591));
#7404=DIRECTION('ref_axis',(0.0261689766813681,0.999657487317581,-0.000304482102262353));
#7405=DIRECTION('',(-0.0261689766813681,-0.999657487317581,0.000304482102262398));
#7406=DIRECTION('',(-0.00873682959304288,-7.5862574275864E-5,-0.999961830298303));
#7407=DIRECTION('center_axis',(-0.0260166599426551,-0.999661463448773,0.000303151587726397));
#7408=DIRECTION('ref_axis',(-0.999623329666775,0.0260183154782688,0.00873189816608702));
#7409=DIRECTION('',(0.999318742655899,-0.0260156787575766,-0.0261769943923045));
#7410=DIRECTION('center_axis',(0.0261759500520811,-0.000380750488665216,
0.999657278604991));
#7411=DIRECTION('ref_axis',(-0.0261689766813656,-0.999657487317581,0.000304482102262331));
#7412=DIRECTION('',(-0.0261769483078731,-0.999657324975557,2.92822327767553E-16));
#7413=DIRECTION('center_axis',(-0.0261720995861824,0.00068541259433517,
-0.999657216956306));
#7414=DIRECTION('ref_axis',(-0.0436134089108981,-0.999048378133197,0.000456850741273908));
#7415=DIRECTION('',(-0.99870560815809,0.0436104157169442,0.0261770868236821));
#7416=DIRECTION('',(0.998706390848969,0.0436283385182462,-0.0261172922709033));
#7417=DIRECTION('',(0.0435954823425087,-0.999047595606793,-0.00182637115880969));
#7418=DIRECTION('',(-0.0436134089108981,-0.999048378133197,0.000456850741273908));
#7419=DIRECTION('center_axis',(-0.996575245598141,0.0784501378347725,0.0261410737099859));
#7420=DIRECTION('ref_axis',(0.0192318028360038,-0.0875697367016529,0.995972730035155));
#7421=DIRECTION('',(0.0784411676483711,0.996917803196411,-0.00136999562121494));
#7422=DIRECTION('center_axis',(0.0261769483078732,0.999657324975557,-2.92822327767553E-16));
#7423=DIRECTION('ref_axis',(0.0261679781214719,-0.000685232622712771,0.999657324975557));
#7424=DIRECTION('',(-0.999314767377287,0.0261679781214719,0.0261769483078732));
#7425=DIRECTION('',(0.0261679781214719,-0.000685232622712771,0.999657324975557));
#7426=DIRECTION('',(0.999314767377287,-0.0261679781214719,-0.0261769483078732));
#7427=DIRECTION('center_axis',(-0.0261679781214719,0.000685232622712771,
-0.999657324975557));
#7428=DIRECTION('ref_axis',(0.0261769483078731,0.999657324975557,-2.92822327767553E-16));
#7429=DIRECTION('center_axis',(-0.112787533272173,-0.00310527593688025,
-0.993614276064779));
#7430=DIRECTION('ref_axis',(-0.992662282076689,-0.0435230855253055,0.11281548993226));
#7431=DIRECTION('',(0.990561373605231,0.078040257670122,-0.112684884985067));
#7432=DIRECTION('',(-0.043595484220621,0.999047595655975,0.00182629942396488));
#7433=DIRECTION('',(-0.992662282076689,-0.0435230855253055,0.11281548993226));
#7434=DIRECTION('',(-0.992662282076689,-0.0435230855253055,0.11281548993226));
#7435=DIRECTION('center_axis',(-0.0435954823425251,0.999047595606792,0.00182637115881155));
#7436=DIRECTION('ref_axis',(0.998706498436712,0.0436283357000761,-0.0261131825774454));
#7437=DIRECTION('',(0.995495820972969,0.0435943982946971,-0.0841878783595286));
#7438=DIRECTION('',(0.0261720995861616,-0.000685412594337513,0.999657216956306));
#7439=DIRECTION('center_axis',(0.0436134089108988,0.999048378133197,-0.000456850741270678));
#7440=DIRECTION('ref_axis',(0.998705716156769,-0.0436104185451366,-0.026172961431855));
#7441=DIRECTION('',(0.998980959740233,-0.0436157731656861,-0.0116063089585997));
#7442=DIRECTION('center_axis',(-2.05680974887518E-17,-2.92076121681003E-16,
-1.));
#7443=DIRECTION('ref_axis',(0.0261769483078731,0.999657324975557,-2.92822327767553E-16));
#7444=DIRECTION('',(-0.0436253633134329,-0.999047960648422,2.92873844875092E-16));
#7445=DIRECTION('',(0.999048482390205,-0.0436134134622375,-2.24826917632237E-18));
#7446=DIRECTION('center_axis',(0.0436134089109028,0.999048378133197,-0.000456850741157056));
#7447=DIRECTION('ref_axis',(0.0261679781214719,-0.000685232622712771,0.999657324975557));
#7448=DIRECTION('',(-0.0261679781214719,0.000685232622712771,-0.999657324975557));
#7449=DIRECTION('',(-0.998980959740233,0.0436157731656888,0.0116063089585975));
#7450=DIRECTION('center_axis',(0.0436134070256287,0.999048378182567,-0.00045692275013504));
#7451=DIRECTION('ref_axis',(0.0261721027278118,-0.000685340629330891,0.999657216923394));
#7452=DIRECTION('',(-0.998980959775839,0.0436157721168963,0.0116063098351897));
#7453=DIRECTION('',(-0.0261721027278118,0.000685340629330891,-0.999657216923394));
#7454=DIRECTION('center_axis',(0.998705608158091,-0.0436104157169424,-0.0261770868236661));
#7455=DIRECTION('ref_axis',(-0.0436134089109012,-0.999048378133197,0.000456850741157014));
#7456=DIRECTION('',(0.0167099738901022,0.767399175052164,-0.640951856929871));
#7457=DIRECTION('',(-0.0436134089108981,-0.999048378133197,0.000456850741273908));
#7458=DIRECTION('center_axis',(0.00873682959304342,7.5862574275708E-5,0.999961830298303));
#7459=DIRECTION('ref_axis',(-0.0261689766813656,-0.999657487317581,0.000304482102262331));
#7460=DIRECTION('',(0.998853772527756,-0.0470642146230599,-0.00872357776282692));
#7461=DIRECTION('',(-0.998591715727421,0.0523309791922159,0.00872088856425446));
#7462=DIRECTION('',(0.0436134089108977,0.999048378133197,-0.000456850741273905));
#7463=DIRECTION('center_axis',(-0.0261779659690342,0.000685668761318422,
-0.999657063175204));
#7464=DIRECTION('ref_axis',(-0.0436134089108977,-0.999048378133197,0.000456850741273905));
#7465=DIRECTION('',(-0.999314819118933,0.0261559982720258,0.0261869441456597));
#7466=DIRECTION('',(-0.998705454406301,0.0436104116900806,0.0261829587962545));
#7467=DIRECTION('',(-0.0436134089108977,-0.999048378133197,0.000456850741273905));
#7468=DIRECTION('center_axis',(-0.998705454406301,0.0436104116900806,0.0261829587962545));
#7469=DIRECTION('ref_axis',(0.0436134089108961,0.999048378133197,-0.00045685074115688));
#7470=DIRECTION('',(-0.0167062125660642,-0.767399312262692,0.640951790699149));
#7471=DIRECTION('',(0.0261779621627444,-0.000685755953983174,0.999657063215069));
#7472=DIRECTION('center_axis',(-0.0436134111955935,-0.999048378073351,0.000456763495490046));
#7473=DIRECTION('ref_axis',(0.0261779621627444,-0.000685755953983174,0.999657063215069));
#7474=DIRECTION('',(0.998980959697075,-0.0436157744369035,-0.0116063078961022));
#7475=DIRECTION('',(0.0261779621627444,-0.000685755953983174,0.999657063215069));
#7476=DIRECTION('center_axis',(0.0523269891304018,0.99862976956668,-0.000685232622713366));
#7477=DIRECTION('ref_axis',(-0.0261679781214719,0.000685232622712771,-0.999657324975557));
#7478=DIRECTION('',(0.0261679781214719,-0.000685232622712771,0.999657324975557));
#7479=DIRECTION('',(0.998620529774219,-0.0523294693819312,-0.00432020227114844));
#7480=DIRECTION('',(0.998630004016944,-0.0523270014153111,2.09131420414653E-16));
#7481=DIRECTION('center_axis',(3.6605124641337E-15,-3.88671482491081E-16,
-1.));
#7482=DIRECTION('ref_axis',(-0.0261769483078731,-0.999657324975557,2.92822327767553E-16));
#7483=DIRECTION('',(0.0436253633134329,0.999047960648422,-2.28418025720828E-16));
#7484=DIRECTION('center_axis',(-0.998705716156769,0.043610418545135,0.026172961431855));
#7485=DIRECTION('ref_axis',(0.0261679781214719,-0.000685232622712771,0.999657324975557));
#7486=DIRECTION('',(0.016712616431588,0.76739907864755,-0.640951903455245));
#7487=DIRECTION('center_axis',(-0.130490375788043,-0.9914457992601,0.00273659573136485));
#7488=DIRECTION('ref_axis',(0.0261720995861831,-0.00068541259433401,0.999657216956306));
#7489=DIRECTION('',(-0.0261679621993703,0.000684867747010759,-0.999657325642393));
#7490=DIRECTION('',(-0.985088674591602,0.129964850032536,0.112736156344722));
#7491=DIRECTION('center_axis',(-0.113115435910957,0.0044837025658264,-0.993571735995935));
#7492=DIRECTION('ref_axis',(-0.0436134089108981,-0.999048378133197,0.000456850741273908));
#7493=DIRECTION('',(-0.0433946861436214,0.999013325580129,0.00944862571109985));
#7494=DIRECTION('',(-0.99266228234298,-0.0435230793004648,0.112815489990651));
#7495=DIRECTION('center_axis',(-0.112787530202566,-0.00310534735929441,
-0.993614276190003));
#7496=DIRECTION('ref_axis',(-0.99266228234298,-0.0435230793004648,0.112815489990651));
#7497=DIRECTION('',(-0.0435954842206222,0.999047595655975,0.00182629942396501));
#7498=DIRECTION('',(0.99056137308535,0.0780402606798272,-0.112684887470729));
#7499=DIRECTION('center_axis',(0.0368638902236679,0.640132673943416,0.767379445481588));
#7500=DIRECTION('ref_axis',(0.999314767377287,-0.0261679781214719,-0.0261769483078732));
#7501=DIRECTION('',(-0.0502456243496496,0.768117426008631,-0.638334549508006));
#7502=DIRECTION('center_axis',(-0.998706498436699,-0.0436283357003727,0.0261131825774448));
#7503=DIRECTION('ref_axis',(-0.0435954917547852,0.999047595853305,0.00182601160732765));
#7504=DIRECTION('center_axis',(0.997564050251343,-4.11110239722594E-6,-0.0697564737442741));
#7505=DIRECTION('ref_axis',(4.12617759966532E-6,0.999999999991485,7.20225796674614E-8));
#7506=DIRECTION('',(0.0697564122911659,-0.00126989410772979,0.997563246272245));
#7507=DIRECTION('',(0.069756473743384,-3.59674743444269E-7,0.997564050259811));
#7508=DIRECTION('center_axis',(-0.0579971058739095,0.998308512075678,0.0040559126588311));
#7509=DIRECTION('ref_axis',(-0.995876684173868,-0.0581387540038155,0.0696384606503205));
#7510=DIRECTION('',(-0.0174522025424144,-0.00507600591913776,0.999834813751915));
#7511=DIRECTION('',(0.069756473743384,-3.59674743444269E-7,0.997564050259811));
#7512=DIRECTION('',(0.998169281127259,0.0579182308548817,0.017423109611421));
#7513=DIRECTION('center_axis',(-0.0866109780498552,0.996223797041154,0.00605678876578253));
#7514=DIRECTION('ref_axis',(-0.993797048120056,-0.0868224982868867,0.0694930279890561));
#7515=DIRECTION('',(0.990791933329715,0.0867706260394417,-0.103933648572));
#7516=DIRECTION('',(0.0697564737436811,-2.87915298835581E-7,0.997564050259814));
#7517=DIRECTION('center_axis',(-0.0579971058739095,0.998308512075678,0.0040559126588311));
#7518=DIRECTION('ref_axis',(-0.995876684173868,-0.0581387540038155,0.0696384606503205));
#7519=DIRECTION('',(-0.0523408605785029,0.00101645191449923,-0.998628760420712));
#7520=DIRECTION('center_axis',(0.0174524064372825,-1.13564391693665E-13,
-0.999847695156391));
#7521=DIRECTION('ref_axis',(0.999847695156391,-2.13730336808367E-18,0.0174524064372825));
#7522=DIRECTION('',(-0.999847695147877,4.12680618671402E-6,-0.0174524064371333));
#7523=DIRECTION('',(0.,1.,-1.13581690735309E-13));
#7524=DIRECTION('',(-0.999741579744755,0.0145688670824966,-0.0174505541858842));
#7525=DIRECTION('center_axis',(0.014566648173476,0.999893868424011,0.000254261789540941));
#7526=DIRECTION('ref_axis',(-0.999741579744755,0.0145688670824966,-0.0174505541858842));
#7527=DIRECTION('',(0.999741579744755,-0.0145688670824966,0.0174505541858842));
#7528=DIRECTION('',(-0.0174524064372825,1.13564391693665E-13,0.999847695156391));
#7529=DIRECTION('',(-0.0174524064372825,1.13564391693665E-13,0.999847695156391));
#7530=DIRECTION('center_axis',(-0.0866191992396495,-0.996223083135108,0.00605664526461046));
#7531=DIRECTION('ref_axis',(0.993796331596153,-0.0868306894401401,-0.0694930404960062));
#7532=DIRECTION('',(0.990790199291265,-0.0867787580673141,-0.103943389095557));
#7533=DIRECTION('',(0.069756473743384,-3.59674743444269E-7,0.997564050259811));
#7534=DIRECTION('',(0.993796331596153,-0.08683068944014,-0.0694930404960062));
#7535=DIRECTION('',(0.0697564737436811,-2.87915298835581E-7,0.997564050259814));
#7536=DIRECTION('center_axis',(-0.0579971905968362,-0.998308510054083,0.00405519869691317));
#7537=DIRECTION('ref_axis',(0.995876679239836,-0.0581387887168956,-0.0696385022295091));
#7538=DIRECTION('',(-0.998169275502768,0.0579183278174331,-0.0174231095132583));
#7539=DIRECTION('',(0.995876679239836,-0.0581387887168956,-0.0696385022295091));
#7540=DIRECTION('',(0.995876679239836,-0.0581387887168956,-0.0696385022295091));
#7541=DIRECTION('',(0.0174521607197879,-0.00507528994506156,-0.999834818116565));
#7542=DIRECTION('center_axis',(-0.0579971905968362,-0.998308510054083,0.00405519869691317));
#7543=DIRECTION('ref_axis',(0.995876679239836,-0.0581387887168956,-0.0696385022295091));
#7544=DIRECTION('',(0.0523309978432937,0.00101630836395754,0.998629277450864));
#7545=DIRECTION('',(0.069756473743384,-3.59674743444269E-7,0.997564050259811));
#7546=DIRECTION('',(0.995876679239836,-0.0581387887168956,-0.0696385022295091));
#7547=DIRECTION('center_axis',(0.069756473743384,-3.59674743444269E-7,0.997564050259811));
#7548=DIRECTION('ref_axis',(-0.997564050259876,-8.54270422896472E-18,0.0697564737433885));
#7549=DIRECTION('',(-4.12617763545061E-6,-0.999999999991485,-7.20225849504549E-8));
#7550=DIRECTION('',(0.997564050687591,-4.11738059118512E-6,-0.0697564675052609));
#7551=DIRECTION('center_axis',(0.997564050251343,-4.11110243255554E-6,-0.0697564737442741));
#7552=DIRECTION('ref_axis',(4.12617763545061E-6,0.999999999991485,7.20225849504549E-8));
#7553=DIRECTION('',(-0.069756422707048,-0.00126989425951115,-0.997563245543702));
#7554=DIRECTION('',(4.12617763545061E-6,0.999999999991485,7.20225849504549E-8));
#7555=DIRECTION('center_axis',(0.069756473743384,-3.59674743444269E-7,0.997564050259811));
#7556=DIRECTION('ref_axis',(-0.997564050259876,-8.54270422896472E-18,0.0697564737433885));
#7557=DIRECTION('',(0.997458981676782,0.0145134398513553,-0.0697491213994727));
#7558=DIRECTION('center_axis',(-0.999847695147877,4.12680616603636E-6,-0.0174524064371339));
#7559=DIRECTION('ref_axis',(-4.12617763545061E-6,-0.999999999991485,-7.20225849504549E-8));
#7560=DIRECTION('',(-0.0174524064372825,1.13564391693665E-13,0.999847695156391));
#7561=DIRECTION('',(-4.12617763545061E-6,-0.999999999991485,-7.20225849504549E-8));
#7562=DIRECTION('center_axis',(0.0145666481734692,-0.999893868424011,0.000254261789767963));
#7563=DIRECTION('ref_axis',(0.999741579744755,0.0145688670824938,0.0174505541858809));
#7564=DIRECTION('',(0.999741579744755,0.0145688670824938,0.0174505541858809));
#7565=DIRECTION('',(-0.0174524064372825,1.13564391693665E-13,0.999847695156391));
#7566=DIRECTION('',(0.999741579744755,0.0145688670824938,0.0174505541858809));
#7567=DIRECTION('center_axis',(-0.0866109829895955,0.996223797045287,0.00605671744819467));
#7568=DIRECTION('ref_axis',(-0.993797047689529,-0.0868224982397326,0.0694930342047927));
#7569=DIRECTION('',(0.990791933862739,0.0867706235396318,-0.103933645577733));
#7570=DIRECTION('',(0.0697564737436811,-2.87915298835581E-7,0.997564050259814));
#7571=DIRECTION('',(-0.993797047689529,-0.0868224982397326,0.0694930342047927));
#7572=DIRECTION('center_axis',(-0.0866191942998881,-0.996223083131023,0.00605671658219705));
#7573=DIRECTION('ref_axis',(0.993796332026681,-0.0868306894872771,-0.0694930342802693));
#7574=DIRECTION('',(0.990790198758049,-0.0867787605677906,-0.103943392090622));
#7575=DIRECTION('',(0.993796332026681,-0.0868306894872771,-0.0694930342802693));
#7576=DIRECTION('',(0.0697564737436811,-2.87915298835581E-7,0.997564050259814));
#7577=DIRECTION('center_axis',(-0.069756473743681,2.87915298478757E-7,-0.997564050259814));
#7578=DIRECTION('ref_axis',(-4.12743481575743E-6,-0.999999999991482,-1.22464725043493E-16));
#7579=DIRECTION('',(-4.12743467055534E-6,-0.999999999991482,-1.02759837430995E-14));
#7580=DIRECTION('',(-2.00839559502158E-8,-0.999999999999959,-2.8721395128284E-7));
#7581=DIRECTION('center_axis',(-0.0174524064369841,7.20336571388263E-8,
0.999847695156394));
#7582=DIRECTION('ref_axis',(-0.999847695156397,2.13730336804713E-18,-0.0174524064369841));
#7583=DIRECTION('',(0.999847695147877,-4.12680620343266E-6,0.017452406437135));
#7584=DIRECTION('',(-3.70430437431045E-25,0.999999999999997,-7.20446298849134E-8));
#7585=DIRECTION('center_axis',(0.999847695156391,1.98227383054635E-15,0.0174524064372825));
#7586=DIRECTION('ref_axis',(0.,1.,-1.13581690735309E-13));
#7587=DIRECTION('',(0.,-1.,1.13581690735309E-13));
#7588=DIRECTION('',(-0.0174524064369841,7.20336571388263E-8,0.999847695156394));
#7589=DIRECTION('',(0.,1.,-1.13581690735309E-13));
#7590=DIRECTION('center_axis',(-0.0174524064372825,1.13564391693665E-13,
0.999847695156391));
#7591=DIRECTION('ref_axis',(-0.999847695156391,2.13730336808367E-18,-0.0174524064372825));
#7592=DIRECTION('center_axis',(0.999847695156391,1.98227383054635E-15,0.0174524064372825));
#7593=DIRECTION('ref_axis',(0.,1.,-1.13581690735309E-13));
#7594=DIRECTION('',(0.,-1.,1.13581690735309E-13));
#7595=DIRECTION('',(-0.0174524064369841,7.20336571388263E-8,0.999847695156394));
#7596=DIRECTION('center_axis',(-0.999847695147877,4.12680616266171E-6,-0.0174524064371339));
#7597=DIRECTION('ref_axis',(-4.12617763197965E-6,-0.999999999991485,-7.20225904389035E-8));
#7598=DIRECTION('center_axis',(0.999847695156397,1.2573521623536E-9,0.017452406436984));
#7599=DIRECTION('ref_axis',(0.,0.999999999999997,-7.20446298849134E-8));
#7600=DIRECTION('',(0.,-0.999999999999997,7.20446298849134E-8));
#7601=DIRECTION('center_axis',(0.,1.22464679914735E-16,-1.));
#7602=DIRECTION('ref_axis',(0.,1.,1.22464679914735E-16));
#7603=DIRECTION('',(-1.,0.,0.));
#7604=DIRECTION('',(0.,1.,1.22464679914735E-16));
#7605=DIRECTION('',(-1.,0.,0.));
#7606=DIRECTION('center_axis',(0.0261769483078735,1.22422714327552E-16,
-0.999657324975557));
#7607=DIRECTION('ref_axis',(0.,-1.,-1.22464679914735E-16));
#7608=DIRECTION('',(0.,1.,1.22464679914735E-16));
#7609=DIRECTION('',(0.999418688530933,-0.0218490161886047,0.026170699392651));
#7610=DIRECTION('',(9.99774649371131E-6,0.999999999949988,2.61800205675406E-7));
#7611=DIRECTION('',(0.999418688530933,0.0218490161886047,0.026170699392651));
#7612=DIRECTION('center_axis',(-0.0174524064381494,-8.72755969665508E-8,
0.999847695156372));
#7613=DIRECTION('ref_axis',(9.99774649371131E-6,0.999999999949988,2.61800205675406E-7));
#7614=DIRECTION('',(0.999741579782379,-0.0145688660220687,0.0174505529157062));
#7615=DIRECTION('',(9.99774649371131E-6,0.999999999949988,2.61800205675406E-7));
#7616=DIRECTION('',(0.999741579707079,0.0145688681443689,0.0174505554577924));
#7617=DIRECTION('center_axis',(-0.999847695106391,1.00007927302483E-5,-0.017452406436404));
#7618=DIRECTION('ref_axis',(0.0174524064372768,1.22446027950813E-16,-0.999847695156391));
#7619=DIRECTION('',(-0.0134044554862676,-0.640820721703107,0.767573529512988));
#7620=DIRECTION('',(0.0174524064372815,-1.18032848860076E-13,-0.999847695156391));
#7621=DIRECTION('',(-9.99926966295517E-6,-0.999999999949992,-1.74537901324104E-7));
#7622=DIRECTION('',(-0.0174524064372815,1.16819807905273E-13,0.999847695156391));
#7623=DIRECTION('',(-0.0133916384034596,0.640820831767092,0.767573661347367));
#7624=DIRECTION('center_axis',(9.99926956313548E-6,0.999999999949992,1.74537781408431E-7));
#7625=DIRECTION('ref_axis',(0.0174524064372815,-1.18032848827411E-13,-0.999847695156391));
#7626=DIRECTION('',(-0.999999999878282,9.99927165287553E-6,-1.19771036972065E-5));
#7627=DIRECTION('',(-0.0174524064372815,1.18032848827411E-13,0.999847695156391));
#7628=DIRECTION('',(-0.999847695106391,1.00007927302483E-5,-0.017452406436404));
#7629=DIRECTION('center_axis',(-0.0174472446961431,-0.999847738861374,-0.000304542788871609));
#7630=DIRECTION('ref_axis',(0.,0.00030458915183577,-0.999999953612723));
#7631=DIRECTION('',(0.99962925080788,-0.0174497984188158,0.0209013268578821));
#7632=DIRECTION('',(0.0174524064372819,-1.18040668379178E-13,-0.999847695156391));
#7633=DIRECTION('',(0.999695457207875,-0.0174499024007832,0.0174497491140076));
#7634=DIRECTION('center_axis',(0.999847695147877,-4.12680618744546E-6,0.0174524064371333));
#7635=DIRECTION('ref_axis',(-0.0174524064372819,-1.22446027950813E-16,0.999847695156391));
#7636=DIRECTION('',(0.013400691416749,0.64082075403718,-0.767573568242663));
#7637=DIRECTION('',(-4.12743481575743E-6,-0.999999999991482,-1.22464706383472E-16));
#7638=DIRECTION('',(-4.12743481575743E-6,-0.999999999991482,-1.22464706383472E-16));
#7639=DIRECTION('',(0.0133954024743559,-0.640820799454853,-0.767573622643844));
#7640=DIRECTION('',(-0.0174524064372819,1.16811988434442E-13,0.999847695156391));
#7641=DIRECTION('',(4.12617765497524E-6,0.999999999991485,7.20226989954181E-8));
#7642=DIRECTION('center_axis',(0.0174524064369846,-7.2033669824927E-8,-0.999847695156394));
#7643=DIRECTION('ref_axis',(4.12743481575743E-6,0.999999999991482,1.22464679913692E-16));
#7644=DIRECTION('',(-0.999741579713689,0.0145688679580761,-0.0174505552346513));
#7645=DIRECTION('',(4.12743481575743E-6,0.999999999991482,1.22464694233608E-16));
#7646=DIRECTION('',(4.12743481575743E-6,0.999999999991482,1.22464694233608E-16));
#7647=DIRECTION('',(-0.999741579775838,-0.0145688662064172,-0.0174505531365184));
#7648=DIRECTION('center_axis',(0.,0.767642497393146,-0.640878300612537));
#7649=DIRECTION('ref_axis',(1.,0.,0.));
#7650=DIRECTION('',(0.0536016239016112,0.639956973717708,0.766538934239601));
#7651=DIRECTION('',(-0.999741579744755,-0.014568867082496,-0.0174505541858835));
#7652=DIRECTION('',(-0.0133980469456922,0.640820776748256,0.767573595445937));
#7653=DIRECTION('',(-0.999999999878282,9.99926747194101E-6,1.19770986892932E-5));
#7654=DIRECTION('',(0.999629257320218,0.0174496451906743,0.0209011433215804));
#7655=DIRECTION('',(0.0133954024743559,-0.640820799454853,-0.767573622643844));
#7656=DIRECTION('',(0.999741579775838,0.0145688662064172,0.0174505531365184));
#7657=DIRECTION('',(0.,0.640878300612537,0.767642497393146));
#7658=DIRECTION('center_axis',(1.,0.,0.));
#7659=DIRECTION('ref_axis',(0.,-1.22464679914735E-16,1.));
#7660=DIRECTION('',(0.,-0.640878300612538,0.767642497393146));
#7661=DIRECTION('',(0.,0.999999999999997,-7.20446425729465E-8));
#7662=DIRECTION('center_axis',(-0.0174524064369846,7.2033669824927E-8,0.999847695156394));
#7663=DIRECTION('ref_axis',(-4.12743481626545E-6,-0.999999999991482,-1.31332301995673E-16));
#7664=DIRECTION('',(0.999741579713689,-0.0145688679580761,0.0174505552346513));
#7665=DIRECTION('',(-4.12743481626545E-6,-0.999999999991482,-1.31332316315589E-16));
#7666=DIRECTION('center_axis',(0.999847695147877,-4.12680618744546E-6,0.0174524064371333));
#7667=DIRECTION('ref_axis',(-0.0174524064372819,-1.22446027950813E-16,0.999847695156391));
#7668=DIRECTION('',(0.013400691416749,0.64082075403718,-0.767573568242663));
#7669=DIRECTION('center_axis',(-0.0174470914793616,0.999847741535795,-0.000304540114697593));
#7670=DIRECTION('ref_axis',(0.,0.000304586476440175,0.999999953613538));
#7671=DIRECTION('',(0.0174524064372815,-1.16819807872607E-13,-0.999847695156391));
#7672=DIRECTION('',(-0.999695459881887,-0.0174497491606828,-0.0174497491606827));
#7673=DIRECTION('center_axis',(-9.99926956311431E-6,-0.999999999949992,
-1.74537782621287E-7));
#7674=DIRECTION('ref_axis',(-0.0174524064372815,1.16819807872607E-13,0.999847695156391));
#7675=DIRECTION('',(-0.999847695106391,1.00007927302483E-5,-0.017452406436404));
#7676=DIRECTION('center_axis',(0.0174524064372835,1.22446027950813E-16,
-0.999847695156391));
#7677=DIRECTION('ref_axis',(0.,1.,1.22464679914735E-16));
#7678=DIRECTION('',(-0.999847695156391,2.13730336808379E-18,-0.0174524064372835));
#7679=DIRECTION('',(0.,-1.,-1.22464679914735E-16));
#7680=DIRECTION('',(-0.999741579744755,0.014568867082496,-0.0174505541858835));
#7681=DIRECTION('center_axis',(0.,1.,1.22464679914735E-16));
#7682=DIRECTION('ref_axis',(0.999847695156391,-2.13730336808327E-18,0.0174524064372792));
#7683=DIRECTION('',(1.,0.,0.));
#7684=DIRECTION('',(0.0174524064372809,1.22446027950813E-16,-0.999847695156391));
#7685=DIRECTION('center_axis',(-0.999847695156391,2.13730336808347E-18,
-0.0174524064372809));
#7686=DIRECTION('ref_axis',(0.,1.,1.22464679914735E-16));
#7687=DIRECTION('',(0.0133980469456922,0.640820776748257,-0.767573595445937));
#7688=DIRECTION('center_axis',(0.,0.767642497393146,0.640878300612538));
#7689=DIRECTION('ref_axis',(-1.,0.,0.));
#7690=DIRECTION('',(-0.0536016239016112,0.639956973717708,-0.766538934239601));
#7691=DIRECTION('center_axis',(-0.997564050259855,-8.54270422900098E-18,
0.0697564737436847));
#7692=DIRECTION('ref_axis',(-0.0697564737436847,1.2216636210952E-16,-0.997564050259855));
#7693=DIRECTION('center_axis',(0.,-0.767642497393146,0.640878300612537));
#7694=DIRECTION('ref_axis',(1.,0.,0.));
#7695=DIRECTION('',(-0.0536016239016112,0.639956973717708,0.766538934239601));
#7696=DIRECTION('',(1.,0.,0.));
#7697=DIRECTION('',(0.999741579744755,0.014568867082496,0.0174505541858835));
#7698=DIRECTION('',(0.999418688530933,0.0218490161886043,0.0261706993926507));
#7699=DIRECTION('',(-1.,0.,0.));
#7700=DIRECTION('',(0.0133980469456922,0.640820776748256,0.767573595445937));
#7701=DIRECTION('',(-0.999166297271996,-0.0261640902949431,-0.0313392848483611));
#7702=DIRECTION('',(0.,0.640878300612537,0.767642497393146));
#7703=DIRECTION('',(-0.999629791163978,-0.0174370798527391,-0.0208860925898207));
#7704=DIRECTION('',(-0.999741579744755,0.0145688670824967,0.0174505541858843));
#7705=DIRECTION('',(-0.990756470105008,0.0869367819151505,0.104132669682971));
#7706=DIRECTION('center_axis',(0.0174524064372835,0.,-0.999847695156391));
#7707=DIRECTION('ref_axis',(0.,1.,0.));
#7708=DIRECTION('',(0.999741579744755,-0.014568867082496,0.0174505541858835));
#7709=DIRECTION('',(0.,-1.,0.));
#7710=DIRECTION('',(0.,1.,0.));
#7711=DIRECTION('center_axis',(0.,0.,-1.));
#7712=DIRECTION('ref_axis',(0.,1.,0.));
#7713=DIRECTION('',(1.,0.,0.));
#7714=DIRECTION('center_axis',(-0.0174472446961431,0.999847738861374,0.000304542788871487));
#7715=DIRECTION('ref_axis',(0.,-0.000304589151835648,0.999999953612723));
#7716=DIRECTION('',(0.,0.000304589151835648,-0.999999953612723));
#7717=DIRECTION('',(-0.999505405547535,-0.0174332990103381,-0.0261729701576459));
#7718=DIRECTION('',(-0.999695457207874,-0.0174499024007972,0.0174497491140122));
#7719=DIRECTION('center_axis',(-1.,0.,0.));
#7720=DIRECTION('ref_axis',(0.,-1.,0.));
#7721=DIRECTION('',(0.,0.,-1.));
#7722=DIRECTION('',(0.,1.,0.));
#7723=DIRECTION('center_axis',(0.0261769483078731,0.,-0.999657324975557));
#7724=DIRECTION('ref_axis',(0.,1.,0.));
#7725=DIRECTION('',(0.999657324975557,0.,0.0261769483078731));
#7726=DIRECTION('',(0.999418688530933,-0.0218490161886043,0.0261706993926507));
#7727=DIRECTION('',(0.,-1.,0.));
#7728=DIRECTION('center_axis',(-0.104528463266939,-3.59674976120574E-7,
-0.994521895368284));
#7729=DIRECTION('ref_axis',(4.12617765693395E-6,-0.999999999991485,-7.20225807614294E-8));
#7730=DIRECTION('',(2.54767064447543E-8,0.999999999999933,-3.64333876188965E-7));
#7731=DIRECTION('',(4.12617765693395E-6,-0.999999999991485,-7.20225807614294E-8));
#7732=DIRECTION('',(-0.990756459095559,-0.0869368334475003,0.104132731408297));
#7733=DIRECTION('center_axis',(0.0174524064372861,1.18127729820117E-13,
0.999847695156391));
#7734=DIRECTION('ref_axis',(0.999847695156391,0.,-0.0174524064372861));
#7735=DIRECTION('',(-0.999741579744755,-0.0145688670824996,0.0174505541858878));
#7736=DIRECTION('',(-2.70721937033095E-12,1.,-7.08910341020694E-14));
#7737=DIRECTION('',(0.999695459881888,-0.0174497491606806,-0.0174497491606832));
#7738=DIRECTION('center_axis',(-0.0174470914793616,-0.999847741535795,0.000304540114697715));
#7739=DIRECTION('ref_axis',(0.,-0.000304586476440297,-0.999999953613538));
#7740=DIRECTION('',(-0.999629797662087,0.0174369268477884,-0.0208859093208562));
#7741=DIRECTION('',(0.999505408215955,-0.0174331459159288,0.026172970227521));
#7742=DIRECTION('',(0.,0.000304586476440297,0.999999953613538));
#7743=DIRECTION('center_axis',(0.,-0.999999953613538,0.000304586476440297));
#7744=DIRECTION('ref_axis',(0.,-0.000304586476440297,-0.999999953613538));
#7745=DIRECTION('',(-1.,0.,0.));
#7746=DIRECTION('',(-0.999657324943783,-7.97314481864738E-6,-0.0261769483070409));
#7747=DIRECTION('',(0.,0.,-1.));
#7748=DIRECTION('center_axis',(0.0261769483078768,0.999657324975557,0.));
#7749=DIRECTION('ref_axis',(0.,0.,-1.));
#7750=DIRECTION('',(0.0174524046147638,-0.000457007298435985,0.999847590744455));
#7751=DIRECTION('',(-0.999166297271996,0.0261640902949431,-0.0313392848483611));
#7752=DIRECTION('',(-0.99931500198837,0.026167984264983,-0.0261679842649791));
#7753=DIRECTION('center_axis',(0.026176948307873,0.,-0.999657324975557));
#7754=DIRECTION('ref_axis',(0.,-1.,0.));
#7755=DIRECTION('',(0.,1.,0.));
#7756=DIRECTION('',(-0.99931500198837,-0.026167984264983,-0.0261679842649791));
#7757=DIRECTION('center_axis',(0.0261769483078768,-0.999657324975557,0.));
#7758=DIRECTION('ref_axis',(0.,0.,1.));
#7759=DIRECTION('',(-0.0174524046147638,-0.000457007298435985,-0.999847590744455));
#7760=DIRECTION('center_axis',(-0.999847695156391,0.,0.0174524064372809));
#7761=DIRECTION('ref_axis',(0.,-1.,0.));
#7762=DIRECTION('',(0.0174524064372809,0.,0.999847695156391));
#7763=DIRECTION('',(-0.0133980469456922,0.640820776748256,-0.767573595445937));
#7764=DIRECTION('center_axis',(0.,-1.,0.));
#7765=DIRECTION('ref_axis',(0.999847695156391,0.,-0.0174524064372792));
#7766=DIRECTION('center_axis',(0.,-0.767642497393146,-0.640878300612537));
#7767=DIRECTION('ref_axis',(-1.,0.,0.));
#7768=DIRECTION('',(0.0536016239016112,0.639956973717708,-0.766538934239601));
#7769=DIRECTION('center_axis',(-0.997564050259855,0.,-0.0697564737436847));
#7770=DIRECTION('ref_axis',(-0.0697564737436847,0.,0.997564050259855));
#7771=DIRECTION('center_axis',(-0.00873251395280716,0.999961766512832,-0.000456850741156394));
#7772=DIRECTION('ref_axis',(0.026167978121472,0.000685232622712695,0.999657324975557));
#7773=DIRECTION('',(0.999894564249968,0.00872662453208612,-0.0116063089585975));
#7774=DIRECTION('',(-0.026167978121472,-0.000685232622712695,-0.999657324975557));
#7775=DIRECTION('',(0.999923841776025,0.0087281964922446,-0.00872520680948117));
#7776=DIRECTION('',(0.026167978121472,0.000685232622712695,0.999657324975557));
#7777=DIRECTION('center_axis',(0.998705824138439,0.0436104213725869,-0.0261688360395981));
#7778=DIRECTION('ref_axis',(-0.0436134089109012,0.999048378133197,0.000456850741157092));
#7779=DIRECTION('',(0.0167152589727712,-0.767398982237575,-0.640951949976133));
#7780=DIRECTION('',(0.0436134089109043,-0.999048378133197,-0.000456850741038969));
#7781=DIRECTION('',(0.0261638566563151,0.000685052651079816,0.999657432977784));
#7782=DIRECTION('',(0.0261638535146863,0.000685124616082902,0.99965743301069));
#7783=DIRECTION('center_axis',(0.0436134107955797,-0.999048378083847,-0.000456778732163503));
#7784=DIRECTION('ref_axis',(-0.0261638535146863,-0.000685124616082902,-0.99965743301069));
#7785=DIRECTION('',(-0.998980959704647,-0.0436157742138842,0.0116063080825043));
#7786=DIRECTION('',(0.999010280751521,0.0436157356155423,-0.00872505355188069));
#7787=DIRECTION('',(-0.0261638535146863,-0.000685124616082902,-0.99965743301069));
#7788=DIRECTION('center_axis',(-0.996575245598141,-0.0784501378347725,0.0261410737099859));
#7789=DIRECTION('ref_axis',(-0.0192318028360038,-0.0875697367016528,-0.995972730035155));
#7790=DIRECTION('',(-0.0784411676483712,0.996917803196411,0.00136999562121502));
#7791=DIRECTION('',(0.0192318028360038,0.0875697367016528,0.995972730035155));
#7792=DIRECTION('',(-0.0784650400755718,0.996916761237915,0.000456780959378134));
#7793=DIRECTION('center_axis',(0.00873667648126862,-7.58692587391698E-5,
0.999961831635547));
#7794=DIRECTION('ref_axis',(0.0261689766113346,-0.9996574873186,-0.000304484776740968));
#7795=DIRECTION('',(-0.999947839510603,-0.00529130351317858,0.00873615276933516));
#7796=DIRECTION('',(-0.99901028075152,-0.0436157356155468,0.0087250535518807));
#7797=DIRECTION('',(0.0436134089109043,-0.999048378133197,-0.000456850741038969));
#7798=DIRECTION('',(0.999010280751521,0.0436157356155423,-0.0087250535518807));
#7799=DIRECTION('',(-0.0261689766113346,0.9996574873186,0.000304484776740968));
#7800=DIRECTION('center_axis',(-0.999314767377287,-0.026167978121472,0.0261769483078732));
#7801=DIRECTION('ref_axis',(-0.026167978121472,-0.000685232622712695,-0.999657324975557));
#7802=DIRECTION('',(0.0368650273221421,-0.76694029476282,0.64065868762521));
#7803=DIRECTION('',(-0.0261679781214689,-0.00068523262283083,-0.999657324975557));
#7804=DIRECTION('',(-0.0261599341507296,-0.000992372272258184,-0.999657277791995));
#7805=DIRECTION('',(0.0261849175058687,-0.999657069892401,0.000304482102261603));
#7806=DIRECTION('',(0.0261679781214689,0.000685232622829543,0.999657324975557));
#7807=DIRECTION('',(-0.0261689766113346,0.9996574873186,0.000304484776740968));
#7808=DIRECTION('',(-0.026167978121472,-0.000685232622712695,-0.999657324975557));
#7809=DIRECTION('',(-0.0261769483078732,0.999657324975557,3.70146621686551E-16));
#7810=DIRECTION('center_axis',(-0.998705977807351,-0.0436104253958195,0.0261629640648378));
#7811=DIRECTION('ref_axis',(0.0436134089108961,-0.999048378133197,-0.000456850741156958));
#7812=DIRECTION('',(-0.0167190202953191,0.767398845000927,0.640952016184993));
#7813=DIRECTION('',(-0.0261579940775821,-0.000684709291373753,-0.999657586636056));
#7814=DIRECTION('',(0.0436134089109039,-0.999048378133197,-0.000456850741038966));
#7815=DIRECTION('center_axis',(-0.0261579902712924,-0.000684796484039722,
-0.999657586675929));
#7816=DIRECTION('ref_axis',(0.0436134089109039,-0.999048378133197,-0.000456850741038966));
#7817=DIRECTION('',(-0.99931471539235,-0.0261799579695569,0.0261669524595348));
#7818=DIRECTION('',(-0.998705977807351,-0.0436104253958195,0.0261629640648378));
#7819=DIRECTION('',(-0.0436134089109039,0.999048378133197,0.000456850741038966));
#7820=DIRECTION('center_axis',(0.00873667648126862,-7.58692587391698E-5,
0.999961831635547));
#7821=DIRECTION('ref_axis',(0.0261689766113346,-0.9996574873186,-0.000304484776740968));
#7822=DIRECTION('',(0.998853765225131,0.0470643980310506,-0.0087234244167198));
#7823=DIRECTION('',(-0.998591717067616,-0.0523309791572834,0.00872073531250024));
#7824=DIRECTION('',(-0.999010280751521,-0.0436157356155423,0.0087250535518807));
#7825=DIRECTION('center_axis',(-0.0435911580575804,-0.0014461191547676,
-0.999048407074747));
#7826=DIRECTION('ref_axis',(-0.0261849175058687,0.999657069892401,-0.000304482102261603));
#7827=DIRECTION('',(0.0261849175058687,-0.999657069892401,0.000304482102261603));
#7828=DIRECTION('',(0.998706104449774,0.026152039721788,-0.0436140774652759));
#7829=DIRECTION('',(0.998710221932475,0.0259944049107542,-0.0436140289462248));
#7830=DIRECTION('center_axis',(-0.0436134066279418,0.999048378192959,0.000456937986869478));
#7831=DIRECTION('ref_axis',(-0.0261579940775821,-0.000684709291373753,-0.999657586636056));
#7832=DIRECTION('',(0.998980959783331,0.0436157718962047,-0.0116063100196463));
#7833=DIRECTION('',(-0.0261579940775821,-0.000684709291373753,-0.999657586636056));
#7834=DIRECTION('center_axis',(-0.0260327399016207,0.999661042380229,-0.000311127768921527));
#7835=DIRECTION('ref_axis',(-0.998710221932475,-0.0259944049107542,0.0436140289462248));
#7836=DIRECTION('center_axis',(-0.043613408910904,0.999048378133197,0.000456850741038966));
#7837=DIRECTION('ref_axis',(-0.999010280751521,-0.0436157356155423,0.0087250535518807));
#7838=DIRECTION('',(-0.998705824138439,-0.0436104213725869,0.0261688360395988));
#7839=DIRECTION('',(-0.0261679781214689,-0.00068523262283083,-0.999657324975557));
#7840=DIRECTION('',(-0.998705824138439,-0.0436104213725869,0.0261688360395988));
#7841=DIRECTION('',(-0.999010280751521,-0.0436157356155423,0.00872505355188069));
#7842=DIRECTION('',(-0.999010280751521,-0.0436157356155423,0.00872505355188069));
#7843=DIRECTION('',(-0.999010280751521,-0.0436157356155423,0.00872505355188069));
#7844=DIRECTION('center_axis',(0.00873667648126862,-7.58692587391698E-5,
0.999961831635547));
#7845=DIRECTION('ref_axis',(0.0261689766113346,-0.9996574873186,-0.000304484776740968));
#7846=DIRECTION('',(0.0436134089109043,-0.999048378133197,-0.000456850741038969));
#7847=DIRECTION('',(0.999010280751521,0.0436157356155423,-0.00872505355188069));
#7848=DIRECTION('center_axis',(0.043613408910904,-0.999048378133197,-0.000456850741038966));
#7849=DIRECTION('ref_axis',(0.999010280751521,0.0436157356155423,-0.0087250535518807));
#7850=DIRECTION('',(0.0261679781214689,0.000685232622829543,0.999657324975557));
#7851=DIRECTION('center_axis',(0.0261769483078762,-0.999657324975557,1.16477385716768E-13));
#7852=DIRECTION('ref_axis',(-0.0261679781214689,-0.000685232622829543,-0.999657324975557));
#7853=DIRECTION('center_axis',(-0.0261638566563158,-0.000685052651079854,
-0.999657432977784));
#7854=DIRECTION('ref_axis',(0.0436134089109043,-0.999048378133197,-0.000456850741038969));
#7855=DIRECTION('',(-0.998705824138439,-0.0436104213725869,0.0261688360395988));
#7856=DIRECTION('',(0.0436134089109043,-0.999048378133197,-0.000456850741038969));
#7857=DIRECTION('',(0.0435955011664771,0.999047596099713,-0.00182565205583139));
#7858=DIRECTION('',(0.998705824138439,0.0436104213725869,-0.0261688360395988));
#7859=DIRECTION('',(0.0261769464231878,-0.999657325024907,-7.19979007444208E-8));
#7860=DIRECTION('center_axis',(-0.00872354513260878,-0.000228434068647386,
-0.999961923064171));
#7861=DIRECTION('ref_axis',(-0.0261769483078732,0.999657324975557,3.70146621686551E-16));
#7862=DIRECTION('',(0.999010279412496,0.0436157356271697,-0.00872520680948115));
#7863=DIRECTION('',(-0.0261769483078732,0.999657324975557,3.70146621686551E-16));
#7864=DIRECTION('',(0.996759178500501,0.079970047430633,-0.00871387336089245));
#7865=DIRECTION('',(-0.0261769483078732,0.999657324975557,3.70146621686551E-16));
#7866=DIRECTION('',(0.0261769483078732,-0.999657324975557,-3.70146621686551E-16));
#7867=DIRECTION('center_axis',(0.0804233648928145,-0.993064508019347,0.0857610942771185));
#7868=DIRECTION('ref_axis',(0.996575245598141,0.0784501378347725,-0.0261410737099859));
#7869=DIRECTION('',(0.996575245598141,0.0784501378347725,-0.0261410737099859));
#7870=DIRECTION('center_axis',(-0.0261769483078732,0.999657324975557,3.70146621686551E-16));
#7871=DIRECTION('ref_axis',(0.026167978121472,0.000685232622712695,0.999657324975557));
#7872=DIRECTION('',(0.999314767377287,0.026167978121472,-0.0261769483078732));
#7873=DIRECTION('',(0.999314767377287,0.026167978121472,-0.0261769483078732));
#7874=DIRECTION('center_axis',(-0.026167978121472,-0.000685232622712695,
-0.999657324975557));
#7875=DIRECTION('ref_axis',(-0.0261769483078732,0.999657324975557,3.70146621686551E-16));
#7876=DIRECTION('',(0.999314767377287,0.026167978121472,-0.0261769483078732));
#7877=DIRECTION('center_axis',(0.0436134089109085,-0.999048378133197,-0.000456850741039114));
#7878=DIRECTION('ref_axis',(0.998705716156769,0.0436104185451402,-0.026172961431855));
#7879=DIRECTION('',(-0.998218484150094,-0.0435958070396878,0.040734058349823));
#7880=DIRECTION('',(-0.0261638566563151,-0.000685052651079786,-0.999657432977784));
#7881=DIRECTION('center_axis',(0.0261769483078732,-0.999657324975557,-3.70146621686551E-16));
#7882=DIRECTION('ref_axis',(-0.026167978121472,-0.000685232622712695,-0.999657324975557));
#7883=DIRECTION('',(-0.999314767377287,-0.026167978121472,0.0261769483078732));
#7884=DIRECTION('',(-0.026167978121472,-0.000685232622712695,-0.999657324975557));
#7885=DIRECTION('center_axis',(0.998705824138439,0.0436104213725869,-0.0261688360395981));
#7886=DIRECTION('ref_axis',(-0.0436134089109012,0.999048378133197,0.000456850741157092));
#7887=DIRECTION('',(0.0167152589727712,-0.767398982237575,-0.640951949976133));
#7888=DIRECTION('',(0.0261638535146858,0.00068512461608288,0.99965743301069));
#7889=DIRECTION('center_axis',(-0.0436134107955797,0.999048378083847,0.000456778732163503));
#7890=DIRECTION('ref_axis',(0.0261638535146858,0.00068512461608288,0.99965743301069));
#7891=DIRECTION('',(0.998980959704647,0.0436157742138842,-0.0116063080825043));
#7892=DIRECTION('',(-0.026167976235563,-0.000685304642667489,-0.999657324975555));
#7893=DIRECTION('center_axis',(0.999314767377287,0.026167978121472,-0.0261769483078732));
#7894=DIRECTION('ref_axis',(-0.0261769483078732,0.999657324975557,3.70146621686551E-16));
#7895=DIRECTION('',(-0.00332404862423204,0.767818596200357,0.64065868762521));
#7896=DIRECTION('',(0.026167978121469,0.00068523262282636,0.999657324975557));
#7897=DIRECTION('center_axis',(0.0436134089109048,-0.999048378133197,-0.00045685074104346));
#7898=DIRECTION('ref_axis',(0.998705716156769,0.0436104185451366,-0.026172961431855));
#7899=DIRECTION('',(0.998980959740233,0.0436157731656894,-0.011606308958597));
#7900=DIRECTION('center_axis',(-0.112779340153706,0.00310563403160082,-0.993615204931847));
#7901=DIRECTION('ref_axis',(0.992663212128132,-0.0435230486598126,-0.112807320342319));
#7902=DIRECTION('',(0.990563064277008,-0.0780304695357873,-0.112676801135672));
#7903=DIRECTION('',(-0.0435954992889435,-0.999047596050552,0.00182572379069014));
#7904=DIRECTION('center_axis',(3.63251095869543E-15,4.65447992648027E-16,
-1.));
#7905=DIRECTION('ref_axis',(0.0261769483078732,-0.999657324975557,-3.70146621686551E-16));
#7906=DIRECTION('',(-0.0436253633134329,0.999047960648422,3.06393330281974E-16));
#7907=DIRECTION('',(-0.999986664111478,0.00516445536322022,-3.6313191691386E-15));
#7908=DIRECTION('',(-0.998630004016944,-0.0523270014153114,-3.65607473747528E-15));
#7909=DIRECTION('center_axis',(0.0523269891304018,-0.99862976956668,-0.000685232622713444));
#7910=DIRECTION('ref_axis',(0.026167978121472,0.000685232622712695,0.999657324975557));
#7911=DIRECTION('',(-0.026167978121472,-0.000685232622712695,-0.999657324975557));
#7912=DIRECTION('',(0.998620529774219,0.0523294693819312,-0.00432020227114846));
#7913=DIRECTION('center_axis',(-1.38777878078145E-17,3.69712940817557E-16,
-1.));
#7914=DIRECTION('ref_axis',(-0.0261769483078732,0.999657324975557,3.70146621686551E-16));
#7915=DIRECTION('',(0.0436253633134329,-0.999047960648422,-3.70144418024122E-16));
#7916=DIRECTION('',(0.999048482390205,0.0436134134622375,-4.81157610219082E-19));
#7917=DIRECTION('',(0.999999999959795,8.96711464765457E-6,-1.31554379239825E-17));
#7918=DIRECTION('center_axis',(-0.00331141393012394,-0.641184701307005,
-0.767379445481589));
#7919=DIRECTION('ref_axis',(0.999314767377287,0.026167978121472,-0.0261769483078732));
#7920=DIRECTION('',(0.0167528641757928,0.767240387217583,-0.641140803384187));
#7921=DIRECTION('',(-0.985076736131969,-0.129963507732175,0.112841971754912));
#7922=DIRECTION('',(-0.0502505845630541,0.76652085604447,-0.640250463490596));
#7923=DIRECTION('',(0.999990667864584,6.00668673765917E-6,-0.00432020227114879));
#7924=DIRECTION('center_axis',(-0.998705716156769,-0.0436104185451351,0.026172961431855));
#7925=DIRECTION('ref_axis',(-0.026167978121472,-0.000685232622712695,-0.999657324975557));
#7926=DIRECTION('',(0.026167978121472,0.000685232622712695,0.999657324975557));
#7927=DIRECTION('',(-0.016712616431588,0.76739907864755,0.640951903455245));
#7928=DIRECTION('',(-0.026167978121472,-0.000685232622712695,-0.999657324975557));
#7929=DIRECTION('center_axis',(0.0436134089109029,-0.999048378133197,-0.000456850741157134));
#7930=DIRECTION('ref_axis',(-0.026167978121472,-0.000685232622712695,-0.999657324975557));
#7931=DIRECTION('',(-0.998980959740233,-0.0436157731656888,0.0116063089585975));
#7932=DIRECTION('center_axis',(-8.96711254243232E-6,0.999999765187894,-0.000685232622712694));
#7933=DIRECTION('ref_axis',(0.026167978121472,0.000685232622712695,0.999657324975557));
#7934=DIRECTION('center_axis',(-0.036863890223668,0.640132673943416,-0.767379445481588));
#7935=DIRECTION('ref_axis',(-0.999314767377287,-0.026167978121472,0.0261769483078732));
#7936=DIRECTION('',(0.0502456243496496,0.768117426008631,0.638334549508006));
#7937=DIRECTION('',(0.990563064796701,-0.078030466526886,-0.112676798650672));
#7938=DIRECTION('center_axis',(-0.112779343223293,0.00310556260918585,-0.993615204806671));
#7939=DIRECTION('ref_axis',(0.992663211861843,-0.0435230548846543,-0.112807320283912));
#7940=DIRECTION('',(0.0435954992889447,0.999047596050552,-0.00182572379069027));
#7941=DIRECTION('',(-0.992663211861843,0.0435230548846543,0.112807320283912));
#7942=DIRECTION('center_axis',(-0.113107243171864,-0.00448334448518611,
-0.993572670298599));
#7943=DIRECTION('ref_axis',(0.0436134089109043,-0.999048378133197,-0.000456850741038969));
#7944=DIRECTION('',(0.0433947053509088,0.999013331598159,-0.00944790117719672));
#7945=DIRECTION('',(-0.985089604643043,-0.129964886898028,0.112727986754826));
#7946=DIRECTION('center_axis',(-0.130490394611977,0.991445798767178,0.00273587662791595));
#7947=DIRECTION('ref_axis',(-0.0261638566563151,-0.000685052651079786,-0.999657432977784));
#7948=DIRECTION('',(0.0261679940435702,0.000685597498414615,0.999657324308588));
#7949=DIRECTION('center_axis',(-0.998706498436699,0.0436283357003727,0.0261131825774449));
#7950=DIRECTION('ref_axis',(-0.0435954917547852,-0.999047595853305,0.00182601160732758));
#7951=DIRECTION('center_axis',(-2.77089407935524E-15,-0.999999999991482,
4.12743486049835E-6));
#7952=DIRECTION('ref_axis',(0.997564050259814,2.87915298713415E-7,0.0697564737436808));
#7953=DIRECTION('',(-0.997564050259814,-2.87915298713415E-7,-0.0697564737436808));
#7954=DIRECTION('',(-0.0697564737442769,4.11738063681558E-6,0.997564050251317));
#7955=DIRECTION('',(0.997564050259814,2.87915298713414E-7,0.0697564737436808));
#7956=DIRECTION('',(-0.0697564737442754,4.11738063681558E-6,0.997564050251317));
#7957=DIRECTION('center_axis',(2.77089407935524E-15,0.999999999991482,-4.12743486049835E-6));
#7958=DIRECTION('ref_axis',(-0.997564050259814,-2.87915298713415E-7,-0.0697564737436808));
#7959=DIRECTION('',(-0.997564050259814,-2.87915298713415E-7,-0.0697564737436808));
#7960=DIRECTION('',(0.0697564737442754,-4.11738063681558E-6,-0.997564050251317));
#7961=DIRECTION('',(-0.997564050259814,-2.87915298713414E-7,-0.0697564737436808));
#7962=DIRECTION('',(-0.0697564737442769,4.11738063681558E-6,0.997564050251317));
#7963=DIRECTION('center_axis',(-0.00760641544986409,0.999970927140828,-0.000536019697596945));
#7964=DIRECTION('ref_axis',(-0.997535050419166,-0.00762527744802244,-0.0697544144056302));
#7965=DIRECTION('',(-0.997535050419166,-0.00762527744802244,-0.0697544144056302));
#7966=DIRECTION('',(-0.997535050419166,-0.00762527744802244,-0.0697544144056302));
#7967=DIRECTION('',(-0.0697564737442769,4.11738063681558E-6,0.997564050251317));
#7968=DIRECTION('center_axis',(0.997564050259811,3.60781745831216E-7,0.0697564737433818));
#7969=DIRECTION('ref_axis',(-7.26889484714442E-8,0.999999999991459,-4.13251772218752E-6));
#7970=DIRECTION('',(-7.26889484714442E-8,0.999999999991459,-4.13251772218752E-6));
#7971=DIRECTION('',(-7.26889484714442E-8,0.999999999991459,-4.13251772218752E-6));
#7972=DIRECTION('',(-0.0697564737442769,4.11738063681558E-6,0.997564050251317));
#7973=DIRECTION('center_axis',(-0.00760627229307552,-0.999970932625746,
-0.000527755057347684));
#7974=DIRECTION('ref_axis',(0.997535051510757,-0.00762455812779607,0.0697544774246639));
#7975=DIRECTION('',(-0.997535051510757,0.00762455812779607,-0.0697544774246639));
#7976=DIRECTION('',(0.997535051510757,-0.00762455812779606,0.0697544774246639));
#7977=DIRECTION('center_axis',(-0.0697564737442769,4.11738063681558E-6,
0.997564050251317));
#7978=DIRECTION('ref_axis',(0.997564050259772,0.,0.0697564737448682));
#7979=DIRECTION('',(3.12685062277424E-15,0.999999999991482,-4.12743486047346E-6));
#7980=DIRECTION('center_axis',(-0.0015210056972495,-0.99619505775812,-0.0871383580288545));
#7981=DIRECTION('ref_axis',(-0.999847695156391,1.18163114392346E-13,0.0174524064372817));
#7982=DIRECTION('',(0.0694930342047929,0.0868224982397326,-0.993797047689529));
#7983=DIRECTION('',(0.997535053721529,-0.00762455539188364,0.0697544461082023));
#7984=DIRECTION('',(-0.104133711517869,0.0868224982869113,-0.990766382108685));
#7985=DIRECTION('center_axis',(-0.00152114919427667,0.996194338408404,-0.0871465789814549));
#7986=DIRECTION('ref_axis',(0.999847695156391,-1.1693443444761E-13,-0.0174524064372817));
#7987=DIRECTION('',(-0.104133699010918,-0.0868306894401196,-0.990765665584783));
#7988=DIRECTION('',(-0.997535048208349,-0.00762528018424664,-0.0697544457226832));
#7989=DIRECTION('',(0.0694930342802695,-0.0868306894872771,-0.993796332026681));
#7990=DIRECTION('center_axis',(0.994521895368284,-3.59674976120574E-7,-0.104528463266938));
#7991=DIRECTION('ref_axis',(7.20225807614285E-8,-0.999999999991485,4.12617765693395E-6));
#7992=DIRECTION('',(3.64333876188965E-7,0.999999999999933,2.54767064447544E-8));
#7993=DIRECTION('center_axis',(-0.997564050259814,-2.8791529835659E-7,-0.0697564737436812));
#7994=DIRECTION('ref_axis',(9.24284391118282E-22,0.999999999991482,-4.12743481575743E-6));
#7995=DIRECTION('',(0.0694930342802695,-0.0868306894872771,-0.993796332026681));
#7996=DIRECTION('',(2.87213951160375E-7,-0.999999999999959,2.00839559502167E-8));
#7997=DIRECTION('',(-0.0694930342047929,-0.0868224982397326,0.993797047689529));
#7998=DIRECTION('center_axis',(0.00605671744819453,-0.996223797045287,-0.0866109829895955));
#7999=DIRECTION('ref_axis',(-0.0694930342047929,-0.0868224982397326,0.993797047689529));
#8000=DIRECTION('',(0.997564050259814,2.87915298612835E-7,0.069756473743682));
#8001=DIRECTION('center_axis',(0.0697564737436849,0.,-0.997564050259855));
#8002=DIRECTION('ref_axis',(-0.997564050259855,0.,-0.0697564737436849));
#8003=DIRECTION('',(-0.997564050259814,-2.87915298815148E-7,-0.069756473743682));
#8004=DIRECTION('center_axis',(0.00605671658219715,0.996223083131023,-0.0866191942998881));
#8005=DIRECTION('ref_axis',(0.0694930342802695,-0.0868306894872771,-0.993796332026681));
#8006=DIRECTION('center_axis',(-2.22044604925031E-16,0.,1.));
#8007=DIRECTION('ref_axis',(0.,1.,0.));
#8008=DIRECTION('center_axis',(-0.999657324975558,0.,0.0261769483078641));
#8009=DIRECTION('ref_axis',(0.0261769483078641,0.,0.999657324975558));
#8010=DIRECTION('',(0.0261769483078641,0.,0.999657324975558));
#8011=DIRECTION('',(0.,-1.,0.));
#8012=DIRECTION('',(-0.0261769483078641,0.,-0.999657324975558));
#8013=DIRECTION('',(0.,1.,0.));
#8014=DIRECTION('center_axis',(0.0261769483078637,0.,0.999657324975558));
#8015=DIRECTION('ref_axis',(0.999657324975558,0.,-0.0261769483078637));
#8016=DIRECTION('',(0.999657324975558,0.,-0.0261769483078637));
#8017=DIRECTION('',(0.,-1.,0.));
#8018=DIRECTION('',(-0.999657324975558,0.,0.0261769483078637));
#8019=DIRECTION('center_axis',(0.,1.,0.));
#8020=DIRECTION('ref_axis',(-0.999657324975557,0.,0.026176948307876));
#8021=DIRECTION('',(0.999657324975558,0.,-0.0261769483078637));
#8022=DIRECTION('center_axis',(-0.999657324975558,0.,0.0261769483078637));
#8023=DIRECTION('ref_axis',(0.,-1.,0.));
#8024=DIRECTION('',(0.,1.,0.));
#8025=DIRECTION('',(-0.0261769483078637,0.,-0.999657324975558));
#8026=DIRECTION('center_axis',(0.026176948307876,0.,0.999657324975557));
#8027=DIRECTION('ref_axis',(0.,1.,0.));
#8028=DIRECTION('',(0.999657324975558,0.,-0.0261769483078637));
#8029=DIRECTION('center_axis',(0.,-1.,0.));
#8030=DIRECTION('ref_axis',(0.,0.,-1.));
#8031=DIRECTION('center_axis',(-0.999657324975558,0.,0.0261769483078641));
#8032=DIRECTION('ref_axis',(0.0261769483078641,0.,0.999657324975558));
#8033=DIRECTION('',(-0.0261769483078641,0.,-0.999657324975558));
#8034=DIRECTION('',(0.,1.,0.));
#8035=DIRECTION('',(0.0261769483078641,0.,0.999657324975558));
#8036=DIRECTION('',(0.,-1.,0.));
#8037=DIRECTION('center_axis',(0.026176948307876,0.,0.999657324975557));
#8038=DIRECTION('ref_axis',(0.,1.,0.));
#8039=DIRECTION('',(-0.999657324975557,0.,0.026176948307876));
#8040=DIRECTION('',(0.,1.,0.));
#8041=DIRECTION('',(0.999657324975557,0.,-0.026176948307876));
#8042=DIRECTION('center_axis',(0.,-1.,0.));
#8043=DIRECTION('ref_axis',(0.999657324975557,0.,-0.026176948307876));
#8044=DIRECTION('',(0.999657324975557,0.,-0.026176948307876));
#8045=DIRECTION('center_axis',(-0.999657324975558,0.,0.0261769483078637));
#8046=DIRECTION('ref_axis',(0.,-1.,0.));
#8047=DIRECTION('',(0.,-1.,0.));
#8048=DIRECTION('',(-0.0261769483078637,0.,-0.999657324975558));
#8049=DIRECTION('center_axis',(0.0261769483078637,0.,0.999657324975558));
#8050=DIRECTION('ref_axis',(0.999657324975558,0.,-0.0261769483078637));
#8051=DIRECTION('',(0.999657324975558,0.,-0.0261769483078637));
#8052=DIRECTION('center_axis',(0.,-1.,0.));
#8053=DIRECTION('ref_axis',(0.,0.,-1.));
#8054=DIRECTION('center_axis',(0.,1.,0.));
#8055=DIRECTION('ref_axis',(0.,0.,1.));
#8056=DIRECTION('',(0.0261769483078641,0.,0.999657324975558));
#8057=DIRECTION('',(0.999657324975558,0.,-0.0261769483078641));
#8058=DIRECTION('',(-0.0261769483078641,0.,-0.999657324975558));
#8059=DIRECTION('',(-0.999657324975558,0.,0.0261769483078641));
#8060=DIRECTION('center_axis',(-0.0261769483078641,0.,-0.999657324975558));
#8061=DIRECTION('ref_axis',(0.,1.,0.));
#8062=DIRECTION('',(0.,-1.,0.));
#8063=DIRECTION('',(0.,1.,0.));
#8064=DIRECTION('',(0.999657324975558,0.,-0.0261769483078641));
#8065=DIRECTION('center_axis',(0.,-1.,0.));
#8066=DIRECTION('ref_axis',(-0.0261769483078641,0.,-0.999657324975558));
#8067=DIRECTION('',(0.0261769483078641,0.,0.999657324975558));
#8068=DIRECTION('',(-0.0261769483078641,0.,-0.999657324975558));
#8069=DIRECTION('',(0.999657324975558,0.,-0.0261769483078641));
#8070=DIRECTION('center_axis',(0.0261769483078641,0.,0.999657324975558));
#8071=DIRECTION('ref_axis',(0.,-1.,0.));
#8072=DIRECTION('',(0.,1.,0.));
#8073=DIRECTION('',(0.,1.,0.));
#8074=DIRECTION('center_axis',(0.999657324975558,0.,-0.0261769483078641));
#8075=DIRECTION('ref_axis',(-0.0261769483078641,0.,-0.999657324975558));
#8076=DIRECTION('center_axis',(-0.999657324975558,0.,0.0261769483078641));
#8077=DIRECTION('ref_axis',(0.0261769483078641,0.,0.999657324975558));
#8078=DIRECTION('center_axis',(-1.,-1.87350135405495E-16,3.34454686168328E-15));
#8079=DIRECTION('ref_axis',(-1.85615411929518E-16,1.,2.4980018054066E-16));
#8080=DIRECTION('',(1.85615411929518E-16,-1.,-2.35922392732846E-16));
#8081=DIRECTION('',(-3.3584246494911E-15,-3.52495810318487E-15,-1.));
#8082=DIRECTION('',(-3.03576608295941E-17,1.,2.63677968348475E-16));
#8083=DIRECTION('',(-3.3584246494911E-15,-3.52495810318487E-15,-1.));
#8084=DIRECTION('center_axis',(-8.98586760555986E-16,-1.,3.52495810318487E-15));
#8085=DIRECTION('ref_axis',(-1.,8.97719398817997E-16,1.2490009027033E-16));
#8086=DIRECTION('',(-1.,8.97719398817997E-16,1.2490009027033E-16));
#8087=DIRECTION('',(-1.,7.43329009456062E-16,1.31838984174237E-16));
#8088=DIRECTION('',(-3.3584246494911E-15,-3.52495810318487E-15,-1.));
#8089=DIRECTION('center_axis',(1.,1.87350135405495E-16,-3.34454686168328E-15));
#8090=DIRECTION('ref_axis',(1.85615411929518E-16,-1.,-2.4980018054066E-16));
#8091=DIRECTION('',(1.85615411929518E-16,-1.,-2.35922392732846E-16));
#8092=DIRECTION('',(3.03576608295941E-17,-1.,-2.63677968348475E-16));
#8093=DIRECTION('',(-3.3584246494911E-15,-3.52495810318487E-15,-1.));
#8094=DIRECTION('center_axis',(3.41740524767431E-16,1.,-3.52495810318487E-15));
#8095=DIRECTION('ref_axis',(1.,-3.41740524767431E-16,-1.2490009027033E-16));
#8096=DIRECTION('',(-1.,3.41740524767431E-16,1.2490009027033E-16));
#8097=DIRECTION('',(1.,-1.85615411929518E-16,-1.31838984174237E-16));
#8098=DIRECTION('center_axis',(1.59594559789866E-16,-1.11022302462516E-16,
1.));
#8099=DIRECTION('ref_axis',(0.856996541267579,0.515322159678202,-5.50806162802619E-17));
#8100=DIRECTION('center_axis',(-3.3584246494911E-15,-3.52495810318487E-15,
-1.));
#8101=DIRECTION('ref_axis',(-1.,2.8796409701215E-16,3.34454686168328E-15));
#8102=DIRECTION('center_axis',(0.999999999582592,1.71150968822885E-6,2.88424446707805E-5));
#8103=DIRECTION('ref_axis',(1.71101186394445E-6,-0.99999999984958,1.72601437830738E-5));
#8104=DIRECTION('',(-1.71101186394358E-6,0.99999999984958,-1.72601437830738E-5));
#8105=DIRECTION('',(2.88424742073689E-5,-1.72600944293444E-5,-0.9999999994351));
#8106=DIRECTION('',(1.71101186395572E-6,-0.99999999984958,1.72601437830738E-5));
#8107=DIRECTION('',(2.88424742073689E-5,-1.72600944293444E-5,-0.9999999994351));
#8108=DIRECTION('center_axis',(0.000329744772409064,0.9999999454854,-1.72505828431035E-5));
#8109=DIRECTION('ref_axis',(0.999999945218247,-0.0003297442746733,2.88481640641561E-5));
#8110=DIRECTION('',(-0.999999945218247,0.0003297442746733,-2.88481640641561E-5));
#8111=DIRECTION('',(0.999999945218247,-0.000329744274673313,2.88481640641561E-5));
#8112=DIRECTION('',(2.88424742073689E-5,-1.72600944293444E-5,-0.9999999994351));
#8113=DIRECTION('center_axis',(-0.999999945218247,0.000329744274673424,
-2.88481640609434E-5));
#8114=DIRECTION('ref_axis',(0.000329744772409185,0.9999999454854,-1.72505828398145E-5));
#8115=DIRECTION('',(-0.000329744772409185,-0.9999999454854,1.72505828398145E-5));
#8116=DIRECTION('',(0.000329744772409173,0.9999999454854,-1.72505828398145E-5));
#8117=DIRECTION('',(2.88424742073689E-5,-1.72600944293444E-5,-0.9999999994351));
#8118=DIRECTION('center_axis',(-0.000329251859574121,-0.999999945647813,
1.7250597062729E-5));
#8119=DIRECTION('ref_axis',(-0.999999945380661,0.000329251361838227,-2.88481555611106E-5));
#8120=DIRECTION('',(0.999999945380661,-0.000329251361838226,2.88481555611175E-5));
#8121=DIRECTION('',(-0.999999945380661,0.00032925136183824,-2.88481555610967E-5));
#8122=DIRECTION('center_axis',(-2.88424742106025E-5,1.72600944260415E-5,
0.999999999435101));
#8123=DIRECTION('ref_axis',(-0.856997422632191,0.515320692842804,-3.36124098979652E-5));
#8124=DIRECTION('center_axis',(2.88424742073689E-5,-1.72600944293444E-5,
-0.9999999994351));
#8125=DIRECTION('ref_axis',(-0.999999999582592,-1.71150968887417E-6,-2.88424446707736E-5));
#8126=DIRECTION('center_axis',(-0.999657324975557,0.0261769483078748,-5.81245014516502E-18));
#8127=DIRECTION('ref_axis',(0.0261769483078748,0.999657324975557,-2.21968515784611E-16));
#8128=DIRECTION('',(0.,2.22044604925031E-16,1.));
#8129=DIRECTION('',(-0.0261769483078748,-0.999657324975557,2.21968515784611E-16));
#8130=DIRECTION('',(0.,-2.22044604925031E-16,-1.));
#8131=DIRECTION('',(0.0261769483078748,0.999657324975557,-2.21968515784611E-16));
#8132=DIRECTION('center_axis',(0.,2.22044604925031E-16,1.));
#8133=DIRECTION('ref_axis',(0.999657324975557,-0.026176948307876,5.8124501451653E-18));
#8134=DIRECTION('',(0.999657324975557,-0.026176948307876,5.8124501451653E-18));
#8135=DIRECTION('',(0.0261769483078765,0.999657324975557,-2.21968515784611E-16));
#8136=DIRECTION('',(-0.999657324975557,0.026176948307876,-5.8124501451653E-18));
#8137=DIRECTION('center_axis',(0.0261769483078765,0.999657324975557,-2.21968515784611E-16));
#8138=DIRECTION('ref_axis',(0.999657324975557,-0.0261769483078765,5.81245014516541E-18));
#8139=DIRECTION('',(0.999657324975557,-0.0261769483078762,5.81245014516533E-18));
#8140=DIRECTION('center_axis',(-0.999657324975557,0.0261769483078765,-5.81245014516541E-18));
#8141=DIRECTION('ref_axis',(0.,2.22044604925031E-16,1.));
#8142=DIRECTION('',(0.0261769483078765,0.999657324975557,-2.21968515784611E-16));
#8143=DIRECTION('',(0.,-2.22044604925031E-16,-1.));
#8144=DIRECTION('center_axis',(0.,-2.22044604925031E-16,-1.));
#8145=DIRECTION('ref_axis',(-0.999657324975557,0.026176948307876,-5.8124501451653E-18));
#8146=DIRECTION('',(0.999657324975557,-0.0261769483078762,5.81245014516533E-18));
#8147=DIRECTION('center_axis',(0.026176948307876,0.999657324975557,-2.21968515784611E-16));
#8148=DIRECTION('ref_axis',(0.,-2.22044604925031E-16,-1.));
#8149=CARTESIAN_POINT('',(0.,0.,0.));
#8150=CARTESIAN_POINT('Ctrl Pts',(90.,90.,0.));
#8151=CARTESIAN_POINT('Ctrl Pts',(90.,90.,33.3333333333333));
#8152=CARTESIAN_POINT('Ctrl Pts',(90.,90.,66.6666666666667));
#8153=CARTESIAN_POINT('Ctrl Pts',(90.,90.,100.));
#8154=CARTESIAN_POINT('Ctrl Pts',(83.9390847326867,90.,0.));
#8155=CARTESIAN_POINT('Ctrl Pts',(83.9390847326867,90.,33.3333333333334));
#8156=CARTESIAN_POINT('Ctrl Pts',(83.9390847326867,90.,66.6666666666667));
#8157=CARTESIAN_POINT('Ctrl Pts',(83.9390847326867,90.,100.));
#8158=CARTESIAN_POINT('Ctrl Pts',(71.3011382299701,89.7925357938875,0.));
#8159=CARTESIAN_POINT('Ctrl Pts',(71.3011382299701,89.7925357938875,33.3333333333333));
#8160=CARTESIAN_POINT('Ctrl Pts',(71.3011382299701,89.7925357938875,66.6666666666667));
#8161=CARTESIAN_POINT('Ctrl Pts',(71.3011382299701,89.7925357938875,100.));
#8162=CARTESIAN_POINT('Ctrl Pts',(48.7138942125189,88.5688908922203,0.));
#8163=CARTESIAN_POINT('Ctrl Pts',(48.7138942125189,88.5688908922203,33.3333333333334));
#8164=CARTESIAN_POINT('Ctrl Pts',(48.7138942125189,88.5688908922203,66.6666666666667));
#8165=CARTESIAN_POINT('Ctrl Pts',(48.7138942125189,88.5688908922203,100.));
#8166=CARTESIAN_POINT('Ctrl Pts',(30.9276128010866,86.5210893081406,0.));
#8167=CARTESIAN_POINT('Ctrl Pts',(30.9276128010866,86.5210893081406,33.3333333333333));
#8168=CARTESIAN_POINT('Ctrl Pts',(30.9276128010866,86.5210893081406,66.6666666666667));
#8169=CARTESIAN_POINT('Ctrl Pts',(30.9276128010866,86.5210893081406,100.));
#8170=CARTESIAN_POINT('Ctrl Pts',(16.7652108550188,83.8574253559101,0.));
#8171=CARTESIAN_POINT('Ctrl Pts',(16.7652108550188,83.8574253559101,33.3333333333334));
#8172=CARTESIAN_POINT('Ctrl Pts',(16.7652108550188,83.8574253559101,66.6666666666667));
#8173=CARTESIAN_POINT('Ctrl Pts',(16.7652108550188,83.8574253559101,100.));
#8174=CARTESIAN_POINT('Ctrl Pts',(7.55638305867886,81.3424531374832,0.));
#8175=CARTESIAN_POINT('Ctrl Pts',(7.55638305867886,81.3424531374832,33.3333333333333));
#8176=CARTESIAN_POINT('Ctrl Pts',(7.55638305867886,81.3424531374832,66.6666666666668));
#8177=CARTESIAN_POINT('Ctrl Pts',(7.55638305867886,81.3424531374832,100.));
#8178=CARTESIAN_POINT('Ctrl Pts',(1.23304972269189,78.1166049703903,0.));
#8179=CARTESIAN_POINT('Ctrl Pts',(1.23304972269189,78.1166049703903,33.3333333333334));
#8180=CARTESIAN_POINT('Ctrl Pts',(1.23304972269189,78.1166049703903,66.6666666666667));
#8181=CARTESIAN_POINT('Ctrl Pts',(1.23304972269189,78.1166049703903,100.));
#8182=CARTESIAN_POINT('Ctrl Pts',(0.,76.0101525445522,0.));
#8183=CARTESIAN_POINT('Ctrl Pts',(0.,76.0101525445522,33.3333333333333));
#8184=CARTESIAN_POINT('Ctrl Pts',(0.,76.0101525445522,66.6666666666667));
#8185=CARTESIAN_POINT('Ctrl Pts',(0.,76.0101525445522,100.));
#8186=CARTESIAN_POINT('Ctrl Pts',(0.,75.,0.));
#8187=CARTESIAN_POINT('Ctrl Pts',(0.,75.,33.3333333333333));
#8188=CARTESIAN_POINT('Ctrl Pts',(0.,75.,66.6666666666667));
#8189=CARTESIAN_POINT('Ctrl Pts',(0.,75.,100.));
#8190=CARTESIAN_POINT('',(0.,75.,80.));
#8191=CARTESIAN_POINT('',(90.,90.,100.));
#8192=CARTESIAN_POINT('Ctrl Pts',(0.,75.,80.));
#8193=CARTESIAN_POINT('Ctrl Pts',(0.,75.0023571737107,80.0007857245702));
#8194=CARTESIAN_POINT('Ctrl Pts',(3.33376074725604E-6,75.0047141348358,
80.0015720728121));
#8195=CARTESIAN_POINT('Ctrl Pts',(0.00100730635446193,75.3596812802894,
80.1201036063438));
#8196=CARTESIAN_POINT('Ctrl Pts',(0.0765588353190575,75.6972491522115,80.2483564736596));
#8197=CARTESIAN_POINT('Ctrl Pts',(0.360738151114634,76.3933478493939,80.5392158643746));
#8198=CARTESIAN_POINT('Ctrl Pts',(0.586823259704055,76.7388671340966,80.7010593010624));
#8199=CARTESIAN_POINT('Ctrl Pts',(1.53854762412707,77.8882018048581,81.2798847234824));
#8200=CARTESIAN_POINT('Ctrl Pts',(2.56135141407978,78.5991083984523,81.7256715975373));
#8201=CARTESIAN_POINT('Ctrl Pts',(6.63918531137786,80.9595302306471,83.3392234418296));
#8202=CARTESIAN_POINT('Ctrl Pts',(11.2229235772615,82.3343524426133,84.7097134774219));
#8203=CARTESIAN_POINT('Ctrl Pts',(25.7848694185012,86.0255946612846,88.7918552543156));
#8204=CARTESIAN_POINT('Ctrl Pts',(41.2982850256257,87.9303853416938,92.390291137273));
#8205=CARTESIAN_POINT('Ctrl Pts',(64.7948940610207,89.4641378975314,96.8541609823915));
#8206=CARTESIAN_POINT('Ctrl Pts',(72.7523393158388,89.7715299680777,98.2250524478301));
#8207=CARTESIAN_POINT('Ctrl Pts',(84.2664919491821,89.9869400914456,99.6963817279475));
#8208=CARTESIAN_POINT('Ctrl Pts',(87.7307136231196,90.,100.));
#8209=CARTESIAN_POINT('Ctrl Pts',(90.,90.,100.));
#8210=CARTESIAN_POINT('',(90.,90.,0.));
#8211=CARTESIAN_POINT('Ctrl Pts',(90.,90.,100.));
#8212=CARTESIAN_POINT('Ctrl Pts',(90.,90.,66.6666666666667));
#8213=CARTESIAN_POINT('Ctrl Pts',(90.,90.,33.3333333333333));
#8214=CARTESIAN_POINT('Ctrl Pts',(90.,90.,0.));
#8215=CARTESIAN_POINT('',(0.,75.,20.));
#8216=CARTESIAN_POINT('Ctrl Pts',(90.,90.,2.25514051876985E-16));
#8217=CARTESIAN_POINT('Ctrl Pts',(87.7307136231181,90.,2.57006726690515E-16));
#8218=CARTESIAN_POINT('Ctrl Pts',(84.2664919491791,89.9869400914455,0.303618272052878));
#8219=CARTESIAN_POINT('Ctrl Pts',(72.7523393158489,89.7715299680778,1.7749475521686));
#8220=CARTESIAN_POINT('Ctrl Pts',(64.7948940610432,89.4641378975323,3.14583901760469));
#8221=CARTESIAN_POINT('Ctrl Pts',(41.2982850256547,87.9303853416968,7.60970886272053));
#8222=CARTESIAN_POINT('Ctrl Pts',(25.7848694185198,86.0255946612881,11.2081447456797));
#8223=CARTESIAN_POINT('Ctrl Pts',(11.2229235772689,82.3343524426156,15.2902865225759));
#8224=CARTESIAN_POINT('Ctrl Pts',(6.63918531138246,80.9595302306491,16.6607765581689));
#8225=CARTESIAN_POINT('Ctrl Pts',(2.56135141408175,78.5991083984536,18.274328402462));
#8226=CARTESIAN_POINT('Ctrl Pts',(1.53854762412816,77.8882018048591,18.720115276517));
#8227=CARTESIAN_POINT('Ctrl Pts',(0.586823259704434,76.7388671340971,19.2989406989372));
#8228=CARTESIAN_POINT('Ctrl Pts',(0.36073815111488,76.3933478493944,19.4607841356252));
#8229=CARTESIAN_POINT('Ctrl Pts',(0.0765588353206726,75.6972491522155,19.7516435263387));
#8230=CARTESIAN_POINT('Ctrl Pts',(0.00100730635447259,75.3596812802932,
19.8798963936549));
#8231=CARTESIAN_POINT('Ctrl Pts',(3.33376074571819E-6,75.0047141348352,
19.9984279271881));
#8232=CARTESIAN_POINT('Ctrl Pts',(0.,75.0023571737112,19.9992142754296));
#8233=CARTESIAN_POINT('Ctrl Pts',(0.,75.,20.));
#8234=CARTESIAN_POINT('Ctrl Pts',(0.,75.,20.));
#8235=CARTESIAN_POINT('Ctrl Pts',(0.,75.,40.));
#8236=CARTESIAN_POINT('Ctrl Pts',(0.,75.,60.));
#8237=CARTESIAN_POINT('Ctrl Pts',(0.,75.,80.));
#8238=CARTESIAN_POINT('Ctrl Pts',(90.,90.,100.));
#8239=CARTESIAN_POINT('Ctrl Pts',(90.,60.,100.));
#8240=CARTESIAN_POINT('Ctrl Pts',(90.,30.,100.));
#8241=CARTESIAN_POINT('Ctrl Pts',(90.,-2.66453525910038E-14,100.));
#8242=CARTESIAN_POINT('Ctrl Pts',(88.4847711831717,90.,100.));
#8243=CARTESIAN_POINT('Ctrl Pts',(88.4847711831717,60.,100.));
#8244=CARTESIAN_POINT('Ctrl Pts',(88.4847711831717,30.,100.));
#8245=CARTESIAN_POINT('Ctrl Pts',(88.4847711831717,-2.66453525910038E-14,
100.));
#8246=CARTESIAN_POINT('Ctrl Pts',(85.0759104745148,90.,99.7988188108637));
#8247=CARTESIAN_POINT('Ctrl Pts',(85.0759104745148,60.0000000000001,99.7988188108637));
#8248=CARTESIAN_POINT('Ctrl Pts',(85.0759104745148,29.9999999999999,99.7988188108637));
#8249=CARTESIAN_POINT('Ctrl Pts',(85.0759104745148,-2.66453525910038E-14,
99.7988188108637));
#8250=CARTESIAN_POINT('Ctrl Pts',(77.1715196471746,90.,98.8020093075363));
#8251=CARTESIAN_POINT('Ctrl Pts',(77.1715196471746,60.,98.8020093075363));
#8252=CARTESIAN_POINT('Ctrl Pts',(77.1715196471746,30.,98.8020093075363));
#8253=CARTESIAN_POINT('Ctrl Pts',(77.1715196471746,-2.66453525910038E-14,
98.8020093075363));
#8254=CARTESIAN_POINT('Ctrl Pts',(69.4380834272013,90.,97.6192200127312));
#8255=CARTESIAN_POINT('Ctrl Pts',(69.4380834272013,60.,97.6192200127312));
#8256=CARTESIAN_POINT('Ctrl Pts',(69.4380834272013,30.,97.6192200127312));
#8257=CARTESIAN_POINT('Ctrl Pts',(69.4380834272013,-2.66453525910038E-14,
97.6192200127312));
#8258=CARTESIAN_POINT('Ctrl Pts',(60.0098718094369,90.0000000000001,95.9689247349653));
#8259=CARTESIAN_POINT('Ctrl Pts',(60.0098718094369,60.,95.9689247349653));
#8260=CARTESIAN_POINT('Ctrl Pts',(60.0098718094369,30.,95.9689247349653));
#8261=CARTESIAN_POINT('Ctrl Pts',(60.0098718094369,-2.66453525910038E-14,
95.9689247349653));
#8262=CARTESIAN_POINT('Ctrl Pts',(45.7590982825382,90.0000000000001,93.2050052946209));
#8263=CARTESIAN_POINT('Ctrl Pts',(45.7590982825382,60.0000000000001,93.2050052946209));
#8264=CARTESIAN_POINT('Ctrl Pts',(45.7590982825382,30.,93.2050052946209));
#8265=CARTESIAN_POINT('Ctrl Pts',(45.7590982825382,-2.66453525910038E-14,
93.2050052946209));
#8266=CARTESIAN_POINT('Ctrl Pts',(30.5757111422474,90.0000000000001,89.8323896983281));
#8267=CARTESIAN_POINT('Ctrl Pts',(30.5757111422474,60.,89.8323896983281));
#8268=CARTESIAN_POINT('Ctrl Pts',(30.5757111422474,30.,89.8323896983281));
#8269=CARTESIAN_POINT('Ctrl Pts',(30.5757111422474,-2.66453525910038E-14,
89.8323896983281));
#8270=CARTESIAN_POINT('Ctrl Pts',(18.1467018634417,90.0000000000001,86.6669973510248));
#8271=CARTESIAN_POINT('Ctrl Pts',(18.1467018634417,60.0000000000001,86.6669973510248));
#8272=CARTESIAN_POINT('Ctrl Pts',(18.1467018634417,29.9999999999999,86.6669973510248));
#8273=CARTESIAN_POINT('Ctrl Pts',(18.1467018634417,-2.66453525910038E-14,
86.6669973510248));
#8274=CARTESIAN_POINT('Ctrl Pts',(8.22786405486434,90.0000000000001,83.8678119746749));
#8275=CARTESIAN_POINT('Ctrl Pts',(8.22786405486434,59.9999999999999,83.8678119746749));
#8276=CARTESIAN_POINT('Ctrl Pts',(8.22786405486434,30.0000000000001,83.8678119746749));
#8277=CARTESIAN_POINT('Ctrl Pts',(8.22786405486434,-2.66453525910038E-14,
83.8678119746749));
#8278=CARTESIAN_POINT('Ctrl Pts',(2.58516538270477,90.0000000000001,81.8438368226872));
#8279=CARTESIAN_POINT('Ctrl Pts',(2.58516538270477,60.0000000000002,81.8438368226872));
#8280=CARTESIAN_POINT('Ctrl Pts',(2.58516538270477,29.9999999999999,81.8438368226872));
#8281=CARTESIAN_POINT('Ctrl Pts',(2.58516538270477,-2.66453525910038E-14,
81.8438368226872));
#8282=CARTESIAN_POINT('Ctrl Pts',(0.309688658503376,90.0000000000001,80.5902268338966));
#8283=CARTESIAN_POINT('Ctrl Pts',(0.309688658503376,59.9999999999999,80.5902268338966));
#8284=CARTESIAN_POINT('Ctrl Pts',(0.309688658503376,30.0000000000001,80.5902268338966));
#8285=CARTESIAN_POINT('Ctrl Pts',(0.309688658503376,-2.66453525910038E-14,
80.5902268338966));
#8286=CARTESIAN_POINT('Ctrl Pts',(0.,90.,80.1683587574254));
#8287=CARTESIAN_POINT('Ctrl Pts',(0.,60.0000000000001,80.1683587574254));
#8288=CARTESIAN_POINT('Ctrl Pts',(0.,29.9999999999999,80.1683587574254));
#8289=CARTESIAN_POINT('Ctrl Pts',(0.,-2.66453525910038E-14,80.1683587574254));
#8290=CARTESIAN_POINT('Ctrl Pts',(0.,90.,80.));
#8291=CARTESIAN_POINT('Ctrl Pts',(0.,60.,80.));
#8292=CARTESIAN_POINT('Ctrl Pts',(0.,30.,80.));
#8293=CARTESIAN_POINT('Ctrl Pts',(0.,-2.66453525910038E-14,80.));
#8294=CARTESIAN_POINT('',(0.,15.,80.));
#8295=CARTESIAN_POINT('Ctrl Pts',(0.,75.,80.));
#8296=CARTESIAN_POINT('Ctrl Pts',(0.,55.,80.));
#8297=CARTESIAN_POINT('Ctrl Pts',(0.,35.,80.));
#8298=CARTESIAN_POINT('Ctrl Pts',(0.,15.,80.));
#8299=CARTESIAN_POINT('',(90.,4.44089209850063E-15,100.));
#8300=CARTESIAN_POINT('Ctrl Pts',(90.,4.44089209850063E-15,100.));
#8301=CARTESIAN_POINT('Ctrl Pts',(87.7307136231201,4.44089209850063E-15,
100.));
#8302=CARTESIAN_POINT('Ctrl Pts',(84.2664919491833,0.0130599085543819,99.6963817279477));
#8303=CARTESIAN_POINT('Ctrl Pts',(72.7523393158621,0.228470031921893,98.2250524478331));
#8304=CARTESIAN_POINT('Ctrl Pts',(64.7948940610723,0.535862102466575,96.8541609824003));
#8305=CARTESIAN_POINT('Ctrl Pts',(41.2982850256901,2.06961465829921,92.3902911372875));
#8306=CARTESIAN_POINT('Ctrl Pts',(25.7848694185429,3.9744053387078,88.7918552543262));
#8307=CARTESIAN_POINT('Ctrl Pts',(11.2229235772795,7.66564755738125,84.7097134774273));
#8308=CARTESIAN_POINT('Ctrl Pts',(6.63918531138868,9.04046976934817,83.3392234418333));
#8309=CARTESIAN_POINT('Ctrl Pts',(2.56135141408415,11.4008916015447,81.7256715975391));
#8310=CARTESIAN_POINT('Ctrl Pts',(1.5385476241296,12.1117981951395,81.2798847234837));
#8311=CARTESIAN_POINT('Ctrl Pts',(0.586823259705026,13.261132865902,80.7010593010631));
#8312=CARTESIAN_POINT('Ctrl Pts',(0.360738151115219,13.6066521506049,80.5392158643751));
#8313=CARTESIAN_POINT('Ctrl Pts',(0.0765588353005296,14.3027508478336,80.2483564736407));
#8314=CARTESIAN_POINT('Ctrl Pts',(0.00100730635433902,14.6403187197542,
80.1201036063282));
#8315=CARTESIAN_POINT('Ctrl Pts',(3.33376064663059E-6,14.9952858651998,
80.0015720728002));
#8316=CARTESIAN_POINT('Ctrl Pts',(-3.02000026780619E-15,14.9976428262569,
80.0007857245821));
#8317=CARTESIAN_POINT('Ctrl Pts',(2.05182721447967E-24,15.0000000000032,
80.));
#8318=CARTESIAN_POINT('Ctrl Pts',(90.,-2.66453525910038E-14,100.));
#8319=CARTESIAN_POINT('Ctrl Pts',(90.,30.,100.));
#8320=CARTESIAN_POINT('Ctrl Pts',(90.,60.,100.));
#8321=CARTESIAN_POINT('Ctrl Pts',(90.,90.,100.));
#8322=CARTESIAN_POINT('Origin',(0.,45.,50.));
#8323=CARTESIAN_POINT('',(0.,15.,20.));
#8324=CARTESIAN_POINT('Ctrl Pts',(0.,15.,20.));
#8325=CARTESIAN_POINT('Ctrl Pts',(0.,35.,20.));
#8326=CARTESIAN_POINT('Ctrl Pts',(0.,55.,20.));
#8327=CARTESIAN_POINT('Ctrl Pts',(0.,75.,20.));
#8328=CARTESIAN_POINT('Ctrl Pts',(0.,15.,80.));
#8329=CARTESIAN_POINT('Ctrl Pts',(0.,15.,60.));
#8330=CARTESIAN_POINT('Ctrl Pts',(0.,15.,40.));
#8331=CARTESIAN_POINT('Ctrl Pts',(0.,15.,20.));
#8332=CARTESIAN_POINT('Ctrl Pts',(90.,0.,100.));
#8333=CARTESIAN_POINT('Ctrl Pts',(90.,0.,66.6666666666667));
#8334=CARTESIAN_POINT('Ctrl Pts',(90.,0.,33.3333333333333));
#8335=CARTESIAN_POINT('Ctrl Pts',(90.,0.,-3.5527136788005E-14));
#8336=CARTESIAN_POINT('Ctrl Pts',(83.9390847326867,0.,100.));
#8337=CARTESIAN_POINT('Ctrl Pts',(83.9390847326867,0.,66.6666666666666));
#8338=CARTESIAN_POINT('Ctrl Pts',(83.9390847326867,0.,33.3333333333333));
#8339=CARTESIAN_POINT('Ctrl Pts',(83.9390847326867,0.,-3.5527136788005E-14));
#8340=CARTESIAN_POINT('Ctrl Pts',(71.3011119754838,0.207440889833345,100.));
#8341=CARTESIAN_POINT('Ctrl Pts',(71.3011119754838,0.207440889833345,66.6666666666667));
#8342=CARTESIAN_POINT('Ctrl Pts',(71.3011119754838,0.207440889833345,33.3333333333333));
#8343=CARTESIAN_POINT('Ctrl Pts',(71.3011119754838,0.207440889833345,-3.5527136788005E-14));
#8344=CARTESIAN_POINT('Ctrl Pts',(48.7138095495886,1.43111772271074,100.));
#8345=CARTESIAN_POINT('Ctrl Pts',(48.7138095495886,1.43111772271074,66.6666666666666));
#8346=CARTESIAN_POINT('Ctrl Pts',(48.7138095495886,1.43111772271074,33.3333333333333));
#8347=CARTESIAN_POINT('Ctrl Pts',(48.7138095495886,1.43111772271074,-3.5527136788005E-14));
#8348=CARTESIAN_POINT('Ctrl Pts',(30.9274826937995,3.47890133471816,100.));
#8349=CARTESIAN_POINT('Ctrl Pts',(30.9274826937995,3.47890133471816,66.6666666666667));
#8350=CARTESIAN_POINT('Ctrl Pts',(30.9274826937995,3.47890133471816,33.3333333333333));
#8351=CARTESIAN_POINT('Ctrl Pts',(30.9274826937995,3.47890133471816,-3.5527136788005E-14));
#8352=CARTESIAN_POINT('Ctrl Pts',(16.7650512298172,6.14256149805788,100.));
#8353=CARTESIAN_POINT('Ctrl Pts',(16.7650512298172,6.14256149805788,66.6666666666666));
#8354=CARTESIAN_POINT('Ctrl Pts',(16.7650512298172,6.14256149805788,33.3333333333334));
#8355=CARTESIAN_POINT('Ctrl Pts',(16.7650512298172,6.14256149805788,-3.5527136788005E-14));
#8356=CARTESIAN_POINT('Ctrl Pts',(7.55614570033197,8.6575204589987,100.));
#8357=CARTESIAN_POINT('Ctrl Pts',(7.55614570033197,8.6575204589987,66.6666666666667));
#8358=CARTESIAN_POINT('Ctrl Pts',(7.55614570033197,8.6575204589987,33.3333333333333));
#8359=CARTESIAN_POINT('Ctrl Pts',(7.55614570033197,8.6575204589987,-3.5527136788005E-14));
#8360=CARTESIAN_POINT('Ctrl Pts',(1.23293180766287,11.8833804684743,100.));
#8361=CARTESIAN_POINT('Ctrl Pts',(1.23293180766287,11.8833804684743,66.6666666666666));
#8362=CARTESIAN_POINT('Ctrl Pts',(1.23293180766287,11.8833804684743,33.3333333333334));
#8363=CARTESIAN_POINT('Ctrl Pts',(1.23293180766287,11.8833804684743,-3.5527136788005E-14));
#8364=CARTESIAN_POINT('Ctrl Pts',(0.,13.9898474554478,100.));
#8365=CARTESIAN_POINT('Ctrl Pts',(0.,13.9898474554478,66.6666666666667));
#8366=CARTESIAN_POINT('Ctrl Pts',(0.,13.9898474554478,33.3333333333333));
#8367=CARTESIAN_POINT('Ctrl Pts',(0.,13.9898474554478,-3.5527136788005E-14));
#8368=CARTESIAN_POINT('Ctrl Pts',(0.,15.,100.));
#8369=CARTESIAN_POINT('Ctrl Pts',(0.,15.,66.6666666666667));
#8370=CARTESIAN_POINT('Ctrl Pts',(0.,15.,33.3333333333333));
#8371=CARTESIAN_POINT('Ctrl Pts',(0.,15.,-3.5527136788005E-14));
#8372=CARTESIAN_POINT('',(90.,-4.44089209850063E-15,0.));
#8373=CARTESIAN_POINT('Ctrl Pts',(0.,15.,20.));
#8374=CARTESIAN_POINT('Ctrl Pts',(0.,14.9976428262888,19.9992142754296));
#8375=CARTESIAN_POINT('Ctrl Pts',(3.33376074586156E-6,14.9952858651647,
19.9984279271881));
#8376=CARTESIAN_POINT('Ctrl Pts',(0.00100730635444778,14.6403187197156,
19.879896393658));
#8377=CARTESIAN_POINT('Ctrl Pts',(0.0765588353169316,14.3027508477936,19.7516435263425));
#8378=CARTESIAN_POINT('Ctrl Pts',(0.360738151114962,13.6066521506054,19.4607841356252));
#8379=CARTESIAN_POINT('Ctrl Pts',(0.5868232597046,13.2611328659026,19.2989406989371));
#8380=CARTESIAN_POINT('Ctrl Pts',(1.53854762412848,12.1117981951406,18.7201152765169));
#8381=CARTESIAN_POINT('Ctrl Pts',(2.56135141408225,11.400891601546,18.2743284024617));
#8382=CARTESIAN_POINT('Ctrl Pts',(6.63918531138388,9.04046976935026,16.6607765581684));
#8383=CARTESIAN_POINT('Ctrl Pts',(11.2229235772716,7.66564755738368,15.2902865225751));
#8384=CARTESIAN_POINT('Ctrl Pts',(25.7848694185241,3.97440533871127,11.2081447456786));
#8385=CARTESIAN_POINT('Ctrl Pts',(41.2982850256611,2.06961465830236,7.60970886271904));
#8386=CARTESIAN_POINT('Ctrl Pts',(64.7948940610484,0.535862102467532,3.14583901760386));
#8387=CARTESIAN_POINT('Ctrl Pts',(72.7523393158514,0.228470031922094,1.77494755216825));
#8388=CARTESIAN_POINT('Ctrl Pts',(84.2664919491854,0.0130599085543421,0.303618272052039));
#8389=CARTESIAN_POINT('Ctrl Pts',(87.7307136231211,-1.02994481472652E-15,
-5.50589077651683E-16));
#8390=CARTESIAN_POINT('Ctrl Pts',(90.,-1.03432887255117E-15,-4.33680868994202E-16));
#8391=CARTESIAN_POINT('Ctrl Pts',(90.,0.,-3.5527136788005E-14));
#8392=CARTESIAN_POINT('Ctrl Pts',(90.,0.,33.3333333333333));
#8393=CARTESIAN_POINT('Ctrl Pts',(90.,0.,66.6666666666667));
#8394=CARTESIAN_POINT('Ctrl Pts',(90.,0.,100.));
#8395=CARTESIAN_POINT('Ctrl Pts',(90.,-8.88178419700125E-15,0.));
#8396=CARTESIAN_POINT('Ctrl Pts',(90.,30.,0.));
#8397=CARTESIAN_POINT('Ctrl Pts',(90.,60.,0.));
#8398=CARTESIAN_POINT('Ctrl Pts',(90.,90.,0.));
#8399=CARTESIAN_POINT('Ctrl Pts',(88.4847711831717,-8.88178419700125E-15,
0.));
#8400=CARTESIAN_POINT('Ctrl Pts',(88.4847711831717,30.,0.));
#8401=CARTESIAN_POINT('Ctrl Pts',(88.4847711831717,60.,0.));
#8402=CARTESIAN_POINT('Ctrl Pts',(88.4847711831717,90.,0.));
#8403=CARTESIAN_POINT('Ctrl Pts',(85.0769567260801,-8.88178419700126E-15,
0.201310779952479));
#8404=CARTESIAN_POINT('Ctrl Pts',(85.0769567260801,30.,0.201310779952479));
#8405=CARTESIAN_POINT('Ctrl Pts',(85.0769567260801,60.0000000000001,0.201310779952479));
#8406=CARTESIAN_POINT('Ctrl Pts',(85.0769567260801,90.0000000000001,0.201310779952479));
#8407=CARTESIAN_POINT('Ctrl Pts',(78.1584190517614,-8.88178419700125E-15,
1.07332970091807));
#8408=CARTESIAN_POINT('Ctrl Pts',(78.1584190517614,30.,1.07332970091807));
#8409=CARTESIAN_POINT('Ctrl Pts',(78.1584190517614,60.0000000000001,1.07332970091807));
#8410=CARTESIAN_POINT('Ctrl Pts',(78.1584190517614,90.0000000000001,1.07332970091807));
#8411=CARTESIAN_POINT('Ctrl Pts',(73.3060276669099,-8.88178419700126E-15,
1.78943915868421));
#8412=CARTESIAN_POINT('Ctrl Pts',(73.3060276669099,30.,1.78943915868421));
#8413=CARTESIAN_POINT('Ctrl Pts',(73.3060276669099,60.,1.78943915868421));
#8414=CARTESIAN_POINT('Ctrl Pts',(73.3060276669099,90.0000000000001,1.78943915868421));
#8415=CARTESIAN_POINT('Ctrl Pts',(67.865346953763,-8.88178419700125E-15,
2.65585721575722));
#8416=CARTESIAN_POINT('Ctrl Pts',(67.865346953763,29.9999999999999,2.65585721575722));
#8417=CARTESIAN_POINT('Ctrl Pts',(67.865346953763,60.0000000000001,2.65585721575722));
#8418=CARTESIAN_POINT('Ctrl Pts',(67.865346953763,90.0000000000001,2.65585721575722));
#8419=CARTESIAN_POINT('Ctrl Pts',(60.0100076612739,-8.88178419700126E-15,
4.0312245933494));
#8420=CARTESIAN_POINT('Ctrl Pts',(60.0100076612739,30.0000000000001,4.0312245933494));
#8421=CARTESIAN_POINT('Ctrl Pts',(60.0100076612739,60.,4.0312245933494));
#8422=CARTESIAN_POINT('Ctrl Pts',(60.0100076612739,90.0000000000001,4.0312245933494));
#8423=CARTESIAN_POINT('Ctrl Pts',(45.7581833003201,-8.88178419700125E-15,
6.79508275694558));
#8424=CARTESIAN_POINT('Ctrl Pts',(45.7581833003201,29.9999999999999,6.79508275694558));
#8425=CARTESIAN_POINT('Ctrl Pts',(45.7581833003201,60.0000000000001,6.79508275694558));
#8426=CARTESIAN_POINT('Ctrl Pts',(45.7581833003201,90.,6.79508275694558));
#8427=CARTESIAN_POINT('Ctrl Pts',(30.575286133925,-8.88178419700126E-15,
10.1678241980345));
#8428=CARTESIAN_POINT('Ctrl Pts',(30.575286133925,30.0000000000001,10.1678241980345));
#8429=CARTESIAN_POINT('Ctrl Pts',(30.575286133925,60.,10.1678241980345));
#8430=CARTESIAN_POINT('Ctrl Pts',(30.575286133925,90.0000000000001,10.1678241980345));
#8431=CARTESIAN_POINT('Ctrl Pts',(18.1459751037322,-8.88178419700125E-15,
13.3332539264725));
#8432=CARTESIAN_POINT('Ctrl Pts',(18.1459751037322,29.9999999999999,13.3332539264725));
#8433=CARTESIAN_POINT('Ctrl Pts',(18.1459751037322,60.0000000000001,13.3332539264725));
#8434=CARTESIAN_POINT('Ctrl Pts',(18.1459751037322,90.,13.3332539264725));
#8435=CARTESIAN_POINT('Ctrl Pts',(8.22709895463977,-8.88178419700126E-15,
16.1324863787159));
#8436=CARTESIAN_POINT('Ctrl Pts',(8.22709895463977,30.0000000000001,16.1324863787159));
#8437=CARTESIAN_POINT('Ctrl Pts',(8.22709895463977,59.9999999999999,16.1324863787159));
#8438=CARTESIAN_POINT('Ctrl Pts',(8.22709895463977,90.0000000000001,16.1324863787159));
#8439=CARTESIAN_POINT('Ctrl Pts',(2.58484682214921,-8.88178419700125E-15,
18.156289836319));
#8440=CARTESIAN_POINT('Ctrl Pts',(2.58484682214921,29.9999999999999,18.156289836319));
#8441=CARTESIAN_POINT('Ctrl Pts',(2.58484682214921,60.0000000000002,18.156289836319));
#8442=CARTESIAN_POINT('Ctrl Pts',(2.58484682214921,90.0000000000001,18.156289836319));
#8443=CARTESIAN_POINT('Ctrl Pts',(0.309618792612261,-8.88178419700125E-15,
19.4098164936669));
#8444=CARTESIAN_POINT('Ctrl Pts',(0.309618792612261,30.0000000000001,19.4098164936669));
#8445=CARTESIAN_POINT('Ctrl Pts',(0.309618792612261,59.9999999999999,19.4098164936669));
#8446=CARTESIAN_POINT('Ctrl Pts',(0.309618792612261,90.,19.4098164936669));
#8447=CARTESIAN_POINT('Ctrl Pts',(0.,-8.88178419700125E-15,19.8316412425746));
#8448=CARTESIAN_POINT('Ctrl Pts',(0.,29.9999999999999,19.8316412425746));
#8449=CARTESIAN_POINT('Ctrl Pts',(0.,60.0000000000001,19.8316412425746));
#8450=CARTESIAN_POINT('Ctrl Pts',(0.,90.,19.8316412425746));
#8451=CARTESIAN_POINT('Ctrl Pts',(0.,-8.88178419700125E-15,20.));
#8452=CARTESIAN_POINT('Ctrl Pts',(0.,30.,20.));
#8453=CARTESIAN_POINT('Ctrl Pts',(0.,60.,20.));
#8454=CARTESIAN_POINT('Ctrl Pts',(0.,90.,20.));
#8455=CARTESIAN_POINT('Ctrl Pts',(90.,90.,0.));
#8456=CARTESIAN_POINT('Ctrl Pts',(90.,60.,0.));
#8457=CARTESIAN_POINT('Ctrl Pts',(90.,30.,0.));
#8458=CARTESIAN_POINT('Ctrl Pts',(90.,-8.88178419700125E-15,0.));
#8459=CARTESIAN_POINT('Origin',(0.,0.,0.));
#8460=CARTESIAN_POINT('',(250.,90.,0.));
#8461=CARTESIAN_POINT('',(0.,90.,0.));
#8462=CARTESIAN_POINT('',(250.,0.,0.));
#8463=CARTESIAN_POINT('',(250.,0.,0.));
#8464=CARTESIAN_POINT('',(0.,0.,0.));
#8465=CARTESIAN_POINT('Origin',(0.,90.,0.));
#8466=CARTESIAN_POINT('',(250.,90.,100.));
#8467=CARTESIAN_POINT('',(0.,90.,100.));
#8468=CARTESIAN_POINT('',(250.,90.,0.));
#8469=CARTESIAN_POINT('Origin',(0.,90.,100.));
#8470=CARTESIAN_POINT('',(250.,0.,100.));
#8471=CARTESIAN_POINT('',(0.,0.,100.));
#8472=CARTESIAN_POINT('',(250.,90.,100.));
#8473=CARTESIAN_POINT('Origin',(0.,0.,100.));
#8474=CARTESIAN_POINT('',(250.,0.,100.));
#8475=CARTESIAN_POINT('Origin',(250.,45.,50.));
#8476=CARTESIAN_POINT('Origin',(259.648976101817,15.1767406251993,79.8285345922601));
#8477=CARTESIAN_POINT('',(264.648214217471,15.2640034176519,79.7412725600744));
#8478=CARTESIAN_POINT('',(259.648976020545,15.176740625199,79.8285299361918));
#8479=CARTESIAN_POINT('',(259.561760431093,15.1752182580493,79.8300522899685));
#8480=CARTESIAN_POINT('',(259.648729908641,74.8232039104615,79.8285342320923));
#8481=CARTESIAN_POINT('',(259.648996922179,10.132357764199,79.8285345922601));
#8482=CARTESIAN_POINT('',(264.647968750921,74.7359418719895,79.7412725600744));
#8483=CARTESIAN_POINT('',(639.565337724872,68.1917348537218,73.1970651753518));
#8484=CARTESIAN_POINT('',(264.647947750349,79.8239863129127,79.7412725600744));
#8485=CARTESIAN_POINT('Origin',(259.735991859556,74.8232039104618,84.8277680518061));
#8486=CARTESIAN_POINT('',(259.736238052732,15.1767406251996,84.8277684119738));
#8487=CARTESIAN_POINT('',(264.735476162098,15.2640034176524,84.7405060196204));
#8488=CARTESIAN_POINT('',(259.64902246328,15.1752182580499,84.8292907657504));
#8489=CARTESIAN_POINT('',(264.735230695549,74.7359418719901,84.7405060196204));
#8490=CARTESIAN_POINT('',(264.7354971625,10.1760001977739,84.7405060196204));
#8491=CARTESIAN_POINT('',(259.735991940828,74.8232039104621,84.8277727078742));
#8492=CARTESIAN_POINT('',(259.6487358494,74.8247269712033,84.8292957686155));
#8493=CARTESIAN_POINT('',(259.736135773361,39.9555895869142,84.8277680518061));
#8494=CARTESIAN_POINT('Origin',(264.691722456426,44.9999929018615,82.2408892898474));
#8495=CARTESIAN_POINT('',(264.691845152401,15.2640034176521,82.2408871481827));
#8496=CARTESIAN_POINT('',(264.691599760618,74.7359418719898,82.2408914315089));
#8497=CARTESIAN_POINT('Origin',(449.607461600139,18.4917458627449,79.0131730568439));
#8498=CARTESIAN_POINT('',(634.741111542046,21.7225325384211,78.2820429827423));
#8499=CARTESIAN_POINT('',(259.64902246328,15.1752182580499,84.8292907657504));
#8500=CARTESIAN_POINT('',(634.653849338088,21.7225325384206,73.282794666175));
#8501=CARTESIAN_POINT('',(634.697480369151,21.7225325384209,75.7824147616675));
#8502=CARTESIAN_POINT('',(259.561760431093,15.1752182580493,79.8300522899685));
#8503=CARTESIAN_POINT('Origin',(259.73625868676,10.175979563743,84.8277680518061));
#8504=CARTESIAN_POINT('',(259.73625868676,10.175979563743,84.8277680518061));
#8505=CARTESIAN_POINT('',(259.736269183763,7.63197795380648,84.8277678685805));
#8506=CARTESIAN_POINT('',(639.740398992665,16.8090347731337,78.194771109775));
#8507=CARTESIAN_POINT('',(452.194354531683,13.535377632948,81.4683994928718));
#8508=CARTESIAN_POINT('',(639.653162769184,21.8082734674405,78.1962938237193));
#8509=CARTESIAN_POINT('',(639.740398992665,16.8090347731337,78.194771109775));
#8510=CARTESIAN_POINT('',(259.64902246328,15.1752182580499,84.8292907657504));
#8511=CARTESIAN_POINT('Origin',(259.998065777325,5.08797634387174,99.8254831127002));
#8512=CARTESIAN_POINT('',(259.735971306796,79.8239656788823,84.827773068042));
#8513=CARTESIAN_POINT('',(259.736139181469,39.1386907321032,84.8277701377835));
#8514=CARTESIAN_POINT('',(259.997757403356,79.8239656788841,99.8254884953879));
#8515=CARTESIAN_POINT('',(259.997757403356,79.8239656788841,99.8254884953838));
#8516=CARTESIAN_POINT('',(259.99804478332,10.1759795637448,99.825483479152));
#8517=CARTESIAN_POINT('',(259.998076274187,2.54400880516159,99.8254829294768));
#8518=CARTESIAN_POINT('',(259.99804478332,10.1759795637448,99.8254834791514));
#8519=CARTESIAN_POINT('Origin',(634.697247611935,44.9999541633031,75.7824188244587));
#8520=CARTESIAN_POINT('',(634.740645884806,68.2774733277483,78.2820429827423));
#8521=CARTESIAN_POINT('',(634.740596738923,73.1909235574372,78.2820429827423));
#8522=CARTESIAN_POINT('',(634.653383680848,68.2774733277477,73.282794666175));
#8523=CARTESIAN_POINT('',(634.697014853744,68.277473327748,75.7824228872674));
#8524=CARTESIAN_POINT('',(634.653898484947,16.8089847691689,73.282794666175));
#8525=CARTESIAN_POINT('Origin',(639.740399164428,16.8090356459572,78.1947809505602));
#8526=CARTESIAN_POINT('',(639.739835214455,73.1909735614014,78.1947809505603));
#8527=CARTESIAN_POINT('',(639.740092616513,47.4567284092905,78.1947809505602));
#8528=CARTESIAN_POINT('',(639.652599757058,68.1917348537224,78.1963036511337));
#8529=CARTESIAN_POINT('',(639.739835214455,73.1909735614014,78.1947809505603));
#8530=CARTESIAN_POINT('',(259.6487358494,74.8247269712033,84.8292957686155));
#8531=CARTESIAN_POINT('Origin',(639.652573010506,73.1909726885772,73.195532633993));
#8532=CARTESIAN_POINT('',(639.565900736998,21.8082734674399,73.1970553479374));
#8533=CARTESIAN_POINT('',(259.561760431093,15.1752182580493,79.8300522899685));
#8534=CARTESIAN_POINT('',(639.565337724872,68.1917348537218,73.1970651753518));
#8535=CARTESIAN_POINT('',(639.565337724872,68.1917348537218,73.1970651753518));
#8536=CARTESIAN_POINT('',(639.652573182268,73.1909735614008,73.1955424747783));
#8537=CARTESIAN_POINT('',(639.652573182268,73.1909735614008,73.1955424747783));
#8538=CARTESIAN_POINT('',(639.653136960479,16.8090347731331,73.195532633993));
#8539=CARTESIAN_POINT('',(639.652548437577,75.6476964941884,73.195532633993));
#8540=CARTESIAN_POINT('',(639.653136960479,16.8090347731331,73.195532633993));
#8541=CARTESIAN_POINT('Origin',(639.653136960479,16.8090347731331,73.195532633993));
#8542=CARTESIAN_POINT('',(259.648996654574,10.1759795637424,79.8285295760241));
#8543=CARTESIAN_POINT('',(642.109162652449,16.8519052376428,73.1526625460743));
#8544=CARTESIAN_POINT('',(259.64899347023,10.9477213372853,79.8285296316069));
#8545=CARTESIAN_POINT('Origin',(259.64870927461,79.8239656788817,79.8285345922601));
#8546=CARTESIAN_POINT('',(259.64870927461,79.8239656788817,79.8285345922601));
#8547=CARTESIAN_POINT('',(259.648863461595,42.4559710113756,79.8285319009206));
#8548=CARTESIAN_POINT('',(257.105461810954,79.8683582284884,79.8729271418667));
#8549=CARTESIAN_POINT('',(639.565337724872,68.1917348537218,73.1970651753518));
#8550=CARTESIAN_POINT('Origin',(640.0015721801,78.1044237910913,93.1924972354894));
#8551=CARTESIAN_POINT('',(640.002185089224,16.8090347731354,93.1924865371208));
#8552=CARTESIAN_POINT('',(640.002185089224,16.8090347731354,93.1924865371242));
#8553=CARTESIAN_POINT('',(640.001621311014,73.1909735614032,93.1924963779061));
#8554=CARTESIAN_POINT('',(640.001962654195,39.0541623589796,93.1924904197387));
#8555=CARTESIAN_POINT('',(640.001621311014,73.1909735614032,93.1924963779075));
#8556=CARTESIAN_POINT('Origin',(640.0015721801,78.1044237910913,93.1924972354894));
#8557=CARTESIAN_POINT('',(638.63928646452,73.1909735613941,15.1443852939982));
#8558=CARTESIAN_POINT('',(640.001621311014,73.1909735614032,93.1924963779075));
#8559=CARTESIAN_POINT('',(638.63985024273,16.8090347731262,15.1443754532129));
#8560=CARTESIAN_POINT('',(638.639402834272,61.5531484240745,15.1443832627513));
#8561=CARTESIAN_POINT('',(640.002185089224,16.8090347731354,93.1924865371242));
#8562=CARTESIAN_POINT('Origin',(449.607036787136,71.5082309124626,79.0131804719836));
#8563=CARTESIAN_POINT('',(259.6487358494,74.8247269712033,84.8292957686155));
#8564=CARTESIAN_POINT('Origin',(639.739835214455,73.1909735614014,78.1947809505603));
#8565=CARTESIAN_POINT('',(447.19465579697,76.5518621697485,81.5556695589078));
#8566=CARTESIAN_POINT('Origin',(254.911262476044,79.9127507780974,99.9142735946018));
#8567=CARTESIAN_POINT('',(258.635422556861,79.823965678875,21.77737741148));
#8568=CARTESIAN_POINT('',(259.997757403356,79.8239656788841,99.8254884953838));
#8569=CARTESIAN_POINT('',(351.368104246089,78.205310699022,20.1587224316202));
#8570=CARTESIAN_POINT('Origin',(644.914236473165,16.8947757021548,93.1067463612828));
#8571=CARTESIAN_POINT('',(447.369882548069,13.4465958880278,96.5548958852482));
#8572=CARTESIAN_POINT('Origin',(259.998065777325,5.08797634387174,99.8254831127002));
#8573=CARTESIAN_POINT('',(258.635709936825,10.1759795637355,21.7773723952441));
#8574=CARTESIAN_POINT('',(259.99804478332,10.1759795637448,99.8254834791514));
#8575=CARTESIAN_POINT('',(258.635648590455,25.0435823602222,21.7773734660489));
#8576=CARTESIAN_POINT('Origin',(448.637650468549,44.9999725977993,18.4608761867726));
#8577=CARTESIAN_POINT('',(546.369593446516,15.1984373016848,16.7549587765346));
#8578=CARTESIAN_POINT('Origin',(254.911262476044,79.9127507780974,99.9142735946018));
#8579=CARTESIAN_POINT('',(253.153395356166,79.9434344628101,99.9449572793144));
#8580=CARTESIAN_POINT('Origin',(644.914236473165,16.8947757021548,93.1067463612828));
#8581=CARTESIAN_POINT('Origin',(506.143292592464,-602.650173441079,129.811648348255));
#8582=CARTESIAN_POINT('',(503.888943319504,4.43164799019847,86.7961017290337));
#8583=CARTESIAN_POINT('',(503.363626593617,4.42247855264021,76.7724614780206));
#8584=CARTESIAN_POINT('',(502.385627546399,4.40540751577142,58.1111279775964));
#8585=CARTESIAN_POINT('',(504.579198071509,-146.318400046057,99.9669470013957));
#8586=CARTESIAN_POINT('',(501.103427167772,612.781959899853,33.645287291958));
#8587=CARTESIAN_POINT('',(504.057830050222,-147.189957473534,90.0186525225925));
#8588=CARTESIAN_POINT('',(504.318514060865,-146.754178759795,94.9927997619939));
#8589=CARTESIAN_POINT('',(500.582059146484,611.910402472377,23.6969928131547));
#8590=CARTESIAN_POINT('Origin',(377.058092976931,5.50167194312524,93.3492815023621));
#8591=CARTESIAN_POINT('',(263.434280260628,0.234496234213129,99.7655037657869));
#8592=CARTESIAN_POINT('',(316.266733891707,1.15669014266067,96.915879961395));
#8593=CARTESIAN_POINT('',(250.2321420631,5.50167194312524,99.995947945216));
#8594=CARTESIAN_POINT('',(305.819593997896,-16.6757111572942,99.0256653625));
#8595=CARTESIAN_POINT('',(253.01275878609,-601.778616013603,153.053275712766));
#8596=CARTESIAN_POINT('',(253.01275878609,-601.778616013603,153.053275712766));
#8597=CARTESIAN_POINT('',(506.664660613752,-601.778616013603,139.759942827058));
#8598=CARTESIAN_POINT('',(506.664660613752,-601.778616013603,139.759942827058));
#8599=CARTESIAN_POINT('',(455.782876393997,-601.761817115541,142.42507241388));
#8600=CARTESIAN_POINT('',(443.150856859363,-601.757646585522,143.086723130719));
#8601=CARTESIAN_POINT('',(453.848747868428,-146.301626167094,102.624147700364));
#8602=CARTESIAN_POINT('',(454.493546433281,-298.142661335706,115.892955225745));
#8603=CARTESIAN_POINT('',(415.77568612061,-146.289037417596,104.61836943274));
#8604=CARTESIAN_POINT('Origin',(376.797408966287,5.06589322938695,88.3751342629604));
#8605=CARTESIAN_POINT('',(250.,4.63011451564865,90.032495776233));
#8606=CARTESIAN_POINT('',(250.,5.11360606439175,95.5664135082332));
#8607=CARTESIAN_POINT('',(250.,2.97727644275664,71.1145437593282));
#8608=CARTESIAN_POINT('',(249.710774041812,4.63011451564866,90.0476534664126));
#8609=CARTESIAN_POINT('',(376.536724955643,4.63011451564865,83.4009870235588));
#8610=CARTESIAN_POINT('',(249.841116047134,4.84800387251773,92.5347270861135));
#8611=CARTESIAN_POINT('Origin',(506.664660613752,-601.778616013603,139.759942827059));
#8612=CARTESIAN_POINT('',(455.261508372709,-602.633374543017,132.476777935076));
#8613=CARTESIAN_POINT('',(506.143292592464,-602.650173441079,129.811648348255));
#8614=CARTESIAN_POINT('',(442.629488838076,-602.629204012999,133.138428651915));
#8615=CARTESIAN_POINT('',(455.782876393997,-601.761817115541,142.42507241388));
#8616=CARTESIAN_POINT('',(506.143292592464,-602.650173441079,129.811648348255));
#8617=CARTESIAN_POINT('Origin',(453.848747868428,-146.301626167094,102.624147700364));
#8618=CARTESIAN_POINT('',(453.32737984714,-147.17318359457,92.6758532215612));
#8619=CARTESIAN_POINT('',(415.254318099322,-147.160594845072,94.6700749539368));
#8620=CARTESIAN_POINT('',(453.848747868428,-146.301626167094,102.624147700364));
#8621=CARTESIAN_POINT('Origin',(455.782876393997,-601.761817115541,142.42507241388));
#8622=CARTESIAN_POINT('',(453.972178411994,-299.014218763182,105.944660746942));
#8623=CARTESIAN_POINT('Origin',(376.536724955643,4.63011451564865,83.4009870235588));
#8624=CARTESIAN_POINT('',(250.,0.,90.4381342205693));
#8625=CARTESIAN_POINT('',(315.726297500271,1.14725679035857,86.8930552197119));
#8626=CARTESIAN_POINT('',(252.491390764802,-602.650173441079,143.104981233963));
#8627=CARTESIAN_POINT('',(506.143292592464,-602.650173441079,129.811648348255));
#8628=CARTESIAN_POINT('',(252.491390764802,-602.650173441079,143.104981233963));
#8629=CARTESIAN_POINT('',(250.,26.6898296091475,88.0998721914848));
#8630=CARTESIAN_POINT('Origin',(246.930157318822,611.910402472377,36.9903256988624));
#8631=CARTESIAN_POINT('',(250.,0.,95.5664135082334));
#8632=CARTESIAN_POINT('',(250.,328.455201236188,95.5664135082335));
#8633=CARTESIAN_POINT('',(252.491390764802,-602.650173441079,143.104981233963));
#8634=CARTESIAN_POINT('',(250.2321420631,0.00405205478398136,99.995947945216));
#8635=CARTESIAN_POINT('',(250.2321420631,305.955201236188,99.995947945216));
#8636=CARTESIAN_POINT('',(245.982357247237,-0.0701282151079496,18.9052229803068));
#8637=CARTESIAN_POINT('Origin',(252.491390764802,-602.650173441079,143.104981233963));
#8638=CARTESIAN_POINT('Origin',(250.,45.,50.));
#8639=CARTESIAN_POINT('',(250.,0.,100.));
#8640=CARTESIAN_POINT('',(250.,0.,100.));
#8641=CARTESIAN_POINT('',(250.,90.,100.));
#8642=CARTESIAN_POINT('',(250.,90.,100.));
#8643=CARTESIAN_POINT('',(250.,90.,95.5664135082313));
#8644=CARTESIAN_POINT('',(250.,90.,0.));
#8645=CARTESIAN_POINT('',(250.,84.6591818068248,95.5664135082312));
#8646=CARTESIAN_POINT('',(250.,368.711480656148,95.5664135082315));
#8647=CARTESIAN_POINT('',(250.,85.1426733555678,90.032495776233));
#8648=CARTESIAN_POINT('',(250.,86.7963720483527,71.1046933292687));
#8649=CARTESIAN_POINT('',(250.,90.,90.4580399862134));
#8650=CARTESIAN_POINT('',(250.,63.1956990086191,88.1097492649112));
#8651=CARTESIAN_POINT('',(250.,90.,0.));
#8652=CARTESIAN_POINT('',(250.,90.,0.));
#8653=CARTESIAN_POINT('',(250.,0.,0.));
#8654=CARTESIAN_POINT('',(250.,0.,0.));
#8655=CARTESIAN_POINT('',(250.,0.,100.));
#8656=CARTESIAN_POINT('Origin',(250.,0.,0.));
#8657=CARTESIAN_POINT('',(250.872221750601,0.0152246872885372,99.9847753127115));
#8658=CARTESIAN_POINT('Origin',(500.582059146484,-522.13761460116,23.6969928131547));
#8659=CARTESIAN_POINT('',(503.364666870021,85.5775032892675,76.7923111342812));
#8660=CARTESIAN_POINT('',(503.889983595909,85.5683338517093,86.8159513852944));
#8661=CARTESIAN_POINT('',(502.247262226738,85.5970076598672,55.4709604002973));
#8662=CARTESIAN_POINT('',(504.057830050222,236.96274534475,90.0186525225925));
#8663=CARTESIAN_POINT('',(506.143292592464,692.422961312296,129.811648348255));
#8664=CARTESIAN_POINT('',(504.579198071509,236.091187917274,99.9669470013957));
#8665=CARTESIAN_POINT('',(504.318514060866,236.526966631012,94.9927997619938));
#8666=CARTESIAN_POINT('',(506.664660613752,691.551403884819,139.759942827059));
#8667=CARTESIAN_POINT('Origin',(376.536724955643,85.1426733555678,83.4009870235588));
#8668=CARTESIAN_POINT('',(313.041134181895,88.8996129097065,87.0577906267003));
#8669=CARTESIAN_POINT('',(249.710774041812,85.1426733555678,90.0476534664126));
#8670=CARTESIAN_POINT('',(376.536724955643,85.1426733555678,83.4009870235588));
#8671=CARTESIAN_POINT('',(252.491390764802,692.422961312296,143.104981233963));
#8672=CARTESIAN_POINT('',(246.930157318823,-522.13761460116,36.9903256988624));
#8673=CARTESIAN_POINT('',(455.412912226931,692.422961312296,132.470314925397));
#8674=CARTESIAN_POINT('',(252.491390764802,692.422961312296,143.104981233963));
#8675=CARTESIAN_POINT('',(453.327449684689,236.96274534475,92.677319099734));
#8676=CARTESIAN_POINT('',(452.979872594315,161.052709350159,86.0451531287903));
#8677=CARTESIAN_POINT('',(440.644854593306,236.96274534475,93.3419857440194));
#8678=CARTESIAN_POINT('Origin',(376.797408966287,84.7068946418296,88.3751342629604));
#8679=CARTESIAN_POINT('',(249.841116047134,84.9247839986986,92.5347270861135));
#8680=CARTESIAN_POINT('Origin',(377.058092976931,84.2711159280913,93.3492815023621));
#8681=CARTESIAN_POINT('',(263.97991382302,89.7559796965283,99.7559796965283));
#8682=CARTESIAN_POINT('',(313.581570573331,88.8901795574045,97.0806153683834));
#8683=CARTESIAN_POINT('',(453.848817705977,236.091187917274,102.625613578537));
#8684=CARTESIAN_POINT('',(441.166222614594,236.091187917274,103.290280222823));
#8685=CARTESIAN_POINT('',(455.934280248219,691.55140388482,142.4186094042));
#8686=CARTESIAN_POINT('',(453.501240615603,160.181151922682,95.9934476075936));
#8687=CARTESIAN_POINT('',(253.01275878609,691.551403884819,153.053275712766));
#8688=CARTESIAN_POINT('',(253.01275878609,691.551403884819,153.053275712766));
#8689=CARTESIAN_POINT('',(250.2321420631,84.2711159280913,99.995947945216));
#8690=CARTESIAN_POINT('',(247.45152534011,-523.009172028637,46.9386201776658));
#8691=CARTESIAN_POINT('',(290.374655730573,100.286527198635,99.2952577627684));
#8692=CARTESIAN_POINT('Origin',(504.579198071509,236.091187917274,99.9669470013957));
#8693=CARTESIAN_POINT('',(453.848817705977,236.091187917274,102.625613578537));
#8694=CARTESIAN_POINT('Origin',(453.848817705977,236.091187917274,102.625613578537));
#8695=CARTESIAN_POINT('',(455.673596237575,691.987182598558,137.444462164798));
#8696=CARTESIAN_POINT('Origin',(252.491390764802,692.422961312296,143.104981233963));
#8697=CARTESIAN_POINT('',(250.2321420631,89.995947945216,99.995947945216));
#8698=CARTESIAN_POINT('',(250.2321420631,346.211480656148,99.995947945216));
#8699=CARTESIAN_POINT('',(252.491390764802,692.422961312296,143.104981233963));
#8700=CARTESIAN_POINT('',(251.347152231744,89.9764853703267,121.271609381318));
#8701=CARTESIAN_POINT('Origin',(506.143292592464,692.422961312296,129.811648348255));
#8702=CARTESIAN_POINT('Origin',(250.,0.,100.));
#8703=CARTESIAN_POINT('',(650.,6.98202597128703,93.017974028713));
#8704=CARTESIAN_POINT('',(250.872221750601,0.0152246872885372,99.9847753127115));
#8705=CARTESIAN_POINT('',(650.,83.017974028713,93.017974028713));
#8706=CARTESIAN_POINT('',(650.,90.,93.017974028713));
#8707=CARTESIAN_POINT('',(250.784999575541,89.9862977814403,99.9862977814403));
#8708=CARTESIAN_POINT('',(250.784999575541,89.9862977814403,99.9862977814403));
#8709=CARTESIAN_POINT('Origin',(250.,90.,100.));
#8710=CARTESIAN_POINT('Origin',(250.,90.,100.));
#8711=CARTESIAN_POINT('',(650.,83.017974028713,6.98202597128703));
#8712=CARTESIAN_POINT('',(650.,83.017974028713,0.));
#8713=CARTESIAN_POINT('',(250.872221750601,89.9847753127115,0.0152246872885382));
#8714=CARTESIAN_POINT('Origin',(250.,90.,0.));
#8715=CARTESIAN_POINT('',(650.,6.98202597128702,6.98202597128703));
#8716=CARTESIAN_POINT('',(650.,0.,6.98202597128703));
#8717=CARTESIAN_POINT('',(250.784999575541,0.0137022185596737,0.0137022185596838));
#8718=CARTESIAN_POINT('Origin',(250.,0.,0.));
#8719=CARTESIAN_POINT('',(650.,6.98202597128703,100.));
#8720=CARTESIAN_POINT('Origin',(650.,45.,50.));
#8721=CARTESIAN_POINT('Ctrl Pts',(869.0154203761,77.2828534083019,12.7171465916981));
#8722=CARTESIAN_POINT('Ctrl Pts',(869.0154203761,55.7609511361006,12.7171465916981));
#8723=CARTESIAN_POINT('Ctrl Pts',(869.0154203761,34.2390488638994,12.7171465916981));
#8724=CARTESIAN_POINT('Ctrl Pts',(869.0154203761,12.7171465916981,12.7171465916981));
#8725=CARTESIAN_POINT('Ctrl Pts',(872.084233881694,77.2828534083019,12.7975063014661));
#8726=CARTESIAN_POINT('Ctrl Pts',(872.084233881694,55.7609511361006,12.7975063014661));
#8727=CARTESIAN_POINT('Ctrl Pts',(872.084233881694,34.2390488638994,12.7975063014661));
#8728=CARTESIAN_POINT('Ctrl Pts',(872.084233881694,12.7171465916981,12.7975063014661));
#8729=CARTESIAN_POINT('Ctrl Pts',(878.461492171624,77.2828534083019,13.5809095474297));
#8730=CARTESIAN_POINT('Ctrl Pts',(878.461492171624,55.7609511361007,13.5809095474297));
#8731=CARTESIAN_POINT('Ctrl Pts',(878.461492171624,34.2390488638993,13.5809095474297));
#8732=CARTESIAN_POINT('Ctrl Pts',(878.461492171624,12.7171465916981,13.5809095474297));
#8733=CARTESIAN_POINT('Ctrl Pts',(888.152733725469,77.2828534083019,16.980915492723));
#8734=CARTESIAN_POINT('Ctrl Pts',(888.152733725469,55.7609511361006,16.980915492723));
#8735=CARTESIAN_POINT('Ctrl Pts',(888.152733725469,34.2390488638994,16.980915492723));
#8736=CARTESIAN_POINT('Ctrl Pts',(888.152733725469,12.7171465916981,16.980915492723));
#8737=CARTESIAN_POINT('Ctrl Pts',(897.184672533386,77.2828534083019,22.7074869269386));
#8738=CARTESIAN_POINT('Ctrl Pts',(897.184672533386,55.7609511361007,22.7074869269386));
#8739=CARTESIAN_POINT('Ctrl Pts',(897.184672533386,34.2390488638993,22.7074869269386));
#8740=CARTESIAN_POINT('Ctrl Pts',(897.184672533386,12.7171465916981,22.7074869269386));
#8741=CARTESIAN_POINT('Ctrl Pts',(904.752229747232,77.2828534083019,30.4722391894552));
#8742=CARTESIAN_POINT('Ctrl Pts',(904.752229747232,55.7609511361006,30.4722391894552));
#8743=CARTESIAN_POINT('Ctrl Pts',(904.752229747232,34.2390488638994,30.4722391894552));
#8744=CARTESIAN_POINT('Ctrl Pts',(904.752229747232,12.7171465916981,30.4722391894552));
#8745=CARTESIAN_POINT('Ctrl Pts',(910.235877935317,77.2828534083019,39.6523564109271));
#8746=CARTESIAN_POINT('Ctrl Pts',(910.235877935317,55.7609511361007,39.6523564109271));
#8747=CARTESIAN_POINT('Ctrl Pts',(910.235877935317,34.2390488638993,39.6523564109271));
#8748=CARTESIAN_POINT('Ctrl Pts',(910.235877935317,12.7171465916981,39.6523564109271));
#8749=CARTESIAN_POINT('Ctrl Pts',(913.385069836597,77.2828534083019,49.4296014901122));
#8750=CARTESIAN_POINT('Ctrl Pts',(913.385069836597,55.7609511361006,49.4296014901122));
#8751=CARTESIAN_POINT('Ctrl Pts',(913.385069836597,34.2390488638994,49.4296014901122));
#8752=CARTESIAN_POINT('Ctrl Pts',(913.385069836597,12.7171465916981,49.4296014901122));
#8753=CARTESIAN_POINT('Ctrl Pts',(914.,77.2828534083019,55.8252437937324));
#8754=CARTESIAN_POINT('Ctrl Pts',(914.,55.7609511361007,55.8252437937324));
#8755=CARTESIAN_POINT('Ctrl Pts',(914.,34.2390488638994,55.8252437937324));
#8756=CARTESIAN_POINT('Ctrl Pts',(914.,12.7171465916981,55.8252437937324));
#8757=CARTESIAN_POINT('Ctrl Pts',(914.,77.2828534083019,58.8951092655524));
#8758=CARTESIAN_POINT('Ctrl Pts',(914.,55.7609511361006,58.8951092655524));
#8759=CARTESIAN_POINT('Ctrl Pts',(914.,34.2390488638994,58.8951092655524));
#8760=CARTESIAN_POINT('Ctrl Pts',(914.,12.7171465916981,58.8951092655524));
#8761=CARTESIAN_POINT('',(914.,13.8951092655524,58.8951092655524));
#8762=CARTESIAN_POINT('',(869.0154203761,12.7171465916981,12.7171465916981));
#8763=CARTESIAN_POINT('Ctrl Pts',(914.,13.8951092655524,58.8951092655524));
#8764=CARTESIAN_POINT('Ctrl Pts',(914.,13.8951092655524,52.7963771316731));
#8765=CARTESIAN_POINT('Ctrl Pts',(912.792226373192,13.8634826000875,46.7577498379728));
#8766=CARTESIAN_POINT('Ctrl Pts',(908.07588420645,13.7399808340157,35.4384166323885));
#8767=CARTESIAN_POINT('Ctrl Pts',(904.590120834651,13.648702907753,30.2804621023083));
#8768=CARTESIAN_POINT('Ctrl Pts',(895.968549175403,13.4229391084808,21.8020326564897));
#8769=CARTESIAN_POINT('Ctrl Pts',(890.98078903977,13.2923300127632,18.4977749520006));
#8770=CARTESIAN_POINT('Ctrl Pts',(880.270461379691,13.0118702126761,14.0550864524871));
#8771=CARTESIAN_POINT('Ctrl Pts',(874.680552940602,12.8654933087112,12.8654933087112));
#8772=CARTESIAN_POINT('Ctrl Pts',(869.0154203761,12.7171465916981,12.7171465916981));
#8773=CARTESIAN_POINT('',(869.0154203761,77.2828534083019,12.7171465916981));
#8774=CARTESIAN_POINT('Ctrl Pts',(869.0154203761,12.7171465916981,12.7171465916981));
#8775=CARTESIAN_POINT('Ctrl Pts',(869.0154203761,34.2390488638994,12.7171465916981));
#8776=CARTESIAN_POINT('Ctrl Pts',(869.0154203761,55.7609511361006,12.7171465916981));
#8777=CARTESIAN_POINT('Ctrl Pts',(869.0154203761,77.2828534083019,12.7171465916981));
#8778=CARTESIAN_POINT('',(914.,76.1048907344476,58.8951092655524));
#8779=CARTESIAN_POINT('Ctrl Pts',(869.0154203761,77.2828534083019,12.7171465916981));
#8780=CARTESIAN_POINT('Ctrl Pts',(875.115392324562,77.1231200212852,12.8768799787148));
#8781=CARTESIAN_POINT('Ctrl Pts',(881.12385973575,76.9657827649049,14.2437283429129));
#8782=CARTESIAN_POINT('Ctrl Pts',(892.320221362276,76.6725957174924,19.2598666821368));
#8783=CARTESIAN_POINT('Ctrl Pts',(897.386536953663,76.5399295747716,22.8825752204548));
#8784=CARTESIAN_POINT('Ctrl Pts',(905.634432307706,76.3239508339198,31.7284536826135));
#8785=CARTESIAN_POINT('Ctrl Pts',(908.804955022859,76.2409277747674,36.8018467224075));
#8786=CARTESIAN_POINT('Ctrl Pts',(912.959304583153,76.1321423030106,47.6207689523131));
#8787=CARTESIAN_POINT('Ctrl Pts',(914.,76.1048907344476,53.2339097687881));
#8788=CARTESIAN_POINT('Ctrl Pts',(914.,76.1048907344476,58.8951092655524));
#8789=CARTESIAN_POINT('Ctrl Pts',(914.,76.1048907344476,58.8951092655524));
#8790=CARTESIAN_POINT('Ctrl Pts',(914.,55.3682969114826,58.8951092655524));
#8791=CARTESIAN_POINT('Ctrl Pts',(914.,34.6317030885175,58.8951092655524));
#8792=CARTESIAN_POINT('Ctrl Pts',(914.,13.8951092655524,58.8951092655524));
#8793=CARTESIAN_POINT('Origin',(914.,45.,50.));
#8794=CARTESIAN_POINT('',(914.,76.1048907344476,86.1048907344476));
#8795=CARTESIAN_POINT('',(914.,76.1048907344476,0.));
#8796=CARTESIAN_POINT('',(914.,13.8951092655524,86.1048907344476));
#8797=CARTESIAN_POINT('',(914.,90.,86.1048907344476));
#8798=CARTESIAN_POINT('',(914.,13.8951092655524,100.));
#8799=CARTESIAN_POINT('Origin',(650.,83.017974028713,93.017974028713));
#8800=CARTESIAN_POINT('',(650.,83.017974028713,6.98202597128703));
#8801=CARTESIAN_POINT('',(651.124922569571,82.9885168945348,7.01148310546523));
#8802=CARTESIAN_POINT('',(650.,83.017974028713,93.017974028713));
#8803=CARTESIAN_POINT('',(650.,83.017974028713,0.));
#8804=CARTESIAN_POINT('',(650.994172273332,82.9919407115372,92.9919407115372));
#8805=CARTESIAN_POINT('Origin',(650.,83.017974028713,6.98202597128703));
#8806=CARTESIAN_POINT('',(650.,6.98202597128702,6.98202597128703));
#8807=CARTESIAN_POINT('',(650.994172273332,7.00805928846275,7.00805928846276));
#8808=CARTESIAN_POINT('',(650.,0.,6.98202597128703));
#8809=CARTESIAN_POINT('Origin',(650.,6.98202597128702,6.98202597128703));
#8810=CARTESIAN_POINT('',(650.,6.98202597128703,93.017974028713));
#8811=CARTESIAN_POINT('',(651.124922569571,7.01148310546521,92.9885168945348));
#8812=CARTESIAN_POINT('',(650.,6.98202597128703,100.));
#8813=CARTESIAN_POINT('Origin',(650.,6.98202597128703,93.017974028713));
#8814=CARTESIAN_POINT('',(650.,90.,93.017974028713));
#8815=CARTESIAN_POINT('Origin',(650.,45.,50.));
#8816=CARTESIAN_POINT('Origin',(504.579198071509,-146.318400046057,99.9669470013957));
#8817=CARTESIAN_POINT('',(506.664660613752,-601.778616013603,139.759942827059));
#8818=CARTESIAN_POINT('',(504.579198071509,-146.318400046057,99.9669470013957));
#8819=CARTESIAN_POINT('',(506.664660613752,-601.778616013603,139.759942827059));
#8820=CARTESIAN_POINT('',(506.143292592464,-602.65017344108,129.811648348255));
#8821=CARTESIAN_POINT('',(506.664660613752,-601.778616013603,139.759942827059));
#8822=CARTESIAN_POINT('',(504.057830050222,-147.189957473534,90.0186525225924));
#8823=CARTESIAN_POINT('',(506.143292592464,-602.65017344108,129.811648348255));
#8824=CARTESIAN_POINT('',(504.579198071509,-146.318400046057,99.9669470013957));
#8825=CARTESIAN_POINT('Origin',(453.848747868428,-146.301626167094,102.624147700364));
#8826=CARTESIAN_POINT('',(453.848747868428,-146.301626167094,102.624147700364));
#8827=CARTESIAN_POINT('',(504.579198071509,-146.318400046057,99.9669470013957));
#8828=CARTESIAN_POINT('',(453.32737984714,-147.17318359457,92.6758532215612));
#8829=CARTESIAN_POINT('',(504.057830050222,-147.189957473534,90.0186525225924));
#8830=CARTESIAN_POINT('',(453.848747868428,-146.301626167094,102.624147700364));
#8831=CARTESIAN_POINT('Origin',(455.782876393997,-601.761817115541,142.42507241388));
#8832=CARTESIAN_POINT('',(455.782876393997,-601.761817115541,142.42507241388));
#8833=CARTESIAN_POINT('',(453.848747868428,-146.301626167094,102.624147700364));
#8834=CARTESIAN_POINT('',(455.261508372709,-602.633374543017,132.476777935076));
#8835=CARTESIAN_POINT('',(453.32737984714,-147.17318359457,92.6758532215612));
#8836=CARTESIAN_POINT('',(455.782876393997,-601.761817115541,142.42507241388));
#8837=CARTESIAN_POINT('Origin',(506.664660613752,-601.778616013603,139.759942827059));
#8838=CARTESIAN_POINT('',(455.782876393997,-601.761817115541,142.42507241388));
#8839=CARTESIAN_POINT('',(455.261508372709,-602.633374543017,132.476777935076));
#8840=CARTESIAN_POINT('Origin',(480.236768489632,-374.073447170095,121.196009707638));
#8841=CARTESIAN_POINT('Origin',(479.715400468344,-374.945004597572,111.247715228834));
#8842=CARTESIAN_POINT('Origin',(453.848817705977,236.091187917274,102.625613578537));
#8843=CARTESIAN_POINT('',(455.934280248219,691.55140388482,142.4186094042));
#8844=CARTESIAN_POINT('',(453.848817705977,236.091187917274,102.625613578537));
#8845=CARTESIAN_POINT('',(455.934280248219,691.55140388482,142.4186094042));
#8846=CARTESIAN_POINT('',(455.412912226931,692.422961312296,132.470314925397));
#8847=CARTESIAN_POINT('',(455.934280248219,691.55140388482,142.4186094042));
#8848=CARTESIAN_POINT('',(453.327449684689,236.96274534475,92.6773190997339));
#8849=CARTESIAN_POINT('',(455.412912226931,692.422961312296,132.470314925397));
#8850=CARTESIAN_POINT('',(453.848817705977,236.091187917274,102.625613578537));
#8851=CARTESIAN_POINT('Origin',(504.579198071509,236.091187917274,99.9669470013957));
#8852=CARTESIAN_POINT('',(504.579198071509,236.091187917274,99.9669470013957));
#8853=CARTESIAN_POINT('',(504.579198071509,236.091187917274,99.9669470013957));
#8854=CARTESIAN_POINT('',(504.057830050222,236.96274534475,90.0186525225924));
#8855=CARTESIAN_POINT('',(504.057830050222,236.96274534475,90.0186525225924));
#8856=CARTESIAN_POINT('',(504.579198071509,236.091187917274,99.9669470013957));
#8857=CARTESIAN_POINT('Origin',(506.664660613752,691.551403884819,139.759942827058));
#8858=CARTESIAN_POINT('',(506.664660613752,691.551403884819,139.759942827058));
#8859=CARTESIAN_POINT('',(506.664660613752,691.551403884819,139.759942827058));
#8860=CARTESIAN_POINT('',(506.143292592464,692.422961312296,129.811648348255));
#8861=CARTESIAN_POINT('',(506.143292592464,692.422961312296,129.811648348255));
#8862=CARTESIAN_POINT('',(506.664660613752,691.551403884819,139.759942827058));
#8863=CARTESIAN_POINT('Origin',(455.934280248219,691.551403884819,142.4186094042));
#8864=CARTESIAN_POINT('',(506.664660613752,691.551403884819,139.759942827058));
#8865=CARTESIAN_POINT('',(506.143292592464,692.422961312296,129.811648348255));
#8866=CARTESIAN_POINT('Origin',(480.256739159864,463.821295901047,121.192778202798));
#8867=CARTESIAN_POINT('Origin',(479.735371138577,464.692853328523,111.244483723996));
#8868=CARTESIAN_POINT('Origin',(918.867401883339,-102.038958655049,80.8757193680302));
#8869=CARTESIAN_POINT('',(918.867401883339,75.761041344951,80.8757193680302));
#8870=CARTESIAN_POINT('',(918.998286624878,75.761041344951,85.874005992908));
#8871=CARTESIAN_POINT('',(918.900123068723,75.761041344951,82.12529102425));
#8872=CARTESIAN_POINT('',(918.867401883339,253.561041344951,80.8757193680302));
#8873=CARTESIAN_POINT('',(918.867401883339,-13.138958655049,80.8757193680301));
#8874=CARTESIAN_POINT('',(918.998286624878,253.561041344951,85.874005992908));
#8875=CARTESIAN_POINT('',(918.867401883339,253.561041344951,80.8757193680302));
#8876=CARTESIAN_POINT('',(918.998286624878,-13.138958655049,85.8740059929093));
#8877=CARTESIAN_POINT('Origin',(863.217407891242,75.761041344951,87.3346797084881));
#8878=CARTESIAN_POINT('',(862.417682031262,253.561041344951,87.355621267134));
#8879=CARTESIAN_POINT('',(914.,253.561041344951,86.0048907344473));
#8880=CARTESIAN_POINT('',(812.434815782484,238.561041344951,88.6644686825275));
#8881=CARTESIAN_POINT('Ctrl Pts',(812.434815782484,238.561041344951,88.6644686825275));
#8882=CARTESIAN_POINT('Ctrl Pts',(812.434815782484,239.571193889503,88.6644686825275));
#8883=CARTESIAN_POINT('Ctrl Pts',(812.777374841918,240.624393243579,88.6554984578644));
#8884=CARTESIAN_POINT('Ctrl Pts',(813.534048661063,241.688585113059,88.6356842565828));
#8885=CARTESIAN_POINT('Ctrl Pts',(814.290722480208,242.75277698254,88.6158700553012));
#8886=CARTESIAN_POINT('Ctrl Pts',(815.461511059063,243.827961367424,88.5852118774012));
#8887=CARTESIAN_POINT('Ctrl Pts',(817.069654596032,244.868611107721,88.5431011568702));
#8888=CARTESIAN_POINT('Ctrl Pts',(818.677798133,245.909260848017,88.5009904363392));
#8889=CARTESIAN_POINT('Ctrl Pts',(820.723296628081,246.915375943725,88.4474271731771));
#8890=CARTESIAN_POINT('Ctrl Pts',(823.153274191892,247.842469378674,88.3837959712763));
#8891=CARTESIAN_POINT('Ctrl Pts',(824.368262973798,248.306016096149,88.3519803703259));
#8892=CARTESIAN_POINT('Ctrl Pts',(825.679371522886,248.749807398433,88.3176477846908));
#8893=CARTESIAN_POINT('Ctrl Pts',(827.074255952426,249.167993415109,88.2811214504208));
#8894=CARTESIAN_POINT('Ctrl Pts',(831.258909241046,250.422551465135,88.1715424476108));
#8895=CARTESIAN_POINT('Ctrl Pts',(836.197545453737,251.446661944676,88.0422197070865));
#8896=CARTESIAN_POINT('Ctrl Pts',(841.398134234793,252.171264637397,87.9060374971522));
#8897=CARTESIAN_POINT('Ctrl Pts',(844.865193422164,252.654333099212,87.8152493571961));
#8898=CARTESIAN_POINT('Ctrl Pts',(848.448675973252,253.004286989107,87.7214125641687));
#8899=CARTESIAN_POINT('Ctrl Pts',(851.995292800106,253.230964050542,87.6285411341048));
#8900=CARTESIAN_POINT('Ctrl Pts',(855.541909626961,253.457641111976,87.5356697040409));
#8901=CARTESIAN_POINT('Ctrl Pts',(859.051660729581,253.561041344951,87.4437636369403));
#8902=CARTESIAN_POINT('Ctrl Pts',(862.417682031262,253.561041344951,87.3556212671343));
#8903=CARTESIAN_POINT('',(812.434815782484,75.761041344951,88.6644686825275));
#8904=CARTESIAN_POINT('',(812.434815782484,-102.038958655049,88.6644686825275));
#8905=CARTESIAN_POINT('',(863.217407891242,75.761041344951,87.3346797084881));
#8906=CARTESIAN_POINT('Origin',(913.869115258461,253.561041344951,81.0066041095696));
#8907=CARTESIAN_POINT('',(862.286797289722,253.561041344951,82.3573346422562));
#8908=CARTESIAN_POINT('',(913.869115258461,253.561041344951,81.0066041095696));
#8909=CARTESIAN_POINT('Ctrl Pts',(862.417682031262,253.561041344951,87.3556212671344));
#8910=CARTESIAN_POINT('Ctrl Pts',(862.374053784082,253.561041344951,85.6895257255082));
#8911=CARTESIAN_POINT('Ctrl Pts',(862.330425536902,253.561041344951,84.0234301838821));
#8912=CARTESIAN_POINT('Ctrl Pts',(862.286797289722,253.561041344951,82.3573346422559));
#8913=CARTESIAN_POINT('Ctrl Pts',(862.286797289722,253.561041344951,82.3573346422559));
#8914=CARTESIAN_POINT('Ctrl Pts',(862.330425536902,253.561041344951,84.0234301838821));
#8915=CARTESIAN_POINT('Ctrl Pts',(862.374053784082,253.561041344951,85.6895257255082));
#8916=CARTESIAN_POINT('Ctrl Pts',(862.417682031262,253.561041344951,87.3556212671344));
#8917=CARTESIAN_POINT('Ctrl Pts',(858.920775988041,253.561041344951,82.4454770120619));
#8918=CARTESIAN_POINT('Ctrl Pts',(858.964404235221,253.561041344951,84.1115725536881));
#8919=CARTESIAN_POINT('Ctrl Pts',(859.008032482401,253.561041344951,85.7776680953142));
#8920=CARTESIAN_POINT('Ctrl Pts',(859.051660729581,253.561041344951,87.4437636369404));
#8921=CARTESIAN_POINT('Ctrl Pts',(851.901273782802,253.354240879002,82.629289146263));
#8922=CARTESIAN_POINT('Ctrl Pts',(851.944902029981,253.354240879002,84.2953846878892));
#8923=CARTESIAN_POINT('Ctrl Pts',(851.988530277161,253.354240879002,85.9614802295153));
#8924=CARTESIAN_POINT('Ctrl Pts',(852.032158524341,253.354240879002,87.6275757711414));
#8925=CARTESIAN_POINT('Ctrl Pts',(839.359084853991,252.12940226437,82.9577179218587));
#8926=CARTESIAN_POINT('Ctrl Pts',(839.402713101171,252.12940226437,84.6238134634848));
#8927=CARTESIAN_POINT('Ctrl Pts',(839.446341348351,252.12940226437,86.289909005111));
#8928=CARTESIAN_POINT('Ctrl Pts',(839.48996959553,252.12940226437,87.9560045467371));
#8929=CARTESIAN_POINT('Ctrl Pts',(829.48181242861,250.081181305288,83.2163634029071));
#8930=CARTESIAN_POINT('Ctrl Pts',(829.52544067579,250.081181305288,84.8824589445333));
#8931=CARTESIAN_POINT('Ctrl Pts',(829.56906892297,250.081181305288,86.5485544861594));
#8932=CARTESIAN_POINT('Ctrl Pts',(829.61269717015,250.081181305288,88.2146500277855));
#8933=CARTESIAN_POINT('Ctrl Pts',(821.615161134083,247.418433491579,83.4223589167177));
#8934=CARTESIAN_POINT('Ctrl Pts',(821.658789381262,247.418433491579,85.0884544583438));
#8935=CARTESIAN_POINT('Ctrl Pts',(821.702417628442,247.418433491579,86.75454999997));
#8936=CARTESIAN_POINT('Ctrl Pts',(821.746045875622,247.418433491579,88.4206455415961));
#8937=CARTESIAN_POINT('Ctrl Pts',(816.501414896379,244.903145752309,83.5562670746229));
#8938=CARTESIAN_POINT('Ctrl Pts',(816.545043143559,244.903145752309,85.222362616249));
#8939=CARTESIAN_POINT('Ctrl Pts',(816.588671390739,244.903145752309,86.8884581578751));
#8940=CARTESIAN_POINT('Ctrl Pts',(816.632299637919,244.903145752309,88.5545536995013));
#8941=CARTESIAN_POINT('Ctrl Pts',(812.989049159813,241.677592597655,83.6482416083228));
#8942=CARTESIAN_POINT('Ctrl Pts',(813.032677406993,241.677592597655,85.314337149949));
#8943=CARTESIAN_POINT('Ctrl Pts',(813.076305654172,241.677592597655,86.9804326915751));
#8944=CARTESIAN_POINT('Ctrl Pts',(813.119933901352,241.677592597655,88.6465282332013));
#8945=CARTESIAN_POINT('Ctrl Pts',(812.303931040944,239.571193889503,83.6661820576491));
#8946=CARTESIAN_POINT('Ctrl Pts',(812.347559288124,239.571193889503,85.3322775992753));
#8947=CARTESIAN_POINT('Ctrl Pts',(812.391187535304,239.571193889503,86.9983731409014));
#8948=CARTESIAN_POINT('Ctrl Pts',(812.434815782484,239.571193889503,88.6644686825275));
#8949=CARTESIAN_POINT('Ctrl Pts',(812.303931040944,238.561041344951,83.6661820576491));
#8950=CARTESIAN_POINT('Ctrl Pts',(812.347559288124,238.561041344951,85.3322775992753));
#8951=CARTESIAN_POINT('Ctrl Pts',(812.391187535304,238.561041344951,86.9983731409014));
#8952=CARTESIAN_POINT('Ctrl Pts',(812.434815782484,238.561041344951,88.6644686825275));
#8953=CARTESIAN_POINT('',(812.303931040944,238.561041344951,83.6661820576498));
#8954=CARTESIAN_POINT('Ctrl Pts',(862.286797289722,253.561041344951,82.3573346422559));
#8955=CARTESIAN_POINT('Ctrl Pts',(858.920775988041,253.561041344951,82.4454770120619));
#8956=CARTESIAN_POINT('Ctrl Pts',(855.411024885421,253.457641111976,82.5373830791625));
#8957=CARTESIAN_POINT('Ctrl Pts',(851.864408058567,253.230964050542,82.6302545092264));
#8958=CARTESIAN_POINT('Ctrl Pts',(848.317791231713,253.004286989107,82.7231259392903));
#8959=CARTESIAN_POINT('Ctrl Pts',(844.734308680624,252.654333099212,82.8169627323177));
#8960=CARTESIAN_POINT('Ctrl Pts',(841.267249493254,252.171264637398,82.9077508722739));
#8961=CARTESIAN_POINT('Ctrl Pts',(836.066660712197,251.446661944676,83.0439330822081));
#8962=CARTESIAN_POINT('Ctrl Pts',(831.128024499507,250.422551465135,83.1732558227324));
#8963=CARTESIAN_POINT('Ctrl Pts',(826.943371210887,249.167993415109,83.2828348255424));
#8964=CARTESIAN_POINT('Ctrl Pts',(825.548486781346,248.749807398433,83.3193611598124));
#8965=CARTESIAN_POINT('Ctrl Pts',(824.237378232258,248.306016096149,83.3536937454475));
#8966=CARTESIAN_POINT('Ctrl Pts',(823.022389450353,247.842469378674,83.3855093463979));
#8967=CARTESIAN_POINT('Ctrl Pts',(820.592411886542,246.915375943725,83.4491405482987));
#8968=CARTESIAN_POINT('Ctrl Pts',(818.546913391461,245.909260848017,83.5027038114608));
#8969=CARTESIAN_POINT('Ctrl Pts',(816.938769854492,244.868611107721,83.5448145319918));
#8970=CARTESIAN_POINT('Ctrl Pts',(815.330626317524,243.827961367424,83.5869252525228));
#8971=CARTESIAN_POINT('Ctrl Pts',(814.159837738668,242.75277698254,83.6175834304228));
#8972=CARTESIAN_POINT('Ctrl Pts',(813.403163919523,241.688585113059,83.6373976317044));
#8973=CARTESIAN_POINT('Ctrl Pts',(812.646490100379,240.624393243579,83.657211832986));
#8974=CARTESIAN_POINT('Ctrl Pts',(812.303931040944,239.571193889503,83.6661820576491));
#8975=CARTESIAN_POINT('Ctrl Pts',(812.303931040944,238.561041344951,83.6661820576491));
#8976=CARTESIAN_POINT('Ctrl Pts',(812.303931040944,238.561041344951,83.6661820576491));
#8977=CARTESIAN_POINT('Ctrl Pts',(812.347559288124,238.561041344951,85.3322775992753));
#8978=CARTESIAN_POINT('Ctrl Pts',(812.391187535304,238.561041344951,86.9983731409014));
#8979=CARTESIAN_POINT('Ctrl Pts',(812.434815782484,238.561041344951,88.6644686825275));
#8980=CARTESIAN_POINT('Origin',(812.303931040944,253.561041344951,83.6661820576498));
#8981=CARTESIAN_POINT('',(812.303931040944,75.761041344951,83.6661820576498));
#8982=CARTESIAN_POINT('',(812.303931040944,-102.038958655049,83.6661820576498));
#8983=CARTESIAN_POINT('',(812.336652226329,75.761041344951,84.9157537138689));
#8984=CARTESIAN_POINT('Origin',(863.086523149703,75.761041344951,82.3363930836096));
#8985=CARTESIAN_POINT('',(913.869115258461,75.761041344951,81.0066041095696));
#8986=CARTESIAN_POINT('Origin',(863.151965520472,75.761041344951,84.8355363960486));
#8987=CARTESIAN_POINT('Origin',(918.867401883339,-163.561041344951,80.8757193680302));
#8988=CARTESIAN_POINT('',(918.998286624878,14.238958655049,85.874005992908));
#8989=CARTESIAN_POINT('',(918.867401883339,14.238958655049,80.8757193680302));
#8990=CARTESIAN_POINT('',(918.900123068723,14.238958655049,82.12529102425));
#8991=CARTESIAN_POINT('',(918.998286624878,-163.561041344951,85.874005992908));
#8992=CARTESIAN_POINT('',(918.998286624878,-74.661041344951,85.8740059929093));
#8993=CARTESIAN_POINT('',(918.867401883339,-163.561041344951,80.8757193680302));
#8994=CARTESIAN_POINT('',(918.867401883339,-163.561041344951,80.8757193680308));
#8995=CARTESIAN_POINT('',(918.867401883339,-74.661041344951,80.8757193680301));
#8996=CARTESIAN_POINT('Origin',(863.086523149703,14.238958655049,82.3363930836096));
#8997=CARTESIAN_POINT('',(827.298790915578,-163.561041344951,83.2735278330316));
#8998=CARTESIAN_POINT('',(913.869115258461,-163.561041344951,81.0066041095696));
#8999=CARTESIAN_POINT('',(812.303931040944,-113.561041344951,83.6661820576497));
#9000=CARTESIAN_POINT('Ctrl Pts',(812.303931040944,-113.561041344951,83.6661820576497));
#9001=CARTESIAN_POINT('Ctrl Pts',(812.303931040944,-116.928216493458,83.6661820576497));
#9002=CARTESIAN_POINT('Ctrl Pts',(812.407294811841,-120.4391739525,83.6634753820519));
#9003=CARTESIAN_POINT('Ctrl Pts',(812.633893522326,-123.987008841691,83.6575416859915));
#9004=CARTESIAN_POINT('Ctrl Pts',(812.86049223281,-127.534843730881,83.6516079899311));
#9005=CARTESIAN_POINT('Ctrl Pts',(813.210325882882,-131.119556050221,83.642447273408));
#9006=CARTESIAN_POINT('Ctrl Pts',(813.693228191056,-134.587805749776,83.6298020314406));
#9007=CARTESIAN_POINT('Ctrl Pts',(814.417581653316,-139.790180299109,83.6108341684895));
#9008=CARTESIAN_POINT('Ctrl Pts',(815.441339596303,-144.730513953928,83.5840261232886));
#9009=CARTESIAN_POINT('Ctrl Pts',(816.695467559543,-148.916602466885,83.5511856268054));
#9010=CARTESIAN_POINT('Ctrl Pts',(817.113510213957,-150.311965304538,83.5402387946444));
#9011=CARTESIAN_POINT('Ctrl Pts',(817.557149537287,-151.623523126428,83.5286216901187));
#9012=CARTESIAN_POINT('Ctrl Pts',(818.020537465515,-152.838928336953,83.516487450174));
#9013=CARTESIAN_POINT('Ctrl Pts',(818.947313321971,-155.269738758003,83.4922189702846));
#9014=CARTESIAN_POINT('Ctrl Pts',(819.953083598016,-157.315938733593,83.4658819487195));
#9015=CARTESIAN_POINT('Ctrl Pts',(820.993377044532,-158.924632500098,83.4386409061201));
#9016=CARTESIAN_POINT('Ctrl Pts',(822.033670491049,-160.533326266603,83.4113998635207));
#9017=CARTESIAN_POINT('Ctrl Pts',(823.108487108036,-161.704513824023,83.383254799887));
#9018=CARTESIAN_POINT('Ctrl Pts',(824.172315616543,-162.46144259361,83.3553974700003));
#9019=CARTESIAN_POINT('Ctrl Pts',(825.236144125049,-163.218371363197,83.3275401401135));
#9020=CARTESIAN_POINT('Ctrl Pts',(826.288984525073,-163.561041344951,83.2999705439736));
#9021=CARTESIAN_POINT('Ctrl Pts',(827.298790915578,-163.561041344951,83.2735278330318));
#9022=CARTESIAN_POINT('',(812.303931040944,14.238958655049,83.6661820576498));
#9023=CARTESIAN_POINT('',(812.303931040944,-163.561041344951,83.6661820576498));
#9024=CARTESIAN_POINT('',(863.086523149702,14.238958655049,82.3363930836096));
#9025=CARTESIAN_POINT('Origin',(812.303931040944,-163.561041344951,83.6661820576498));
#9026=CARTESIAN_POINT('',(827.429675657117,-163.561041344951,88.2718144579094));
#9027=CARTESIAN_POINT('',(914.,-163.561041344951,86.0048907344473));
#9028=CARTESIAN_POINT('Ctrl Pts',(827.298790915578,-163.561041344951,83.2735278330316));
#9029=CARTESIAN_POINT('Ctrl Pts',(827.342419162757,-163.561041344951,84.9396233746576));
#9030=CARTESIAN_POINT('Ctrl Pts',(827.386047409937,-163.561041344951,86.6057189162836));
#9031=CARTESIAN_POINT('Ctrl Pts',(827.429675657117,-163.561041344951,88.2718144579096));
#9032=CARTESIAN_POINT('Ctrl Pts',(812.303931040944,-113.561041344951,83.6661820576495));
#9033=CARTESIAN_POINT('Ctrl Pts',(812.347559288124,-113.561041344951,85.3322775992756));
#9034=CARTESIAN_POINT('Ctrl Pts',(812.391187535304,-113.561041344951,86.9983731409016));
#9035=CARTESIAN_POINT('Ctrl Pts',(812.434815782484,-113.561041344951,88.6644686825276));
#9036=CARTESIAN_POINT('Ctrl Pts',(812.303931040944,-116.928216493458,83.6661820576495));
#9037=CARTESIAN_POINT('Ctrl Pts',(812.347559288124,-116.928216493458,85.3322775992756));
#9038=CARTESIAN_POINT('Ctrl Pts',(812.391187535304,-116.928216493458,86.9983731409016));
#9039=CARTESIAN_POINT('Ctrl Pts',(812.434815782484,-116.928216493458,88.6644686825276));
#9040=CARTESIAN_POINT('Ctrl Pts',(812.510658582738,-123.950131411542,83.6607687064539));
#9041=CARTESIAN_POINT('Ctrl Pts',(812.554286829917,-123.950131411542,85.3268642480799));
#9042=CARTESIAN_POINT('Ctrl Pts',(812.597915077097,-123.950131411542,86.992959789706));
#9043=CARTESIAN_POINT('Ctrl Pts',(812.641543324277,-123.950131411542,88.659055331332));
#9044=CARTESIAN_POINT('Ctrl Pts',(813.735076357991,-136.49662452923,83.6287061986232));
#9045=CARTESIAN_POINT('Ctrl Pts',(813.778704605171,-136.49662452923,85.2948017402492));
#9046=CARTESIAN_POINT('Ctrl Pts',(813.822332852351,-136.49662452923,86.9608972818752));
#9047=CARTESIAN_POINT('Ctrl Pts',(813.86596109953,-136.49662452923,88.6269928235013));
#9048=CARTESIAN_POINT('Ctrl Pts',(815.782592243966,-146.377291838868,83.5750901082214));
#9049=CARTESIAN_POINT('Ctrl Pts',(815.826220491145,-146.377291838868,85.2411856498474));
#9050=CARTESIAN_POINT('Ctrl Pts',(815.869848738325,-146.377291838868,86.9072811914735));
#9051=CARTESIAN_POINT('Ctrl Pts',(815.913476985505,-146.377291838868,88.5733767330995));
#9052=CARTESIAN_POINT('Ctrl Pts',(818.444428183948,-154.246638770208,83.505387481067));
#9053=CARTESIAN_POINT('Ctrl Pts',(818.488056431128,-154.246638770208,85.171483022693));
#9054=CARTESIAN_POINT('Ctrl Pts',(818.531684678308,-154.246638770208,86.8375785643191));
#9055=CARTESIAN_POINT('Ctrl Pts',(818.575312925487,-154.246638770208,88.5036741059451));
#9056=CARTESIAN_POINT('Ctrl Pts',(820.958853874061,-159.362138709182,83.4395449271542));
#9057=CARTESIAN_POINT('Ctrl Pts',(821.002482121241,-159.362138709182,85.1056404687802));
#9058=CARTESIAN_POINT('Ctrl Pts',(821.046110368421,-159.362138709182,86.7717360104063));
#9059=CARTESIAN_POINT('Ctrl Pts',(821.0897386156,-159.362138709182,88.4378315520323));
#9060=CARTESIAN_POINT('Ctrl Pts',(824.183303725024,-162.875701381443,83.3551097362532));
#9061=CARTESIAN_POINT('Ctrl Pts',(824.226931972204,-162.875701381443,85.0212052778792));
#9062=CARTESIAN_POINT('Ctrl Pts',(824.270560219384,-162.875701381443,86.6873008195052));
#9063=CARTESIAN_POINT('Ctrl Pts',(824.314188466563,-162.875701381443,88.3533963611312));
#9064=CARTESIAN_POINT('Ctrl Pts',(826.288984525073,-163.561041344951,83.2999705439734));
#9065=CARTESIAN_POINT('Ctrl Pts',(826.332612772253,-163.561041344951,84.9660660855994));
#9066=CARTESIAN_POINT('Ctrl Pts',(826.376241019433,-163.561041344951,86.6321616272254));
#9067=CARTESIAN_POINT('Ctrl Pts',(826.419869266613,-163.561041344951,88.2982571688514));
#9068=CARTESIAN_POINT('Ctrl Pts',(827.298790915578,-163.561041344951,83.2735278330316));
#9069=CARTESIAN_POINT('Ctrl Pts',(827.342419162757,-163.561041344951,84.9396233746576));
#9070=CARTESIAN_POINT('Ctrl Pts',(827.386047409937,-163.561041344951,86.6057189162836));
#9071=CARTESIAN_POINT('Ctrl Pts',(827.429675657117,-163.561041344951,88.2718144579096));
#9072=CARTESIAN_POINT('',(812.434815782484,-113.561041344951,88.6644686825274));
#9073=CARTESIAN_POINT('Ctrl Pts',(827.429675657117,-163.561041344951,88.2718144579096));
#9074=CARTESIAN_POINT('Ctrl Pts',(826.419869266613,-163.561041344951,88.2982571688514));
#9075=CARTESIAN_POINT('Ctrl Pts',(825.367028866588,-163.218371363197,88.3258267649913));
#9076=CARTESIAN_POINT('Ctrl Pts',(824.303200358082,-162.46144259361,88.3536840948781));
#9077=CARTESIAN_POINT('Ctrl Pts',(823.239371849576,-161.704513824023,88.3815414247649));
#9078=CARTESIAN_POINT('Ctrl Pts',(822.164555232588,-160.533326266603,88.4096864883986));
#9079=CARTESIAN_POINT('Ctrl Pts',(821.124261786072,-158.924632500098,88.436927530998));
#9080=CARTESIAN_POINT('Ctrl Pts',(820.083968339555,-157.315938733593,88.4641685735974));
#9081=CARTESIAN_POINT('Ctrl Pts',(819.07819806351,-155.269738758003,88.4905055951625));
#9082=CARTESIAN_POINT('Ctrl Pts',(818.151422207054,-152.838928336953,88.5147740750519));
#9083=CARTESIAN_POINT('Ctrl Pts',(817.688034278827,-151.623523126428,88.5269083149965));
#9084=CARTESIAN_POINT('Ctrl Pts',(817.244394955496,-150.311965304538,88.5385254195223));
#9085=CARTESIAN_POINT('Ctrl Pts',(816.826352301083,-148.916602466885,88.5494722516833));
#9086=CARTESIAN_POINT('Ctrl Pts',(815.572224337843,-144.730513953928,88.5823127481664));
#9087=CARTESIAN_POINT('Ctrl Pts',(814.548466394855,-139.790180299109,88.6091207933673));
#9088=CARTESIAN_POINT('Ctrl Pts',(813.824112932595,-134.587805749776,88.6280886563185));
#9089=CARTESIAN_POINT('Ctrl Pts',(813.341210624422,-131.119556050221,88.6407338982859));
#9090=CARTESIAN_POINT('Ctrl Pts',(812.991376974349,-127.534843730881,88.6498946148089));
#9091=CARTESIAN_POINT('Ctrl Pts',(812.764778263865,-123.987008841691,88.6558283108694));
#9092=CARTESIAN_POINT('Ctrl Pts',(812.53817955338,-120.4391739525,88.6617620069298));
#9093=CARTESIAN_POINT('Ctrl Pts',(812.434815782484,-116.928216493458,88.6644686825276));
#9094=CARTESIAN_POINT('Ctrl Pts',(812.434815782484,-113.561041344951,88.6644686825276));
#9095=CARTESIAN_POINT('Ctrl Pts',(812.434815782484,-113.561041344951,88.6644686825276));
#9096=CARTESIAN_POINT('Ctrl Pts',(812.391187535304,-113.561041344951,86.9983731409016));
#9097=CARTESIAN_POINT('Ctrl Pts',(812.347559288124,-113.561041344951,85.3322775992756));
#9098=CARTESIAN_POINT('Ctrl Pts',(812.303931040944,-113.561041344951,83.6661820576495));
#9099=CARTESIAN_POINT('Origin',(812.303931040944,192.038958655049,83.6661820576498));
#9100=CARTESIAN_POINT('',(812.434815782484,14.238958655049,88.6644686825275));
#9101=CARTESIAN_POINT('',(812.434815782484,-163.561041344951,88.6644686825275));
#9102=CARTESIAN_POINT('',(812.336652226329,14.238958655049,84.9157537138689));
#9103=CARTESIAN_POINT('Origin',(863.217407891242,14.238958655049,87.3346797084881));
#9104=CARTESIAN_POINT('',(914.,14.238958655049,86.0048907344473));
#9105=CARTESIAN_POINT('Origin',(863.151965520472,14.238958655049,84.8355363960486));
#9106=CARTESIAN_POINT('Origin',(914.,42.5,86.1048907344437));
#9107=CARTESIAN_POINT('',(914.,47.5,86.1048907344437));
#9108=CARTESIAN_POINT('',(914.,42.5,86.1048907344437));
#9109=CARTESIAN_POINT('',(914.,43.75,86.1048907344437));
#9110=CARTESIAN_POINT('',(917.3244724351,47.5,213.06137100634));
#9111=CARTESIAN_POINT('',(914.,47.5,86.1048907344437));
#9112=CARTESIAN_POINT('',(917.3244724351,42.5,213.06137100634));
#9113=CARTESIAN_POINT('',(917.3244724351,43.75,213.06137100634));
#9114=CARTESIAN_POINT('',(914.,42.5,86.1048907344438));
#9115=CARTESIAN_POINT('Origin',(812.434815782483,42.5,88.7644686825239));
#9116=CARTESIAN_POINT('',(875.738727716117,42.5,214.150332055947));
#9117=CARTESIAN_POINT('',(917.3244724351,42.5,213.061371006339));
#9118=CARTESIAN_POINT('',(812.487169679099,42.5,90.7637833324751));
#9119=CARTESIAN_POINT('Ctrl Pts',(812.487169679099,42.5000000000001,90.7637833324751));
#9120=CARTESIAN_POINT('Ctrl Pts',(812.707525603614,42.5000000000001,99.1788365866777));
#9121=CARTESIAN_POINT('Ctrl Pts',(813.347247889275,42.5000000000001,107.945405248321));
#9122=CARTESIAN_POINT('Ctrl Pts',(814.487343470288,42.5000000000001,116.787175090903));
#9123=CARTESIAN_POINT('Ctrl Pts',(815.6274390513,42.5000000000001,125.628944933485));
#9124=CARTESIAN_POINT('Ctrl Pts',(817.267907927664,42.5000000000001,134.545915957006));
#9125=CARTESIAN_POINT('Ctrl Pts',(819.42422682458,42.5000000000001,143.166273840266));
#9126=CARTESIAN_POINT('Ctrl Pts',(821.580545721496,42.5000000000001,151.786631723526));
#9127=CARTESIAN_POINT('Ctrl Pts',(824.252714638964,42.5000000000001,160.110376466525));
#9128=CARTESIAN_POINT('Ctrl Pts',(827.372420117312,42.5000000000001,167.750511803102));
#9129=CARTESIAN_POINT('Ctrl Pts',(830.492125595661,42.5000000000001,175.390647139678));
#9130=CARTESIAN_POINT('Ctrl Pts',(834.059367634889,42.5000000000001,182.347173069832));
#9131=CARTESIAN_POINT('Ctrl Pts',(837.922816308658,42.5000000000001,188.328746015727));
#9132=CARTESIAN_POINT('Ctrl Pts',(841.786264982426,42.5000000000001,194.310318961621));
#9133=CARTESIAN_POINT('Ctrl Pts',(845.945920290735,42.5000000000001,199.316938923256));
#9134=CARTESIAN_POINT('Ctrl Pts',(850.212974379654,42.5000000000001,203.227518807581));
#9135=CARTESIAN_POINT('Ctrl Pts',(854.480028468573,42.5000000000001,207.138098691905));
#9136=CARTESIAN_POINT('Ctrl Pts',(858.854481338102,42.5000000000001,209.952638498919));
#9137=CARTESIAN_POINT('Ctrl Pts',(863.159349759484,42.5000000000001,211.732139550871));
#9138=CARTESIAN_POINT('Ctrl Pts',(867.464218180865,42.5000000000001,213.511640602824));
#9139=CARTESIAN_POINT('Ctrl Pts',(871.6995021541,42.5000000000001,214.256102899714));
#9140=CARTESIAN_POINT('Ctrl Pts',(875.738727716117,42.5000000000001,214.150332055947));
#9141=CARTESIAN_POINT('',(812.434815782483,42.5,88.7644686825239));
#9142=CARTESIAN_POINT('',(812.434815782483,42.5,88.7644686825239));
#9143=CARTESIAN_POINT('',(914.,42.5,86.1048907344437));
#9144=CARTESIAN_POINT('Origin',(866.541880326342,45.,214.39115998038));
#9145=CARTESIAN_POINT('',(875.738727716117,47.5,214.150332055947));
#9146=CARTESIAN_POINT('',(917.3244724351,47.5,213.061371006339));
#9147=CARTESIAN_POINT('Ctrl Pts',(875.738727716117,42.5,214.150332055947));
#9148=CARTESIAN_POINT('Ctrl Pts',(875.738727716117,44.1666666666667,214.150332055947));
#9149=CARTESIAN_POINT('Ctrl Pts',(875.738727716117,45.8333333333333,214.150332055947));
#9150=CARTESIAN_POINT('Ctrl Pts',(875.738727716117,47.5,214.150332055947));
#9151=CARTESIAN_POINT('Ctrl Pts',(875.738727716117,47.5,214.150332055947));
#9152=CARTESIAN_POINT('Ctrl Pts',(875.738727716117,45.8333333333333,214.150332055947));
#9153=CARTESIAN_POINT('Ctrl Pts',(875.738727716117,44.1666666666667,214.150332055947));
#9154=CARTESIAN_POINT('Ctrl Pts',(875.738727716117,42.5,214.150332055947));
#9155=CARTESIAN_POINT('Ctrl Pts',(871.6995021541,47.5,214.256102899714));
#9156=CARTESIAN_POINT('Ctrl Pts',(871.6995021541,45.8333333333333,214.256102899714));
#9157=CARTESIAN_POINT('Ctrl Pts',(871.6995021541,44.1666666666667,214.256102899714));
#9158=CARTESIAN_POINT('Ctrl Pts',(871.6995021541,42.5,214.256102899714));
#9159=CARTESIAN_POINT('Ctrl Pts',(863.228934207631,47.5,212.767178305933));
#9160=CARTESIAN_POINT('Ctrl Pts',(863.228934207631,45.8333333333333,212.767178305933));
#9161=CARTESIAN_POINT('Ctrl Pts',(863.228934207631,44.1666666666666,212.767178305933));
#9162=CARTESIAN_POINT('Ctrl Pts',(863.228934207631,42.5,212.767178305933));
#9163=CARTESIAN_POINT('Ctrl Pts',(850.105575599044,47.5,204.323558884891));
#9164=CARTESIAN_POINT('Ctrl Pts',(850.105575599044,45.8333333333333,204.323558884891));
#9165=CARTESIAN_POINT('Ctrl Pts',(850.105575599044,44.1666666666667,204.323558884891));
#9166=CARTESIAN_POINT('Ctrl Pts',(850.105575599044,42.5,204.323558884891));
#9167=CARTESIAN_POINT('Ctrl Pts',(837.626609674117,47.5,189.303698999986));
#9168=CARTESIAN_POINT('Ctrl Pts',(837.626609674117,45.8333333333333,189.303698999986));
#9169=CARTESIAN_POINT('Ctrl Pts',(837.626609674117,44.1666666666666,189.303698999986));
#9170=CARTESIAN_POINT('Ctrl Pts',(837.626609674117,42.5,189.303698999986));
#9171=CARTESIAN_POINT('Ctrl Pts',(826.924883556432,47.5,168.434121209524));
#9172=CARTESIAN_POINT('Ctrl Pts',(826.924883556432,45.8333333333333,168.434121209524));
#9173=CARTESIAN_POINT('Ctrl Pts',(826.924883556432,44.1666666666667,168.434121209524));
#9174=CARTESIAN_POINT('Ctrl Pts',(826.924883556432,42.5,168.434121209524));
#9175=CARTESIAN_POINT('Ctrl Pts',(818.908376804028,47.5,143.462886980527));
#9176=CARTESIAN_POINT('Ctrl Pts',(818.908376804028,45.8333333333333,143.462886980527));
#9177=CARTESIAN_POINT('Ctrl Pts',(818.908376804028,44.1666666666666,143.462886980527));
#9178=CARTESIAN_POINT('Ctrl Pts',(818.908376804028,42.5,143.462886980527));
#9179=CARTESIAN_POINT('Ctrl Pts',(813.986970174936,47.5,116.711973909965));
#9180=CARTESIAN_POINT('Ctrl Pts',(813.986970174936,45.8333333333333,116.711973909965));
#9181=CARTESIAN_POINT('Ctrl Pts',(813.986970174936,44.1666666666666,116.711973909965));
#9182=CARTESIAN_POINT('Ctrl Pts',(813.986970174936,42.5,116.711973909965));
#9183=CARTESIAN_POINT('Ctrl Pts',(812.707525603614,47.5,99.1788365866777));
#9184=CARTESIAN_POINT('Ctrl Pts',(812.707525603614,45.8333333333333,99.1788365866777));
#9185=CARTESIAN_POINT('Ctrl Pts',(812.707525603614,44.1666666666667,99.1788365866777));
#9186=CARTESIAN_POINT('Ctrl Pts',(812.707525603614,42.5,99.1788365866777));
#9187=CARTESIAN_POINT('Ctrl Pts',(812.487169679099,47.5,90.7637833324751));
#9188=CARTESIAN_POINT('Ctrl Pts',(812.487169679099,45.8333333333333,90.7637833324751));
#9189=CARTESIAN_POINT('Ctrl Pts',(812.487169679099,44.1666666666667,90.7637833324751));
#9190=CARTESIAN_POINT('Ctrl Pts',(812.487169679099,42.5,90.7637833324751));
#9191=CARTESIAN_POINT('',(812.487169679099,47.5,90.7637833324751));
#9192=CARTESIAN_POINT('Ctrl Pts',(875.738727716117,47.5,214.150332055947));
#9193=CARTESIAN_POINT('Ctrl Pts',(871.6995021541,47.5,214.256102899714));
#9194=CARTESIAN_POINT('Ctrl Pts',(867.464218180865,47.5,213.511640602824));
#9195=CARTESIAN_POINT('Ctrl Pts',(863.159349759484,47.5,211.732139550871));
#9196=CARTESIAN_POINT('Ctrl Pts',(858.854481338102,47.5,209.952638498919));
#9197=CARTESIAN_POINT('Ctrl Pts',(854.480028468573,47.5,207.138098691905));
#9198=CARTESIAN_POINT('Ctrl Pts',(850.212974379654,47.5,203.227518807581));
#9199=CARTESIAN_POINT('Ctrl Pts',(845.945920290735,47.5,199.316938923256));
#9200=CARTESIAN_POINT('Ctrl Pts',(841.786264982426,47.5,194.310318961621));
#9201=CARTESIAN_POINT('Ctrl Pts',(837.922816308658,47.5,188.328746015727));
#9202=CARTESIAN_POINT('Ctrl Pts',(834.059367634889,47.5,182.347173069832));
#9203=CARTESIAN_POINT('Ctrl Pts',(830.492125595661,47.5,175.390647139678));
#9204=CARTESIAN_POINT('Ctrl Pts',(827.372420117312,47.5,167.750511803102));
#9205=CARTESIAN_POINT('Ctrl Pts',(824.252714638964,47.5,160.110376466525));
#9206=CARTESIAN_POINT('Ctrl Pts',(821.580545721496,47.5,151.786631723526));
#9207=CARTESIAN_POINT('Ctrl Pts',(819.42422682458,47.5,143.166273840266));
#9208=CARTESIAN_POINT('Ctrl Pts',(817.267907927664,47.5,134.545915957006));
#9209=CARTESIAN_POINT('Ctrl Pts',(815.6274390513,47.5,125.628944933485));
#9210=CARTESIAN_POINT('Ctrl Pts',(814.487343470288,47.5,116.787175090903));
#9211=CARTESIAN_POINT('Ctrl Pts',(813.347247889275,47.5,107.945405248321));
#9212=CARTESIAN_POINT('Ctrl Pts',(812.707525603614,47.5,99.1788365866777));
#9213=CARTESIAN_POINT('Ctrl Pts',(812.487169679099,47.5,90.7637833324751));
#9214=CARTESIAN_POINT('Ctrl Pts',(812.487169679099,47.5,90.7637833324751));
#9215=CARTESIAN_POINT('Ctrl Pts',(812.487169679099,45.8333333333333,90.7637833324751));
#9216=CARTESIAN_POINT('Ctrl Pts',(812.487169679099,44.1666666666667,90.7637833324751));
#9217=CARTESIAN_POINT('Ctrl Pts',(812.487169679099,42.5,90.7637833324751));
#9218=CARTESIAN_POINT('Origin',(812.434815782483,47.5,88.7644686825239));
#9219=CARTESIAN_POINT('',(812.434815782483,47.5,88.7644686825239));
#9220=CARTESIAN_POINT('',(812.434815782483,47.5,88.7644686825239));
#9221=CARTESIAN_POINT('',(812.434815782483,42.5,88.7644686825239));
#9222=CARTESIAN_POINT('Origin',(914.,47.5,86.1048907344437));
#9223=CARTESIAN_POINT('',(914.,47.5,86.1048907344437));
#9224=CARTESIAN_POINT('Origin',(863.217407891242,45.,87.4346797084838));
#9225=CARTESIAN_POINT('Origin',(918.867401883339,253.560958655049,80.8757193680302));
#9226=CARTESIAN_POINT('',(918.867401883339,253.560958655049,80.8757193680302));
#9227=CARTESIAN_POINT('',(918.998286624878,253.560958655049,85.874005992908));
#9228=CARTESIAN_POINT('',(918.900123068723,253.560958655049,82.12529102425));
#9229=CARTESIAN_POINT('',(957.085230706447,253.560958655049,84.8766642623784));
#9230=CARTESIAN_POINT('',(918.998286624878,253.560958655049,85.874005992908));
#9231=CARTESIAN_POINT('',(956.954345964907,253.560958655049,79.8783776375006));
#9232=CARTESIAN_POINT('',(956.987067150292,253.560958655049,81.1279492937204));
#9233=CARTESIAN_POINT('',(918.867401883339,253.560958655049,80.8757193680302));
#9234=CARTESIAN_POINT('Origin',(918.867401883339,-163.561041344951,80.8757193680301));
#9235=CARTESIAN_POINT('',(918.867401883339,-163.561041344951,80.8757193680302));
#9236=CARTESIAN_POINT('',(918.867401883339,-74.661041344951,80.8757193680301));
#9237=CARTESIAN_POINT('',(956.954345964907,-163.561041344951,79.8783776375006));
#9238=CARTESIAN_POINT('',(956.954345964908,-74.661041344951,79.8783776375006));
#9239=CARTESIAN_POINT('',(918.867401883339,-163.561041344951,80.8757193680302));
#9240=CARTESIAN_POINT('Origin',(918.998286624878,-163.561041344951,85.874005992908));
#9241=CARTESIAN_POINT('',(918.998286624878,-163.561041344951,85.874005992908));
#9242=CARTESIAN_POINT('',(918.867401883339,-163.561041344951,80.8757193680308));
#9243=CARTESIAN_POINT('',(957.085230706447,-163.561041344951,84.8766642623784));
#9244=CARTESIAN_POINT('',(956.954345964908,-163.561041344951,79.8783776375012));
#9245=CARTESIAN_POINT('',(918.998286624878,-163.561041344951,85.874005992908));
#9246=CARTESIAN_POINT('Origin',(918.998286624878,14.238958655049,85.8740059929093));
#9247=CARTESIAN_POINT('',(918.998286624878,14.238958655049,85.874005992908));
#9248=CARTESIAN_POINT('',(957.085230706447,14.238958655049,84.8766642623784));
#9249=CARTESIAN_POINT('Origin',(956.954345964907,-163.561041344951,79.8783776375006));
#9250=CARTESIAN_POINT('Origin',(918.867401883339,-163.561041344951,80.8757193680302));
#9251=CARTESIAN_POINT('Origin',(372.817211501894,23.3130677148551,42.7878304168303));
#9252=CARTESIAN_POINT('',(267.849188495067,21.4808279627714,44.6200540738017));
#9253=CARTESIAN_POINT('',(372.817211501894,23.3130677148551,42.7878304168303));
#9254=CARTESIAN_POINT('',(267.849188495067,21.4808279627714,44.6200540738017));
#9255=CARTESIAN_POINT('',(267.447783147009,21.4808279627714,21.6235570852047));
#9256=CARTESIAN_POINT('',(267.849188495067,21.4808279627714,44.6200540738017));
#9257=CARTESIAN_POINT('',(372.415806153836,23.3130677148551,19.7913334282333));
#9258=CARTESIAN_POINT('',(267.447783147009,21.4808279627714,21.6235570852047));
#9259=CARTESIAN_POINT('',(372.817211501894,23.3130677148551,42.7878304168303));
#9260=CARTESIAN_POINT('Origin',(372.258899671617,55.3081953584191,42.7975757860779));
#9261=CARTESIAN_POINT('',(372.258899671617,55.3081953584191,42.7975757860779));
#9262=CARTESIAN_POINT('',(372.817211501894,23.3130677148551,42.7878304168303));
#9263=CARTESIAN_POINT('',(371.857494323559,55.3081953584191,19.8010787974809));
#9264=CARTESIAN_POINT('',(372.415806153836,23.3130677148551,19.7913334282333));
#9265=CARTESIAN_POINT('',(372.258899671617,55.3081953584191,42.7975757860779));
#9266=CARTESIAN_POINT('Origin',(267.29087666479,53.4759556063354,44.6297994430494));
#9267=CARTESIAN_POINT('',(267.29087666479,53.4759556063354,44.6297994430494));
#9268=CARTESIAN_POINT('',(372.258899671617,55.3081953584191,42.7975757860779));
#9269=CARTESIAN_POINT('',(266.889471316733,53.4759556063354,21.6333024544524));
#9270=CARTESIAN_POINT('',(371.857494323559,55.3081953584191,19.8010787974809));
#9271=CARTESIAN_POINT('',(267.29087666479,53.4759556063354,44.6297994430494));
#9272=CARTESIAN_POINT('Origin',(267.849188495067,21.4808279627714,44.6200540738017));
#9273=CARTESIAN_POINT('',(267.29087666479,53.4759556063354,44.6297994430494));
#9274=CARTESIAN_POINT('',(266.889471316733,53.4759556063354,21.6333024544524));
#9275=CARTESIAN_POINT('Origin',(320.054044083342,38.3945116605952,43.7088149299398));
#9276=CARTESIAN_POINT('Origin',(319.652638735284,38.3945116605952,20.7123179413428));
#9277=CARTESIAN_POINT('Origin',(449.650975514409,45.001454272049,86.5135559789751));
#9278=CARTESIAN_POINT('',(269.645742894375,69.6524733931666,89.6555590017766));
#9279=CARTESIAN_POINT('',(269.645717023007,69.6509907719207,89.6555594533629));
#9280=CARTESIAN_POINT('',(269.458136577626,58.901240024447,89.6588336822163));
#9281=CARTESIAN_POINT('',(629.655671733028,63.3669936376563,83.3715623190948));
#9282=CARTESIAN_POINT('',(539.84096772069,64.9350851223445,84.9392838091391));
#9283=CARTESIAN_POINT('',(629.656234005811,26.6330131377455,83.3715525045869));
#9284=CARTESIAN_POINT('',(629.656093405418,35.8186117577929,83.3715549587763));
#9285=CARTESIAN_POINT('',(269.791005476603,20.3504351509314,89.6530234339721));
#9286=CARTESIAN_POINT('',(359.908647148951,21.9237216674065,88.0800141474035));
#9287=CARTESIAN_POINT('',(269.682819612506,57.0610138538763,89.6549118252542));
#9288=CARTESIAN_POINT('Origin',(269.965529540976,20.3504351509292,99.6515003855361));
#9289=CARTESIAN_POINT('',(629.568971973625,26.6330131377403,78.3723140288049));
#9290=CARTESIAN_POINT('',(629.830758070184,26.6330131377403,93.3700294561508));
#9291=CARTESIAN_POINT('',(269.703743444416,20.3504351509292,84.6537849581902));
#9292=CARTESIAN_POINT('',(629.568971973625,26.6330131377403,78.3723140288049));
#9293=CARTESIAN_POINT('',(269.965529540976,20.3504351509292,99.6515003855361));
#9294=CARTESIAN_POINT('Origin',(629.830758070184,26.6330131377403,93.3700294561508));
#9295=CARTESIAN_POINT('',(629.568409700842,63.3669936376511,78.3723238433128));
#9296=CARTESIAN_POINT('',(629.830195797402,63.3669936376511,93.3700392706587));
#9297=CARTESIAN_POINT('',(629.568971973625,26.6330131377403,78.3723140288049));
#9298=CARTESIAN_POINT('Origin',(629.830195797402,63.3669936376511,93.3700392706587));
#9299=CARTESIAN_POINT('',(269.558480862189,69.6524733931643,84.6563205259946));
#9300=CARTESIAN_POINT('',(269.820266958748,69.6524733931643,99.6540359533404));
#9301=CARTESIAN_POINT('',(629.568409700842,63.3669936376511,78.3723238433128));
#9302=CARTESIAN_POINT('Origin',(269.820241087381,69.6509907719185,99.6540364049268));
#9303=CARTESIAN_POINT('',(269.558454990821,69.6509907719185,84.656320977581));
#9304=CARTESIAN_POINT('',(269.558454990821,69.6509907719185,84.656320977581));
#9305=CARTESIAN_POINT('',(269.820241087381,69.6509907719185,99.6540364049268));
#9306=CARTESIAN_POINT('Origin',(269.820266958748,69.6524733931643,99.6540359533404));
#9307=CARTESIAN_POINT('',(269.732925905615,79.6494681872764,84.6532755764352));
#9308=CARTESIAN_POINT('Origin',(259.998044783319,10.1759795637439,99.825483479152));
#9309=CARTESIAN_POINT('',(259.997757403355,79.8239656788832,99.8254884953878));
#9310=CARTESIAN_POINT('',(259.998044783319,10.1759795637439,99.8254834791519));
#9311=CARTESIAN_POINT('',(259.997757403355,79.8239656788832,99.8254884953878));
#9312=CARTESIAN_POINT('',(259.735971306796,79.8239656788832,84.827773068042));
#9313=CARTESIAN_POINT('',(259.997757403355,79.8239656788832,99.8254884953878));
#9314=CARTESIAN_POINT('',(259.73625868676,10.1759795637439,84.827768051806));
#9315=CARTESIAN_POINT('',(259.735971306796,79.8239656788832,84.827773068042));
#9316=CARTESIAN_POINT('',(259.998044783319,10.1759795637439,99.8254834791519));
#9317=CARTESIAN_POINT('Origin',(640.002185089224,16.8090347731346,93.1924865371224));
#9318=CARTESIAN_POINT('',(640.002185089224,16.8090347731346,93.1924865371208));
#9319=CARTESIAN_POINT('',(259.998044783319,10.1759795637439,99.8254834791519));
#9320=CARTESIAN_POINT('',(639.740398992665,16.8090347731346,78.194771109775));
#9321=CARTESIAN_POINT('',(259.73625868676,10.1759795637439,84.827768051806));
#9322=CARTESIAN_POINT('',(640.002185089224,16.8090347731346,93.1924865371208));
#9323=CARTESIAN_POINT('Origin',(640.001621311014,73.1909735614023,93.1924963779061));
#9324=CARTESIAN_POINT('',(640.001621311014,73.1909735614023,93.1924963779061));
#9325=CARTESIAN_POINT('',(640.002185089224,16.8090347731346,93.1924865371208));
#9326=CARTESIAN_POINT('',(639.739835214455,73.1909735614023,78.1947809505602));
#9327=CARTESIAN_POINT('',(639.740398992665,16.8090347731346,78.194771109775));
#9328=CARTESIAN_POINT('',(640.001621311014,73.1909735614023,93.1924963779061));
#9329=CARTESIAN_POINT('Origin',(259.997757403356,79.8239656788831,99.8254884953863));
#9330=CARTESIAN_POINT('',(640.001621311014,73.1909735614023,93.1924963779061));
#9331=CARTESIAN_POINT('',(639.739835214455,73.1909735614023,78.1947809505602));
#9332=CARTESIAN_POINT('Origin',(449.99997124629,44.9999726213136,96.5089875162543));
#9333=CARTESIAN_POINT('Origin',(449.738185149731,44.9999726213136,81.511272088908));
#9334=CARTESIAN_POINT('Origin',(249.907874993018,945.922078840446,79.8669437648764));
#9335=CARTESIAN_POINT('',(452.971345118752,945.909153070595,89.5573494077886));
#9336=CARTESIAN_POINT('',(452.95609835543,945.908812074377,79.5573610367989));
#9337=CARTESIAN_POINT('',(452.963721737091,945.908982572486,84.5573552222936));
#9338=CARTESIAN_POINT('',(249.92312175634,945.922419836665,89.8669321358661));
#9339=CARTESIAN_POINT('',(503.922825985848,945.905824002424,89.4796649140007));
#9340=CARTESIAN_POINT('',(249.907874993018,945.922078840446,79.8669437648764));
#9341=CARTESIAN_POINT('',(249.907874993018,945.922078840446,79.8669437648764));
#9342=CARTESIAN_POINT('',(503.907579222526,945.905483006206,79.479676543011));
#9343=CARTESIAN_POINT('Origin',(452.971351809027,945.926016137308,89.5573488225632));
#9344=CARTESIAN_POINT('',(453.137495148889,1403.12563888329,79.5414935260521));
#9345=CARTESIAN_POINT('',(453.077023429111,1250.70459934281,79.5467832318135));
#9346=CARTESIAN_POINT('',(453.152741912211,1403.12597987951,89.5414818970418));
#9347=CARTESIAN_POINT('',(453.152741912211,1403.12597987951,89.5414818970418));
#9348=CARTESIAN_POINT('',(453.092270192433,1250.70494033903,89.5467716028031));
#9349=CARTESIAN_POINT('Origin',(376.962772133355,1555.51412026392,89.652450691799));
#9350=CARTESIAN_POINT('',(503.952674682544,1403.10582276071,89.4640290391498));
#9351=CARTESIAN_POINT('',(415.027533690968,1403.1411077411,89.5996100514198));
#9352=CARTESIAN_POINT('',(503.962554123827,1554.43171107913,89.4588538146139));
#9353=CARTESIAN_POINT('',(504.00242251037,2165.10582069118,89.4379692477318));
#9354=CARTESIAN_POINT('',(249.96255975953,1550.00423932391,89.8462730200419));
#9355=CARTESIAN_POINT('',(414.150957844814,1552.86620590338,89.5958409722543));
#9356=CARTESIAN_POINT('',(249.92312175634,945.922419836665,89.8669321358661));
#9357=CARTESIAN_POINT('Origin',(451.242041147045,1554.64468814405,76.4622712146412));
#9358=CARTESIAN_POINT('',(249.947369513016,1550.86958049728,79.8462550434133));
#9359=CARTESIAN_POINT('',(503.947363877313,1555.29705225249,79.4588358379852));
#9360=CARTESIAN_POINT('',(414.120625973603,1553.73128314322,79.5958460907293));
#9361=CARTESIAN_POINT('',(249.904716227076,1553.29940574531,51.7668143463267));
#9362=CARTESIAN_POINT('',(503.919083706731,1556.90808575165,60.841480685675));
#9363=CARTESIAN_POINT('Origin',(249.98747151754,2165.1220755292,79.8252480986074));
#9364=CARTESIAN_POINT('',(249.907874993018,945.922078840446,79.8669437648764));
#9365=CARTESIAN_POINT('Origin',(503.907579222526,945.905483006206,79.479676543011));
#9366=CARTESIAN_POINT('',(503.937427919222,1403.10548176449,79.4640406681602));
#9367=CARTESIAN_POINT('',(503.945051300883,1403.1056522626,84.4640348536547));
#9368=CARTESIAN_POINT('',(503.987175747048,2165.10547969496,79.437980876742));
#9369=CARTESIAN_POINT('Origin',(453.152741912211,1403.12597987951,89.5414818970418));
#9370=CARTESIAN_POINT('',(415.012286927646,1403.14076674488,79.5996216804301));
#9371=CARTESIAN_POINT('Origin',(376.947525370033,1555.5137792677,79.6524623208092));
#9372=CARTESIAN_POINT('Origin',(445.982691524945,2135.42040611293,76.1875765698876));
#9373=CARTESIAN_POINT('',(503.935313642377,2134.70277878744,79.4778763318573));
#9374=CARTESIAN_POINT('',(249.935317148278,2139.13013516535,79.8652177157992));
#9375=CARTESIAN_POINT('',(411.487377541308,2136.31419597316,79.6188563003857));
#9376=CARTESIAN_POINT('',(503.950503432645,2135.56829343172,89.4778792965382));
#9377=CARTESIAN_POINT('',(503.903003340155,2132.86173692701,58.206804624222));
#9378=CARTESIAN_POINT('',(249.950506938546,2139.99564980963,89.8652206804801));
#9379=CARTESIAN_POINT('',(411.5177089564,2137.17944669078,89.6188361746021));
#9380=CARTESIAN_POINT('',(249.971990381397,2141.21977694166,104.008568838056));
#9381=CARTESIAN_POINT('Origin',(376.950736960559,2134.25776474269,89.6714905955486));
#9382=CARTESIAN_POINT('',(503.940566248345,2286.66611999815,89.480425726859));
#9383=CARTESIAN_POINT('',(503.910497777112,2743.86611894448,89.4881308538387));
#9384=CARTESIAN_POINT('',(453.140625403733,2286.66277775548,89.5578790245987));
#9385=CARTESIAN_POINT('',(440.44064019258,2286.66194219481,89.5772423490338));
#9386=CARTESIAN_POINT('',(453.110556932499,2743.8627767018,89.5655841515783));
#9387=CARTESIAN_POINT('',(453.145636815605,2210.46277793109,89.5565948367689));
#9388=CARTESIAN_POINT('',(249.910793554051,2743.8494077311,89.8753973425374));
#9389=CARTESIAN_POINT('',(249.910793554051,2743.8494077311,89.8753973425374));
#9390=CARTESIAN_POINT('',(249.990976144007,1524.64941054091,89.8548503372586));
#9391=CARTESIAN_POINT('Origin',(503.895251053905,2743.86628647014,79.4881424783771));
#9392=CARTESIAN_POINT('',(453.095310209293,2743.86294422747,79.5655957761168));
#9393=CARTESIAN_POINT('',(453.102933570896,2743.86286046464,84.5655899638476));
#9394=CARTESIAN_POINT('',(249.895546830845,2743.84957525677,79.8754089670758));
#9395=CARTESIAN_POINT('',(249.895546830845,2743.84957525677,79.8754089670758));
#9396=CARTESIAN_POINT('',(249.895546830845,2743.84957525677,79.8754089670758));
#9397=CARTESIAN_POINT('Origin',(249.895546830845,2743.84957525677,79.8754089670758));
#9398=CARTESIAN_POINT('',(249.975729420801,1524.64957806657,79.854861961797));
#9399=CARTESIAN_POINT('Origin',(453.140625403733,2286.66277775548,89.5578790245987));
#9400=CARTESIAN_POINT('',(453.125378680526,2286.66294528114,79.5578906491372));
#9401=CARTESIAN_POINT('',(453.130390092399,2210.46294545676,79.5566064613073));
#9402=CARTESIAN_POINT('',(453.140625403733,2286.66277775548,89.5578790245987));
#9403=CARTESIAN_POINT('Origin',(503.940566248345,2286.66611999815,89.480425726859));
#9404=CARTESIAN_POINT('',(503.925319525139,2286.66628752382,79.4804373513975));
#9405=CARTESIAN_POINT('',(440.425393469374,2286.66210972048,79.5772539735722));
#9406=CARTESIAN_POINT('',(503.932942886742,2286.66620376099,84.4804315391279));
#9407=CARTESIAN_POINT('Origin',(376.935490237353,2134.25793226836,79.671502220087));
#9408=CARTESIAN_POINT('',(503.895251053905,2743.86628647014,79.4881424783771));
#9409=CARTESIAN_POINT('Origin',(503.975433643861,1524.66628927995,79.4675954730982));
#9410=CARTESIAN_POINT('Origin',(1046.07565909384,1816.98202597129,266.291664839785));
#9411=CARTESIAN_POINT('',(1052.69722184093,1823.60358871838,13.4243853897721));
#9412=CARTESIAN_POINT('',(1052.69722184093,1866.39641128162,13.4243853897721));
#9413=CARTESIAN_POINT('',(1052.69722184093,1846.54345835287,13.4243853897719));
#9414=CARTESIAN_POINT('',(1052.72688317241,1823.63325004986,12.2916648397845));
#9415=CARTESIAN_POINT('',(1046.09826859401,1817.00463547146,265.428242862692));
#9416=CARTESIAN_POINT('',(1052.72688317241,1866.36674995014,12.2916648397845));
#9417=CARTESIAN_POINT('',(1052.72688317241,1816.98202597129,12.2916648397845));
#9418=CARTESIAN_POINT('',(1046.09484477701,1872.99878834554,265.55899315893));
#9419=CARTESIAN_POINT('Origin',(1046.07565909384,1873.01797402871,266.291664839785));
#9420=CARTESIAN_POINT('',(1105.46592504566,1866.37229192311,12.5033042491556));
#9421=CARTESIAN_POINT('',(1079.66786326788,1866.3840836228,12.9536110925089));
#9422=CARTESIAN_POINT('',(1105.46038307269,1866.36674995014,12.2916648397845));
#9423=CARTESIAN_POINT('',(1046.07565909384,1866.36674995014,12.2916648397845));
#9424=CARTESIAN_POINT('',(1112.09242146809,1872.99878834554,265.558993158931));
#9425=CARTESIAN_POINT('Origin',(1122.11160715126,1883.01797402871,266.291664839785));
#9426=CARTESIAN_POINT('',(1117.67799407458,1876.36671006771,12.2901417913479));
#9427=CARTESIAN_POINT('',(1042.69264898117,1876.40098414138,13.5990158586182));
#9428=CARTESIAN_POINT('',(1117.67653428569,1876.36671073495,12.2901672720579));
#9429=CARTESIAN_POINT('',(1117.50347001021,1876.10489073445,2.29166483978446));
#9430=CARTESIAN_POINT('',(1125.58127467912,1888.2231360908,465.068784382249));
#9431=CARTESIAN_POINT('',(1042.9887423881,1876.10489073445,2.29166483978446));
#9432=CARTESIAN_POINT('',(1029.09363312255,1876.10489073445,2.29166483978446));
#9433=CARTESIAN_POINT('',(1036.10511622801,1882.98851689453,265.166742270214));
#9434=CARTESIAN_POINT('Origin',(1036.07565909384,1883.01797402871,266.291664839785));
#9435=CARTESIAN_POINT('',(1042.69264898117,1813.89510926555,13.5990158586182));
#9436=CARTESIAN_POINT('',(1042.69264898117,1879.56143238158,13.5990158586182));
#9437=CARTESIAN_POINT('',(1042.9887423881,1813.89510926555,2.29166483978446));
#9438=CARTESIAN_POINT('',(1042.9887423881,1864.00898701436,2.29166483978446));
#9439=CARTESIAN_POINT('',(1039.42697053382,1813.89510926555,138.310244322253));
#9440=CARTESIAN_POINT('Origin',(1112.11160715126,1816.98202597129,266.291664839785));
#9441=CARTESIAN_POINT('',(1105.46592504566,1823.62770807689,12.5033042491556));
#9442=CARTESIAN_POINT('',(1112.68998656943,1823.63101002898,12.3772077862128));
#9443=CARTESIAN_POINT('',(1105.46038307269,1823.63325004986,12.2916648397845));
#9444=CARTESIAN_POINT('',(1112.09242146809,1817.00121165446,265.55899315893));
#9445=CARTESIAN_POINT('',(1112.11160715126,1823.63325004986,12.2916648397845));
#9446=CARTESIAN_POINT('Origin',(1129.09363312255,1800.,666.291664839785));
#9447=CARTESIAN_POINT('',(1117.50347001021,1813.89510926555,2.29166483978446));
#9448=CARTESIAN_POINT('',(1117.67799407458,1813.89510926555,12.2901417913479));
#9449=CARTESIAN_POINT('',(1123.38581359857,1813.89510926555,339.290903315566));
#9450=CARTESIAN_POINT('',(1117.50347001021,1822.5,2.29166483978446));
#9451=CARTESIAN_POINT('',(1117.67799407458,1838.05244536722,12.2901417913479));
#9452=CARTESIAN_POINT('Origin',(1079.09363312255,1845.,2.29166483978446));
#9453=CARTESIAN_POINT('',(1129.09363312255,1813.89510926555,2.29166483978446));
#9454=CARTESIAN_POINT('Origin',(1079.09363312255,1845.,12.2916648397845));
#9455=CARTESIAN_POINT('',(1105.46038307269,1873.01797402871,12.2916648397845));
#9456=CARTESIAN_POINT('Origin',(1112.11160715126,1873.01797402871,266.291664839785));
#9457=CARTESIAN_POINT('',(1105.46592504566,1874.56143238158,12.5033042491556));
#9458=CARTESIAN_POINT('Origin',(1117.67799407459,1876.10489073445,12.2901417913479));
#9459=CARTESIAN_POINT('',(1117.67799407459,1813.89510926555,12.2901417913479));
#9460=CARTESIAN_POINT('Origin',(1117.67799407459,1813.89510926555,12.2901417913479));
#9461=CARTESIAN_POINT('Origin',(460.626684868036,1997.52565472882,53.4419767573158));
#9462=CARTESIAN_POINT('',(37.3827742201686,1967.24587571848,29.9680677480325));
#9463=CARTESIAN_POINT('',(36.9157419157841,1988.63481806606,47.8416363306249));
#9464=CARTESIAN_POINT('',(36.8602288904859,1991.17717945444,49.9661486089096));
#9465=CARTESIAN_POINT('',(91.4573459246946,1956.70204269894,20.9248131285154));
#9466=CARTESIAN_POINT('Ctrl Pts',(37.3827742202285,1967.24587571848,29.968067748031));
#9467=CARTESIAN_POINT('Ctrl Pts',(50.6013989418552,1963.86039076078,27.0822809153776));
#9468=CARTESIAN_POINT('Ctrl Pts',(64.9189275283636,1960.68898857896,24.3706291549151));
#9469=CARTESIAN_POINT('Ctrl Pts',(79.4175780989951,1958.12584713592,22.1664287114581));
#9470=CARTESIAN_POINT('Ctrl Pts',(87.1356761695187,1956.81520960419,21.0380188265376));
#9471=CARTESIAN_POINT('Ctrl Pts',(91.4573459246945,1956.70204269894,20.9248131285153));
#9472=CARTESIAN_POINT('',(251.347708705061,1952.5151661995,16.7365013992557));
#9473=CARTESIAN_POINT('',(229.860892553926,1953.07781828201,17.2993463546695));
#9474=CARTESIAN_POINT('',(651.408918324952,1949.02361409888,12.0927777835744));
#9475=CARTESIAN_POINT('',(355.539060456009,1951.6058315169,15.5270968655461));
#9476=CARTESIAN_POINT('',(904.246186347808,1949.02209537045,11.0004594503687));
#9477=CARTESIAN_POINT('',(555.917647537986,1949.02418769039,12.5053232384335));
#9478=CARTESIAN_POINT('',(905.026939360711,1960.93167757757,20.9481542429655));
#9479=CARTESIAN_POINT('',(906.753508829709,1987.26871462707,42.9466426662649));
#9480=CARTESIAN_POINT('',(636.405751489324,1959.54437694231,20.9481542429643));
#9481=CARTESIAN_POINT('',(556.363432962911,1959.13099644831,20.9481542429643));
#9482=CARTESIAN_POINT('',(636.325585688766,1959.72773517948,21.1017053438943));
#9483=CARTESIAN_POINT('Ctrl Pts',(636.405751489324,1959.54437694231,20.9481542429643));
#9484=CARTESIAN_POINT('Ctrl Pts',(636.379572646095,1959.60559592269,20.9994187938576));
#9485=CARTESIAN_POINT('Ctrl Pts',(636.352837654899,1959.66671797446,21.0505974935899));
#9486=CARTESIAN_POINT('Ctrl Pts',(636.32554807078,1959.72773616053,21.1016718605264));
#9487=CARTESIAN_POINT('',(635.914795850287,1959.73849208997,21.1124659417738));
#9488=CARTESIAN_POINT('',(547.473890284874,1962.05439870662,23.4291664338156));
#9489=CARTESIAN_POINT('',(582.120672553578,1960.02315783144,21.5824523738909));
#9490=CARTESIAN_POINT('',(359.379317430807,1961.20185225245,23.5284904978235));
#9491=CARTESIAN_POINT('',(91.3079422618945,1981.45872271245,41.6109278148764));
#9492=CARTESIAN_POINT('',(454.235287879319,1965.60837453699,26.8010400920364));
#9493=CARTESIAN_POINT('',(266.375827385484,1958.36159060512,21.5566377561376));
#9494=CARTESIAN_POINT('Origin',(651.379045275561,1949.02439635221,10.9515809932089));
#9495=CARTESIAN_POINT('',(904.244906858962,1949.02212887504,10.9515809932089));
#9496=CARTESIAN_POINT('',(904.162204318558,1949.02429451728,7.79221575968851));
#9497=CARTESIAN_POINT('',(651.379045275561,1949.02439635221,10.9515809932089));
#9498=CARTESIAN_POINT('',(653.551457803633,1948.96750972814,93.9411068356424));
#9499=CARTESIAN_POINT('',(652.50473894301,1949.02438625799,10.9515809932089));
#9500=CARTESIAN_POINT('Origin',(251.287664688851,1952.5167385074,14.4427269109915));
#9501=CARTESIAN_POINT('',(251.287664688851,1952.5167385074,14.4427269109915));
#9502=CARTESIAN_POINT('',(253.642782719784,1952.45506757136,104.411886158792));
#9503=CARTESIAN_POINT('',(252.16008569979,1952.50912326543,14.4351142774812));
#9504=CARTESIAN_POINT('Origin',(3.81409087546197,1958.99706210173,110.95612323576));
#9505=CARTESIAN_POINT('',(91.3973019084853,1956.70361500684,18.6310386402511));
#9506=CARTESIAN_POINT('Ctrl Pts',(91.3973019084853,1956.70361500684,18.631038640251));
#9507=CARTESIAN_POINT('Ctrl Pts',(91.4173165805551,1956.7030909042,19.3956301363391));
#9508=CARTESIAN_POINT('Ctrl Pts',(91.4373312526248,1956.70256680157,20.1602216324272));
#9509=CARTESIAN_POINT('Ctrl Pts',(91.4573459246945,1956.70204269894,20.9248131285154));
#9510=CARTESIAN_POINT('',(1.45897284452948,1959.05873303777,20.9869639879597));
#9511=CARTESIAN_POINT('Ctrl Pts',(91.6566911885534,1956.69682265949,28.5401111958961));
#9512=CARTESIAN_POINT('Ctrl Pts',(91.5702280951974,1956.69908677527,25.2370870106811));
#9513=CARTESIAN_POINT('Ctrl Pts',(91.4837650018413,1956.70135089106,21.934062825466));
#9514=CARTESIAN_POINT('Ctrl Pts',(91.3973019084853,1956.70361500684,18.631038640251));
#9515=CARTESIAN_POINT('Ctrl Pts',(90.0869000269381,1956.73792908773,28.5812317151091));
#9516=CARTESIAN_POINT('Ctrl Pts',(90.0004369335821,1956.74019320351,25.2782075298941));
#9517=CARTESIAN_POINT('Ctrl Pts',(89.913973840226,1956.74245731929,21.975183344679));
#9518=CARTESIAN_POINT('Ctrl Pts',(89.82751074687,1956.74472143507,18.672159159464));
#9519=CARTESIAN_POINT('Ctrl Pts',(86.5138423918443,1957.04790806158,28.674975940641));
#9520=CARTESIAN_POINT('Ctrl Pts',(86.4273792984883,1957.05017217736,25.371951755426));
#9521=CARTESIAN_POINT('Ctrl Pts',(86.3409162051322,1957.05243629314,22.0689275702109));
#9522=CARTESIAN_POINT('Ctrl Pts',(86.2544531117762,1957.05470040892,18.7659033849959));
#9523=CARTESIAN_POINT('Ctrl Pts',(78.131378693031,1958.35129283079,28.8952966874967));
#9524=CARTESIAN_POINT('Ctrl Pts',(78.0449155996749,1958.35355694657,25.5922725022817));
#9525=CARTESIAN_POINT('Ctrl Pts',(77.9584525063189,1958.35582106235,22.2892483170666));
#9526=CARTESIAN_POINT('Ctrl Pts',(77.8719894129629,1958.35808517813,18.9862241318516));
#9527=CARTESIAN_POINT('Ctrl Pts',(69.9120703395874,1959.85547830063,29.1114841676679));
#9528=CARTESIAN_POINT('Ctrl Pts',(69.8256072462314,1959.85774241641,25.8084599824528));
#9529=CARTESIAN_POINT('Ctrl Pts',(69.7391441528753,1959.8600065322,22.5054357972378));
#9530=CARTESIAN_POINT('Ctrl Pts',(69.6526810595193,1959.86227064798,19.2024116120227));
#9531=CARTESIAN_POINT('Ctrl Pts',(59.9296653848446,1961.90531465103,29.3741981623863));
#9532=CARTESIAN_POINT('Ctrl Pts',(59.8432022914886,1961.90757876681,26.0711739771713));
#9533=CARTESIAN_POINT('Ctrl Pts',(59.7567391981325,1961.90984288259,22.7681497919562));
#9534=CARTESIAN_POINT('Ctrl Pts',(59.6702761047765,1961.91210699838,19.4651256067412));
#9535=CARTESIAN_POINT('Ctrl Pts',(48.7346214443689,1964.42861263927,29.6689798877229));
#9536=CARTESIAN_POINT('Ctrl Pts',(48.6481583510129,1964.43087675505,26.3659557025079));
#9537=CARTESIAN_POINT('Ctrl Pts',(48.5616952576569,1964.43314087083,23.0629315172928));
#9538=CARTESIAN_POINT('Ctrl Pts',(48.4752321643008,1964.43540498661,19.7599073320778));
#9539=CARTESIAN_POINT('Ctrl Pts',(41.0814769845447,1966.30283244983,29.8706005714371));
#9540=CARTESIAN_POINT('Ctrl Pts',(40.9950138911886,1966.30509656561,26.5675763862221));
#9541=CARTESIAN_POINT('Ctrl Pts',(40.9085507978326,1966.30736068139,23.264552201007));
#9542=CARTESIAN_POINT('Ctrl Pts',(40.8220877044766,1966.30962479718,19.961528015792));
#9543=CARTESIAN_POINT('Ctrl Pts',(37.3827742201072,1967.24587571851,29.9680677480342));
#9544=CARTESIAN_POINT('Ctrl Pts',(37.2963111267511,1967.24813983429,26.6650435628191));
#9545=CARTESIAN_POINT('Ctrl Pts',(37.2098480333951,1967.25040395007,23.3620193776041));
#9546=CARTESIAN_POINT('Ctrl Pts',(37.1233849400391,1967.25266806585,20.058995192389));
#9547=CARTESIAN_POINT('',(37.2037028327115,1967.25056486729,23.1272631475648));
#9548=CARTESIAN_POINT('Ctrl Pts',(37.2037028327115,1967.25056486729,23.1272631475648));
#9549=CARTESIAN_POINT('Ctrl Pts',(37.2597600191702,1967.2490969582,25.2687345597181));
#9550=CARTESIAN_POINT('Ctrl Pts',(37.3158172046146,1967.24762904966,27.4102059718971));
#9551=CARTESIAN_POINT('Ctrl Pts',(37.3755076674179,1967.24606599989,29.6904741720448));
#9552=CARTESIAN_POINT('Ctrl Pts',(37.379140943824,1967.24597085917,29.8292709600378));
#9553=CARTESIAN_POINT('Ctrl Pts',(37.3827742201686,1967.24587571848,29.9680677480325));
#9554=CARTESIAN_POINT('Ctrl Pts',(91.3973019084853,1956.70361500684,18.6310386402511));
#9555=CARTESIAN_POINT('Ctrl Pts',(89.1295705206592,1956.7629976431,18.6904416324345));
#9556=CARTESIAN_POINT('Ctrl Pts',(85.6760121956377,1957.15715460065,18.7941798173702));
#9557=CARTESIAN_POINT('Ctrl Pts',(74.2139011932195,1958.92913418112,19.3109215033605));
#9558=CARTESIAN_POINT('Ctrl Pts',(66.305838223499,1960.50757549455,19.8265098714186));
#9559=CARTESIAN_POINT('Ctrl Pts',(51.3322488377787,1963.76643806989,21.2057058892868));
#9560=CARTESIAN_POINT('Ctrl Pts',(44.0086983222737,1965.51029647415,22.0746625819103));
#9561=CARTESIAN_POINT('Ctrl Pts',(37.2037028336998,1967.25056486733,23.1272631475394));
#9562=CARTESIAN_POINT('Origin',(380.047972296085,2032.57460744682,15.9860437626856));
#9563=CARTESIAN_POINT('',(253.655580125602,2042.94378078255,14.4427269109915));
#9564=CARTESIAN_POINT('',(253.389144126095,2042.96475455345,14.4497157692166));
#9565=CARTESIAN_POINT('',(194.762703250269,2047.57981236046,15.987540553706));
#9566=CARTESIAN_POINT('',(253.389054166033,2042.96516417594,14.4450569356448));
#9567=CARTESIAN_POINT('',(265.206623113949,1989.1552634585,626.450936353285));
#9568=CARTESIAN_POINT('',(414.442200650979,2030.04386077482,13.0370972668371));
#9569=CARTESIAN_POINT('Origin',(253.905359519639,2052.48247100496,14.4427269109915));
#9570=CARTESIAN_POINT('',(253.905359519639,2052.48247100496,14.4427269109915));
#9571=CARTESIAN_POINT('',(653.631203840479,2035.03086203903,10.9515809932089));
#9572=CARTESIAN_POINT('',(254.68982106495,2052.44822224088,14.4358755408323));
#9573=CARTESIAN_POINT('',(651.196277142626,1942.04476294684,10.9515809932089));
#9574=CARTESIAN_POINT('',(251.287664688851,1952.5167385074,14.4427269109915));
#9575=CARTESIAN_POINT('',(253.789301755225,2048.05040379255,14.4427269109915));
#9576=CARTESIAN_POINT('',(255.29054777014,2067.12408697131,14.4339874699071));
#9577=CARTESIAN_POINT('',(251.287664688851,1952.5167385074,14.4427269109915));
#9578=CARTESIAN_POINT('Origin',(253.774071119711,2002.46876928816,59.4273065348915));
#9579=CARTESIAN_POINT('',(253.972450468802,2042.47576243911,27.0072284413871));
#9580=CARTESIAN_POINT('',(253.929141835889,2032.47194556227,35.3542940416117));
#9581=CARTESIAN_POINT('',(253.801298604226,2002.94156807204,59.9940891463268));
#9582=CARTESIAN_POINT('',(253.909837466179,2042.47740201828,24.6153146901606));
#9583=CARTESIAN_POINT('',(254.430902703472,2042.46375744485,44.5208144132224));
#9584=CARTESIAN_POINT('',(253.648028089417,2032.47930601057,24.6153139700721));
#9585=CARTESIAN_POINT('',(253.25320939831,2017.40178958179,24.6153128841502));
#9586=CARTESIAN_POINT('',(253.778887913966,2032.47587932547,29.6143621024158));
#9587=CARTESIAN_POINT('',(254.16909334556,2032.46566143665,44.5208144132235));
#9588=CARTESIAN_POINT('',(254.949507084058,2032.4452291681,74.3338252929698));
#9589=CARTESIAN_POINT('Origin',(265.326617093245,2037.00596197454,93.9845281087389));
#9590=CARTESIAN_POINT('',(637.528188087383,2020.72448352959,21.7392234308651));
#9591=CARTESIAN_POINT('',(629.319151948508,2021.08487274083,26.1656299420048));
#9592=CARTESIAN_POINT('Ctrl Pts',(637.527391356616,2020.72450430248,21.73849432338));
#9593=CARTESIAN_POINT('Ctrl Pts',(637.388190876225,2020.73066951067,21.9451872276821));
#9594=CARTESIAN_POINT('Ctrl Pts',(637.241332419484,2020.73716562619,22.1464258756933));
#9595=CARTESIAN_POINT('Ctrl Pts',(637.087247773528,2020.74397531386,22.3418983342715));
#9596=CARTESIAN_POINT('Ctrl Pts',(636.932464961867,2020.75081585659,22.5382564889285));
#9597=CARTESIAN_POINT('Ctrl Pts',(636.770389877667,2020.75797283155,22.7287965490769));
#9598=CARTESIAN_POINT('Ctrl Pts',(636.601417290555,2020.76542978825,22.9131713482499));
#9599=CARTESIAN_POINT('Ctrl Pts',(636.433215151522,2020.77285274418,23.0967054713577));
#9600=CARTESIAN_POINT('Ctrl Pts',(636.258177769426,2020.78057296571,23.2741308472783));
#9601=CARTESIAN_POINT('Ctrl Pts',(636.076659295908,2020.78857514371,23.4450678489452));
#9602=CARTESIAN_POINT('Ctrl Pts',(635.901551435855,2020.79629471207,23.6099679386483));
#9603=CARTESIAN_POINT('Ctrl Pts',(635.720411620846,2020.8042766879,23.7688300236661));
#9604=CARTESIAN_POINT('Ctrl Pts',(635.533532863493,2020.8125079725,23.9212746643528));
#9605=CARTESIAN_POINT('Ctrl Pts',(635.339292030998,2020.82106352797,24.0797248506443));
#9606=CARTESIAN_POINT('Ctrl Pts',(635.139510536089,2020.82985924592,24.2307044203469));
#9607=CARTESIAN_POINT('Ctrl Pts',(634.934604188507,2020.8388760548,24.3738940534862));
#9608=CARTESIAN_POINT('Ctrl Pts',(634.730292800619,2020.84786668274,24.5166679256626));
#9609=CARTESIAN_POINT('Ctrl Pts',(634.520885773972,2020.85707713297,24.6516974475547));
#9610=CARTESIAN_POINT('Ctrl Pts',(634.306760320381,2020.86648940999,24.7786283290186));
#9611=CARTESIAN_POINT('Ctrl Pts',(634.111032798281,2020.87509297219,24.8946531476017));
#9612=CARTESIAN_POINT('Ctrl Pts',(633.911362174386,2020.88386518626,25.0039110454918));
#9613=CARTESIAN_POINT('Ctrl Pts',(633.708016135481,2020.89279283613,25.1060992411916));
#9614=CARTESIAN_POINT('Ctrl Pts',(633.485392369384,2020.90256685016,25.2179751405202));
#9615=CARTESIAN_POINT('Ctrl Pts',(633.258362983031,2020.91252717641,25.32137814595));
#9616=CARTESIAN_POINT('Ctrl Pts',(633.027446523973,2020.92265214679,25.4161811152094));
#9617=CARTESIAN_POINT('Ctrl Pts',(632.892520829619,2020.92856821993,25.4715749858163));
#9618=CARTESIAN_POINT('Ctrl Pts',(632.756267708714,2020.93454051308,25.5240317722325));
#9619=CARTESIAN_POINT('Ctrl Pts',(632.618788740781,2020.9405647504,25.5735180862053));
#9620=CARTESIAN_POINT('Ctrl Pts',(632.385755614579,2020.95077610765,25.6573996473098));
#9621=CARTESIAN_POINT('Ctrl Pts',(632.149926641834,2020.96110477886,25.7324881587339));
#9622=CARTESIAN_POINT('Ctrl Pts',(631.911839970733,2020.97152785478,25.7987451227488));
#9623=CARTESIAN_POINT('Ctrl Pts',(631.671248798419,2020.982060574,25.8656990625582));
#9624=CARTESIAN_POINT('Ctrl Pts',(631.428351567023,2020.9926897107,25.923634889972));
#9625=CARTESIAN_POINT('Ctrl Pts',(631.183682150156,2021.00339217514,25.9724644516896));
#9626=CARTESIAN_POINT('Ctrl Pts',(630.939382080273,2021.0140784834,26.0212203014918));
#9627=CARTESIAN_POINT('Ctrl Pts',(630.693314519253,2021.0248379154,26.0608974888438));
#9628=CARTESIAN_POINT('Ctrl Pts',(630.445999240027,2021.03564777831,26.0913577713942));
#9629=CARTESIAN_POINT('Ctrl Pts',(630.201720305224,2021.04632492613,26.1214440863139));
#9630=CARTESIAN_POINT('Ctrl Pts',(629.956223477461,2021.0570512906,26.1425384674311));
#9631=CARTESIAN_POINT('Ctrl Pts',(629.710007700195,2021.06780503963,26.1544572497925));
#9632=CARTESIAN_POINT('Ctrl Pts',(629.579898421713,2021.07348770766,26.160755563372));
#9633=CARTESIAN_POINT('Ctrl Pts',(629.449588404471,2021.07917802179,26.1644907863685));
#9634=CARTESIAN_POINT('Ctrl Pts',(629.319151948508,2021.08487274083,26.1656299420047));
#9635=CARTESIAN_POINT('',(637.511295235422,2020.72492588449,21.0938903018107));
#9636=CARTESIAN_POINT('',(637.88145649946,2020.71523287066,35.2346243432379));
#9637=CARTESIAN_POINT('',(263.503783064647,2037.0536995814,24.3604161416744));
#9638=CARTESIAN_POINT('',(450.833985397419,2028.87506043393,22.7243020888972));
#9639=CARTESIAN_POINT('',(263.634663499658,2037.0502719963,29.3594637337975));
#9640=CARTESIAN_POINT('',(264.568602132254,2037.02581338155,65.0317448664203));
#9641=CARTESIAN_POINT('',(268.533281940762,2036.83639882432,29.3166799311604));
#9642=CARTESIAN_POINT('',(263.547467212612,2037.05407889427,29.3602252931661));
#9643=CARTESIAN_POINT('',(268.630475708422,2036.83215544701,29.3158310552872));
#9644=CARTESIAN_POINT('',(263.547467212612,2037.05407889427,29.3602252931661));
#9645=CARTESIAN_POINT('',(263.547467212612,2037.05407889427,29.3602252931661));
#9646=CARTESIAN_POINT('Origin',(453.310140372423,2026.26685940087,27.7030562472405));
#9647=CARTESIAN_POINT('',(629.187414880916,2016.08586177438,26.1671602025652));
#9648=CARTESIAN_POINT('Ctrl Pts',(629.319151948508,2021.08487274083,26.1656299420047));
#9649=CARTESIAN_POINT('Ctrl Pts',(629.275239534779,2019.41853575354,26.1661400293638));
#9650=CARTESIAN_POINT('Ctrl Pts',(629.23132717892,2017.75219876472,26.1666501162174));
#9651=CARTESIAN_POINT('Ctrl Pts',(629.187414880915,2016.08586177438,26.1671602025657));
#9652=CARTESIAN_POINT('',(268.412408882675,2031.83691856857,29.3181153067016));
#9653=CARTESIAN_POINT('',(268.521442388968,2034.33453914774,29.316973180016));
#9654=CARTESIAN_POINT('',(643.072813532234,2015.47963990746,26.0458872013146));
#9655=CARTESIAN_POINT('Origin',(263.285716020092,2032.05845769073,24.3627003953808));
#9656=CARTESIAN_POINT('',(637.397290688155,2015.72543533486,21.7395015277709));
#9657=CARTESIAN_POINT('Ctrl Pts',(629.187414880915,2016.08586177438,26.1671602025657));
#9658=CARTESIAN_POINT('Ctrl Pts',(629.43316955023,2016.07513238209,26.1650139799668));
#9659=CARTESIAN_POINT('Ctrl Pts',(629.678416882662,2016.06442121176,26.1536557557469));
#9660=CARTESIAN_POINT('Ctrl Pts',(629.922662284899,2016.05374982381,26.1333068599656));
#9661=CARTESIAN_POINT('Ctrl Pts',(630.170041789313,2016.042941503,26.1126968517213));
#9662=CARTESIAN_POINT('Ctrl Pts',(630.41639409769,2016.03217397593,26.0828639111169));
#9663=CARTESIAN_POINT('Ctrl Pts',(630.661210357931,2016.021469495,26.0439849417815));
#9664=CARTESIAN_POINT('Ctrl Pts',(630.907678122973,2016.01069280276,26.0048436989987));
#9665=CARTESIAN_POINT('Ctrl Pts',(631.152589696343,2015.99997999297,25.9565338735032));
#9666=CARTESIAN_POINT('Ctrl Pts',(631.395421345569,2015.98935387431,25.8991837044995));
#9667=CARTESIAN_POINT('Ctrl Pts',(631.63739641143,2015.97876523906,25.8420358369705));
#9668=CARTESIAN_POINT('Ctrl Pts',(631.877306838284,2015.96826266759,25.7759111221116));
#9669=CARTESIAN_POINT('Ctrl Pts',(632.114620309082,2015.95786908465,25.7008868476594));
#9670=CARTESIAN_POINT('Ctrl Pts',(632.348703630273,2015.9476169721,25.6268837526197));
#9671=CARTESIAN_POINT('Ctrl Pts',(632.580260777872,2015.93747088629,25.5442214905341));
#9672=CARTESIAN_POINT('Ctrl Pts',(632.808758249664,2015.927453411,25.4529289702776));
#9673=CARTESIAN_POINT('Ctrl Pts',(632.864402200749,2015.9250139446,25.4306973171582));
#9674=CARTESIAN_POINT('Ctrl Pts',(632.919864576565,2015.92258210846,25.4079536638089));
#9675=CARTESIAN_POINT('Ctrl Pts',(632.975137406859,2015.9201582356,25.3846980364678));
#9676=CARTESIAN_POINT('Ctrl Pts',(633.179047019807,2015.91121621158,25.298904601525));
#9677=CARTESIAN_POINT('Ctrl Pts',(633.379767888734,2015.90240942707,25.2064021802313));
#9678=CARTESIAN_POINT('Ctrl Pts',(633.576946270687,2015.89375258626,25.1072949287839));
#9679=CARTESIAN_POINT('Ctrl Pts',(633.79852948403,2015.8840242855,24.9959211411318));
#9680=CARTESIAN_POINT('Ctrl Pts',(634.015639932659,2015.87448531916,24.8762072392421));
#9681=CARTESIAN_POINT('Ctrl Pts',(634.227943696935,2015.86515220638,24.7485667364016));
#9682=CARTESIAN_POINT('Ctrl Pts',(634.441725513125,2015.85575411677,24.6200376045248));
#9683=CARTESIAN_POINT('Ctrl Pts',(634.650633984454,2015.84656474367,24.483470726655));
#9684=CARTESIAN_POINT('Ctrl Pts',(634.854302695611,2015.83760161063,24.3392416484285));
#9685=CARTESIAN_POINT('Ctrl Pts',(635.058036822073,2015.82863559877,24.1949662460062));
#9686=CARTESIAN_POINT('Ctrl Pts',(635.256528307471,2015.81989595939,24.0430232821037));
#9687=CARTESIAN_POINT('Ctrl Pts',(635.449377609967,2015.81140108427,23.8837484489372));
#9688=CARTESIAN_POINT('Ctrl Pts',(635.568273474044,2015.80616380571,23.7855519884372));
#9689=CARTESIAN_POINT('Ctrl Pts',(635.685024075175,2015.80101957941,23.6845679247292));
#9690=CARTESIAN_POINT('Ctrl Pts',(635.799528347979,2015.79597290927,23.5808684069282));
#9691=CARTESIAN_POINT('Ctrl Pts',(635.985114331455,2015.78779337834,23.4127945305045));
#9692=CARTESIAN_POINT('Ctrl Pts',(636.164216959187,2015.77989592751,23.2381184783139));
#9693=CARTESIAN_POINT('Ctrl Pts',(636.336495825772,2015.77229536094,23.0572447214206));
#9694=CARTESIAN_POINT('Ctrl Pts',(636.509172912405,2015.76467722577,22.8759528775172));
#9695=CARTESIAN_POINT('Ctrl Pts',(636.674995140532,2015.75735733602,22.6884341984326));
#9696=CARTESIAN_POINT('Ctrl Pts',(636.8335872804,2015.75035144155,22.4950549322929));
#9697=CARTESIAN_POINT('Ctrl Pts',(636.991207307896,2015.74338849067,22.3028610110103));
#9698=CARTESIAN_POINT('Ctrl Pts',(637.141686041518,2015.73673568602,22.1048776521837));
#9699=CARTESIAN_POINT('Ctrl Pts',(637.284616318877,2015.73040950159,21.9014308979677));
#9700=CARTESIAN_POINT('Ctrl Pts',(637.322440349241,2015.7287353861,21.8475922267564));
#9701=CARTESIAN_POINT('Ctrl Pts',(637.35973552622,2015.72708415002,21.7933707900469));
#9702=CARTESIAN_POINT('Ctrl Pts',(637.396493786547,2015.72545611221,21.7387722985139));
#9703=CARTESIAN_POINT('',(263.416596455103,2032.05503010564,29.3617479875039));
#9704=CARTESIAN_POINT('',(643.072813532234,2015.47963990746,26.0458872013146));
#9705=CARTESIAN_POINT('',(263.416596455103,2032.05503010564,29.3617479875039));
#9706=CARTESIAN_POINT('',(263.285716020092,2032.05845769073,24.3627003953808));
#9707=CARTESIAN_POINT('',(263.285716020092,2032.05845769073,24.3627003953808));
#9708=CARTESIAN_POINT('',(637.3804304146,2015.72587683666,21.0954129442988));
#9709=CARTESIAN_POINT('',(260.744211670776,2032.16941709133,24.3848975153825));
#9710=CARTESIAN_POINT('',(637.665076698548,2015.7184231114,31.969342196872));
#9711=CARTESIAN_POINT('Origin',(269.29969460671,2034.31415775381,59.0427291713025));
#9712=CARTESIAN_POINT('',(268.565990370802,2031.83289689577,35.1842409515655));
#9713=CARTESIAN_POINT('',(268.674823006676,2036.83099417214,31.0096994162726));
#9714=CARTESIAN_POINT('',(268.157241219268,2013.0612480737,50.8628128881634));
#9715=CARTESIAN_POINT('',(268.279244060883,2031.84040561215,24.2318149612627));
#9716=CARTESIAN_POINT('',(270.320145134035,2036.78790989595,93.8536426746211));
#9717=CARTESIAN_POINT('Origin',(264.97766983528,2032.01415232083,88.9877654749157));
#9718=CARTESIAN_POINT('',(362.944166806008,2027.7123208268,34.0877412168431));
#9719=CARTESIAN_POINT('Origin',(259.074975499677,2052.26134405459,24.3979576205584));
#9720=CARTESIAN_POINT('',(637.423861195364,2017.38493694054,21.0949076171093));
#9721=CARTESIAN_POINT('',(260.753521498726,1974.05370885632,24.3892251494191));
#9722=CARTESIAN_POINT('',(264.15798419831,2052.03942525339,24.3535633805553));
#9723=CARTESIAN_POINT('',(353.422645209631,1970.00787260831,23.5798668416081));
#9724=CARTESIAN_POINT('Origin',(451.450011293386,1965.74250743462,54.2276064193897));
#9725=CARTESIAN_POINT('',(90.9735681118503,1981.4674795282,28.8393299094421));
#9726=CARTESIAN_POINT('',(260.753521498726,1974.05370885632,24.3892251494191));
#9727=CARTESIAN_POINT('',(92.4072857594473,1981.42993236354,83.600935442033));
#9728=CARTESIAN_POINT('Origin',(637.511295235422,2020.72492588449,21.0938903018107));
#9729=CARTESIAN_POINT('',(637.928634605613,2020.71399746847,21.0902447687599));
#9730=CARTESIAN_POINT('Ctrl Pts',(637.928602646762,2020.71399830194,21.0902161705636));
#9731=CARTESIAN_POINT('Ctrl Pts',(637.80315386162,2020.71728328433,21.3117641941931));
#9732=CARTESIAN_POINT('Ctrl Pts',(637.669247087695,2020.72078972271,21.5279583445262));
#9733=CARTESIAN_POINT('Ctrl Pts',(637.527391356616,2020.72450430248,21.73849432338));
#9734=CARTESIAN_POINT('',(448.010200408311,2025.6871866909,22.7492158084121));
#9735=CARTESIAN_POINT('Origin',(637.511290229722,2015.72245015181,26.094460716513));
#9736=CARTESIAN_POINT('',(637.472284520686,2015.72347155225,21.6260394775296));
#9737=CARTESIAN_POINT('Ctrl Pts',(637.396493786547,2015.72545611221,21.7387722985139));
#9738=CARTESIAN_POINT('Ctrl Pts',(637.421809595099,2015.72479320214,21.7011875111634));
#9739=CARTESIAN_POINT('Ctrl Pts',(637.446870832339,2015.72413695781,21.6634240822831));
#9740=CARTESIAN_POINT('Ctrl Pts',(637.471674804403,2015.7234874499,21.6254838415437));
#9741=CARTESIAN_POINT('',(637.46763263986,2015.72359336603,21.093128690911));
#9742=CARTESIAN_POINT('',(637.3804304146,2015.72587683666,21.0954129442988));
#9743=CARTESIAN_POINT('',(637.511290229721,2015.72245015181,26.094460716513));
#9744=CARTESIAN_POINT('Origin',(637.511290229721,2015.72245015181,26.0944607165132));
#9745=CARTESIAN_POINT('',(637.472248905106,2015.72211115293,21.6260395341783));
#9746=CARTESIAN_POINT('Ctrl Pts',(637.472284520686,2015.72347155225,21.6260394775296));
#9747=CARTESIAN_POINT('Ctrl Pts',(637.472272648826,2015.72301808581,21.6260394964124));
#9748=CARTESIAN_POINT('Ctrl Pts',(637.472260776966,2015.72256461937,21.6260395152949));
#9749=CARTESIAN_POINT('Ctrl Pts',(637.472248905106,2015.72211115293,21.6260395341783));
#9750=CARTESIAN_POINT('',(637.467592780209,2015.72207072344,21.0931291546865));
#9751=CARTESIAN_POINT('',(637.467612710034,2015.72283204474,21.0931289227986));
#9752=CARTESIAN_POINT('',(637.511290229721,2015.72245015181,26.0944607165132));
#9753=CARTESIAN_POINT('Origin',(642.509406936078,2015.59235857291,26.0508012251757));
#9754=CARTESIAN_POINT('',(637.801028507004,2015.71339025305,21.084394859233));
#9755=CARTESIAN_POINT('Ctrl Pts',(637.471639188759,2015.72212705059,21.6254838981539));
#9756=CARTESIAN_POINT('Ctrl Pts',(637.587093620087,2015.71906864926,21.4488829822396));
#9757=CARTESIAN_POINT('Ctrl Pts',(637.696976118854,2015.71615411654,21.2684520891529));
#9758=CARTESIAN_POINT('Ctrl Pts',(637.800999192107,2015.71339101757,21.0843686065272));
#9759=CARTESIAN_POINT('',(639.878306939693,2015.65931160318,21.0299808834285));
#9760=CARTESIAN_POINT('Origin',(637.3804304146,2015.72587683666,21.0954129442985));
#9761=CARTESIAN_POINT('Ctrl Pts',(637.801028507004,2015.71339025305,21.084394859233));
#9762=CARTESIAN_POINT('Ctrl Pts',(637.602262995075,2008.17134828919,21.0867268984217));
#9763=CARTESIAN_POINT('Ctrl Pts',(637.403498680037,2000.62930629377,21.0890589062581));
#9764=CARTESIAN_POINT('Ctrl Pts',(636.911683006419,1981.96742130618,21.0948291045083));
#9765=CARTESIAN_POINT('Ctrl Pts',(636.618633050903,1970.84757827701,21.0982672581679));
#9766=CARTESIAN_POINT('Ctrl Pts',(636.325585688766,1959.72773517948,21.1017053438943));
#9767=CARTESIAN_POINT('Ctrl Pts',(636.405751489324,1959.54437694231,20.9481542429643));
#9768=CARTESIAN_POINT('Ctrl Pts',(636.984432126488,1981.64329890064,20.9481542429643));
#9769=CARTESIAN_POINT('Ctrl Pts',(637.563112763608,2003.74222085727,20.9481542429643));
#9770=CARTESIAN_POINT('Ctrl Pts',(638.141793400683,2025.84114281217,20.9481542429643));
#9771=CARTESIAN_POINT('Ctrl Pts',(635.43929059985,1959.57039121746,22.7327719972221));
#9772=CARTESIAN_POINT('Ctrl Pts',(636.01727809788,1981.66933111466,22.7307280729416));
#9773=CARTESIAN_POINT('Ctrl Pts',(636.595324106967,2003.76826948459,22.7287177218757));
#9774=CARTESIAN_POINT('Ctrl Pts',(637.173318537489,2025.86720919729,22.726671281115));
#9775=CARTESIAN_POINT('Ctrl Pts',(632.76950787464,1959.64153556073,25.3159856649651));
#9776=CARTESIAN_POINT('Ctrl Pts',(633.348198650216,1981.74045668721,25.3104653177023));
#9777=CARTESIAN_POINT('Ctrl Pts',(633.926893484737,2003.83937770514,25.3049396169581));
#9778=CARTESIAN_POINT('Ctrl Pts',(634.505599883777,2025.93829842025,25.2994178586114));
#9779=CARTESIAN_POINT('Ctrl Pts',(629.225178130945,1959.73519682179,26.1711053285749));
#9780=CARTESIAN_POINT('Ctrl Pts',(629.806426951788,1981.83405124771,26.1643465551057));
#9781=CARTESIAN_POINT('Ctrl Pts',(630.387675006472,2003.93290569647,26.1575990625262));
#9782=CARTESIAN_POINT('Ctrl Pts',(630.968942720193,2026.03175962471,26.1508401530728));
#9783=CARTESIAN_POINT('Ctrl Pts',(627.703507654098,1959.77529966194,26.1843973692765));
#9784=CARTESIAN_POINT('Ctrl Pts',(628.285851720145,1981.87412569001,26.1776327963742));
#9785=CARTESIAN_POINT('Ctrl Pts',(628.868205928188,2003.9729514508,26.17086813488));
#9786=CARTESIAN_POINT('Ctrl Pts',(629.450570317274,2026.07177694326,26.1641033844527));
#9787=CARTESIAN_POINT('',(638.141738885102,2025.83906094615,20.9481542429643));
#9788=CARTESIAN_POINT('',(636.834649439544,1975.92332885689,20.9481542429643));
#9789=CARTESIAN_POINT('',(638.063803995935,2025.84324106112,21.0886746392757));
#9790=CARTESIAN_POINT('Ctrl Pts',(638.063772483945,2025.84324188294,21.088646499522));
#9791=CARTESIAN_POINT('Ctrl Pts',(638.090138340819,2025.84182889758,21.042049476516));
#9792=CARTESIAN_POINT('Ctrl Pts',(638.116128791999,2025.84043517771,20.9952177995248));
#9793=CARTESIAN_POINT('Ctrl Pts',(638.141738885102,2025.83906094614,20.9481542429643));
#9794=CARTESIAN_POINT('Ctrl Pts',(638.063803995935,2025.84324106112,21.0886746392757));
#9795=CARTESIAN_POINT('Ctrl Pts',(638.018747471558,2024.13349319851,21.0891980163024));
#9796=CARTESIAN_POINT('Ctrl Pts',(637.973691008124,2022.4237453343,21.089721392797));
#9797=CARTESIAN_POINT('Ctrl Pts',(637.928634605613,2020.71399746847,21.0902447687599));
#9798=CARTESIAN_POINT('Origin',(263.285716020092,2032.05845769073,24.3627003953808));
#9799=CARTESIAN_POINT('',(93.5058524369241,2049.48175286265,28.8196658109246));
#9800=CARTESIAN_POINT('',(93.941896722326,2049.46271214395,28.808236647991));
#9801=CARTESIAN_POINT('',(93.0698078097961,2049.46270431868,28.8310688669921));
#9802=CARTESIAN_POINT('',(177.636818788489,2053.15700147775,26.6195466794452));
#9803=CARTESIAN_POINT('',(93.505762633217,2039.47222836261,28.8128051554034));
#9804=CARTESIAN_POINT('',(93.8287283479614,2032.07104586761,28.7992749629393));
#9805=CARTESIAN_POINT('',(94.3780308114348,2059.45319592527,28.8036681405785));
#9806=CARTESIAN_POINT('Origin',(241.759209096293,2095.92028644516,-587.839016105577));
#9807=CARTESIAN_POINT('',(251.400155377465,2017.68646824907,14.4844539807699));
#9808=CARTESIAN_POINT('Origin',(4.07666767531679,2059.02446553532,20.9869639879597));
#9809=CARTESIAN_POINT('',(254.015759105066,2052.47958009007,18.6601621952397));
#9810=CARTESIAN_POINT('',(94.1253963247002,2056.66645658951,22.8484739244991));
#9811=CARTESIAN_POINT('',(232.528942953932,2053.04223217258,19.2230071506541));
#9812=CARTESIAN_POINT('',(253.905359519639,2052.48247100496,14.4427269109915));
#9813=CARTESIAN_POINT('',(94.0149967392726,2056.66934750439,18.6310386402511));
#9814=CARTESIAN_POINT('',(4.07666767531679,2059.02446553532,20.9869639879597));
#9815=CARTESIAN_POINT('Ctrl Pts',(94.1253963247002,2056.66645658951,22.848473924499));
#9816=CARTESIAN_POINT('Ctrl Pts',(94.088596462891,2056.6674202278,21.442662163083));
#9817=CARTESIAN_POINT('Ctrl Pts',(94.0517966010818,2056.6683838661,20.036850401667));
#9818=CARTESIAN_POINT('Ctrl Pts',(94.0149967392726,2056.66934750439,18.6310386402511));
#9819=CARTESIAN_POINT('Origin',(1.45897284452948,1959.05873303777,20.9869639879597));
#9820=CARTESIAN_POINT('Ctrl Pts',(94.0149967392726,2056.66934750439,18.6310386402511));
#9821=CARTESIAN_POINT('Ctrl Pts',(93.1424317956768,2023.34743667187,18.6310386402511));
#9822=CARTESIAN_POINT('Ctrl Pts',(92.2698668520811,1990.02552583936,18.6310386402511));
#9823=CARTESIAN_POINT('Ctrl Pts',(91.3973019084853,1956.70361500684,18.6310386402511));
#9824=CARTESIAN_POINT('Ctrl Pts',(91.3973019084853,1956.70361500684,18.6310386402511));
#9825=CARTESIAN_POINT('Ctrl Pts',(92.2698668520811,1990.02552583936,18.6310386402511));
#9826=CARTESIAN_POINT('Ctrl Pts',(93.1424317956768,2023.34743667187,18.6310386402511));
#9827=CARTESIAN_POINT('Ctrl Pts',(94.0149967392726,2056.66934750439,18.6310386402511));
#9828=CARTESIAN_POINT('Ctrl Pts',(85.7285221409444,1956.85205722922,18.7795317475161));
#9829=CARTESIAN_POINT('Ctrl Pts',(86.6010870845402,1990.17396806174,18.7795317475161));
#9830=CARTESIAN_POINT('Ctrl Pts',(87.4736520281359,2023.49587889426,18.7795317475161));
#9831=CARTESIAN_POINT('Ctrl Pts',(88.3462169717317,2056.81778972678,18.7795317475161));
#9832=CARTESIAN_POINT('Ctrl Pts',(76.8872743791316,1957.08357344969,19.1504114145288));
#9833=CARTESIAN_POINT('Ctrl Pts',(77.7598393227274,1990.40548428221,19.1504114145288));
#9834=CARTESIAN_POINT('Ctrl Pts',(78.6324042663232,2023.72739511472,19.1504114145288));
#9835=CARTESIAN_POINT('Ctrl Pts',(79.504969209919,2057.04930594724,19.1504114145288));
#9836=CARTESIAN_POINT('Ctrl Pts',(55.9171938882178,1957.63269433272,20.5717981176876));
#9837=CARTESIAN_POINT('Ctrl Pts',(56.7897588318136,1990.95460516524,20.5717981176875));
#9838=CARTESIAN_POINT('Ctrl Pts',(57.6623237754093,2024.27651599776,20.5717981176875));
#9839=CARTESIAN_POINT('Ctrl Pts',(58.5348887190051,2057.59842683028,20.5717981176875));
#9840=CARTESIAN_POINT('Ctrl Pts',(41.1954251321272,1958.01819741473,22.3125907759455));
#9841=CARTESIAN_POINT('Ctrl Pts',(42.067990075723,1991.34010824725,22.3125907759455));
#9842=CARTESIAN_POINT('Ctrl Pts',(42.9405550193187,2024.66201907977,22.3125907759455));
#9843=CARTESIAN_POINT('Ctrl Pts',(43.8131199629145,2057.98392991228,22.3125907759455));
#9844=CARTESIAN_POINT('Ctrl Pts',(31.3639062512505,1958.27564479705,24.0507820149812));
#9845=CARTESIAN_POINT('Ctrl Pts',(32.2364711948463,1991.59755562957,24.0507820149812));
#9846=CARTESIAN_POINT('Ctrl Pts',(33.109036138442,2024.91946646209,24.0507820149812));
#9847=CARTESIAN_POINT('Ctrl Pts',(33.9816010820378,2058.2413772946,24.0507820149812));
#9848=CARTESIAN_POINT('',(33.7085125737083,2047.8125479081,24.0507820149668));
#9849=CARTESIAN_POINT('Ctrl Pts',(33.7085125737096,2047.8125479081,24.0507820149732));
#9850=CARTESIAN_POINT('Ctrl Pts',(34.0641773364554,2039.61075287493,23.9499992156682));
#9851=CARTESIAN_POINT('Ctrl Pts',(34.4202424495649,2031.40325604795,23.8514368915352));
#9852=CARTESIAN_POINT('Ctrl Pts',(34.7762408085062,2023.19949388819,23.7550410779476));
#9853=CARTESIAN_POINT('Ctrl Pts',(34.9960426577395,2018.13429611944,23.6955240112176));
#9854=CARTESIAN_POINT('Ctrl Pts',(35.215820114159,2013.07052202347,23.6368328241771));
#9855=CARTESIAN_POINT('Ctrl Pts',(35.4354731154593,2008.01039239592,23.5789546371906));
#9856=CARTESIAN_POINT('Ctrl Pts',(35.8188005959393,1999.17970613373,23.4779485072449));
#9857=CARTESIAN_POINT('Ctrl Pts',(36.2026064124975,1990.34024405309,23.3791915837344));
#9858=CARTESIAN_POINT('Ctrl Pts',(36.5864363688173,1981.50125665315,23.2826303562825));
#9859=CARTESIAN_POINT('Ctrl Pts',(36.7927408337929,1976.7503961837,23.2307297371701));
#9860=CARTESIAN_POINT('Ctrl Pts',(36.999053183195,1971.99967282313,23.179463427209));
#9861=CARTESIAN_POINT('Ctrl Pts',(37.2053090810356,1967.2505228062,23.1288230160605));
#9862=CARTESIAN_POINT('Ctrl Pts',(33.7085125737528,2047.8125479081,24.0507820149656));
#9863=CARTESIAN_POINT('Ctrl Pts',(42.1038190081093,2049.58804475671,22.5757413295506));
#9864=CARTESIAN_POINT('Ctrl Pts',(51.5455794312002,2051.37166440893,21.3962695155275));
#9865=CARTESIAN_POINT('Ctrl Pts',(68.7588361235664,2054.18378595781,19.82650987142));
#9866=CARTESIAN_POINT('Ctrl Pts',(76.7386706033522,2055.34618803473,19.310921503361));
#9867=CARTESIAN_POINT('Ctrl Pts',(88.2778114268023,2056.5158586389,18.79417981737));
#9868=CARTESIAN_POINT('Ctrl Pts',(91.7472653514479,2056.72873014065,18.6904416324344));
#9869=CARTESIAN_POINT('Ctrl Pts',(94.0149967392726,2056.66934750439,18.6310386402511));
#9870=CARTESIAN_POINT('Origin',(93.505762633217,2039.47222836261,28.8128051554037));
#9871=CARTESIAN_POINT('',(35.9804347741518,2045.05804571224,35.3251862356453));
#9872=CARTESIAN_POINT('',(90.4062080392234,2049.34591930256,29.1337854288338));
#9873=CARTESIAN_POINT('',(269.787161193863,2063.47824484878,8.72765753675428));
#9874=CARTESIAN_POINT('',(36.3335684619286,2036.96552493799,35.3103927802659));
#9875=CARTESIAN_POINT('',(36.3335684619286,2036.96552493799,35.3103927802659));
#9876=CARTESIAN_POINT('',(91.0036818891761,2039.36252511693,29.0971651739978));
#9877=CARTESIAN_POINT('',(90.5677270657508,2049.353001073,29.1154288855867));
#9878=CARTESIAN_POINT('Origin',(93.0698078097917,2049.46270431868,28.8310688669924));
#9879=CARTESIAN_POINT('',(93.5072104908271,2049.48171729702,28.8715373995723));
#9880=CARTESIAN_POINT('',(273.011828830441,2057.34251958546,13.6910487873962));
#9881=CARTESIAN_POINT('',(93.5712926544309,2049.48003907011,31.3191896069842));
#9882=CARTESIAN_POINT('Origin',(263.852730544212,2042.04551388697,29.3571794800915));
#9883=CARTESIAN_POINT('',(362.849183876434,2037.72217543524,25.7422824041163));
#9884=CARTESIAN_POINT('Origin',(653.631203840479,2035.03086203903,10.9515809932089));
#9885=CARTESIAN_POINT('',(907.516668428591,2023.94750428983,10.9515809932086));
#9886=CARTESIAN_POINT('',(907.516604735062,2023.9460456684,10.9515809932089));
#9887=CARTESIAN_POINT('',(454.944909605537,2043.70450266057,10.9515809932086));
#9888=CARTESIAN_POINT('Origin',(256.260477550571,2052.42080006891,104.411886158792));
#9889=CARTESIAN_POINT('',(907.519706928568,2023.9474247239,11.0676564020608));
#9890=CARTESIAN_POINT('',(908.519275269013,2023.92125010574,49.2527163521047));
#9891=CARTESIAN_POINT('',(358.738835470206,2047.90734285229,17.4434739615572));
#9892=CARTESIAN_POINT('Origin',(263.63466329656,2037.05026734396,29.3594637359252));
#9893=CARTESIAN_POINT('',(263.67938773406,2037.04909619334,31.0677371285715));
#9894=CARTESIAN_POINT('',(362.679589737201,2032.72672126934,29.9175380112107));
#9895=CARTESIAN_POINT('',(264.547222080517,2037.02637115121,64.2151260316584));
#9896=CARTESIAN_POINT('Origin',(266.113981953874,2051.98820026505,99.0639344863061));
#9897=CARTESIAN_POINT('',(263.854347084057,2045.08403758452,24.356743981297));
#9898=CARTESIAN_POINT('',(263.059580592023,2008.58468968865,54.8419537275842));
#9899=CARTESIAN_POINT('',(264.15798419831,2052.03942525339,24.3535633805553));
#9900=CARTESIAN_POINT('Origin',(259.074975499677,2052.26134405459,24.3979576205584));
#9901=CARTESIAN_POINT('',(643.540531375856,2027.19389934968,21.0407211106432));
#9902=CARTESIAN_POINT('',(360.463035729414,2040.53200786615,23.5130034547632));
#9903=CARTESIAN_POINT('',(643.469202371176,2025.55997234835,21.0414682824302));
#9904=CARTESIAN_POINT('',(456.18173422576,2035.37473091696,22.6770848346741));
#9905=CARTESIAN_POINT('',(643.901397562487,2035.46022815726,21.0369410349975));
#9906=CARTESIAN_POINT('Origin',(643.901397562487,2035.46022815726,21.0369410349975));
#9907=CARTESIAN_POINT('',(642.462106211151,2027.22212597677,21.0689811334246));
#9908=CARTESIAN_POINT('',(552.244872177179,2029.58346573912,23.4331146611411));
#9909=CARTESIAN_POINT('',(642.391599185871,2025.60702798256,21.0697196949716));
#9910=CARTESIAN_POINT('',(643.469202371176,2025.55997234835,21.0414682824302));
#9911=CARTESIAN_POINT('',(642.823794377182,2035.50728379147,21.0651924475392));
#9912=CARTESIAN_POINT('Origin',(642.695170244273,2035.5106527908,16.1534272206248));
#9913=CARTESIAN_POINT('',(642.426925530104,2025.60610257627,22.4187257524341));
#9914=CARTESIAN_POINT('',(642.146459974247,2012.72292670222,33.1790880754335));
#9915=CARTESIAN_POINT('',(642.329552836993,2025.60865334411,18.7003576141052));
#9916=CARTESIAN_POINT('Origin',(643.469202371176,2025.55997234835,21.0414682824302));
#9917=CARTESIAN_POINT('',(643.504940554188,2025.55903615356,22.4062012151396));
#9918=CARTESIAN_POINT('',(552.681192444431,2029.52442515584,23.4614048950568));
#9919=CARTESIAN_POINT('',(643.407156022298,2025.5615977099,18.6721062015633));
#9920=CARTESIAN_POINT('Ctrl Pts',(94.0149967392726,2056.66934750439,18.6310386402511));
#9921=CARTESIAN_POINT('Ctrl Pts',(94.1277679575279,2056.66639448612,22.9390739745809));
#9922=CARTESIAN_POINT('Ctrl Pts',(94.2405391757831,2056.66344146784,27.2471093089108));
#9923=CARTESIAN_POINT('Ctrl Pts',(94.3533103940383,2056.66048844956,31.5551446432407));
#9924=CARTESIAN_POINT('Ctrl Pts',(92.3298082747328,2056.71347571735,18.6751819800328));
#9925=CARTESIAN_POINT('Ctrl Pts',(92.4425794929881,2056.71052269908,22.9832173143627));
#9926=CARTESIAN_POINT('Ctrl Pts',(92.5553507112433,2056.7075696808,27.2912526486926));
#9927=CARTESIAN_POINT('Ctrl Pts',(92.6681219294986,2056.70461666252,31.5992879830225));
#9928=CARTESIAN_POINT('Ctrl Pts',(88.3804478104924,2056.56644866963,18.7784634024893));
#9929=CARTESIAN_POINT('Ctrl Pts',(88.4932190287477,2056.56349565136,23.0864987368192));
#9930=CARTESIAN_POINT('Ctrl Pts',(88.6059902470029,2056.56054263308,27.3945340711491));
#9931=CARTESIAN_POINT('Ctrl Pts',(88.7187614652582,2056.55758961481,31.702569405479));
#9932=CARTESIAN_POINT('Ctrl Pts',(78.8112125743532,2055.53769400244,19.028251600706));
#9933=CARTESIAN_POINT('Ctrl Pts',(78.9239837926085,2055.53474098416,23.3362869350359));
#9934=CARTESIAN_POINT('Ctrl Pts',(79.0367550108637,2055.53178796589,27.6443222693658));
#9935=CARTESIAN_POINT('Ctrl Pts',(79.1495262291189,2055.52883494761,31.9523576036957));
#9936=CARTESIAN_POINT('Ctrl Pts',(69.3827726105812,2054.25993035244,19.2741835207873));
#9937=CARTESIAN_POINT('Ctrl Pts',(69.4955438288364,2054.25697733417,23.5822188551171));
#9938=CARTESIAN_POINT('Ctrl Pts',(69.6083150470917,2054.25402431589,27.890254189447));
#9939=CARTESIAN_POINT('Ctrl Pts',(69.7210862653469,2054.25107129761,32.1982895237769));
#9940=CARTESIAN_POINT('Ctrl Pts',(54.2400596512464,2051.87282870953,19.6689372545328));
#9941=CARTESIAN_POINT('Ctrl Pts',(54.3528308695016,2051.86987569126,23.9769725888626));
#9942=CARTESIAN_POINT('Ctrl Pts',(54.4656020877569,2051.86692267298,28.2850079231925));
#9943=CARTESIAN_POINT('Ctrl Pts',(54.5783733060121,2051.8639696547,32.5930432575224));
#9944=CARTESIAN_POINT('Ctrl Pts',(41.2725386815449,2049.42905459234,20.0067122528658));
#9945=CARTESIAN_POINT('Ctrl Pts',(41.3853098998002,2049.42610157407,24.3147475871957));
#9946=CARTESIAN_POINT('Ctrl Pts',(41.4980811180554,2049.42314855579,28.6227829215256));
#9947=CARTESIAN_POINT('Ctrl Pts',(41.6108523363107,2049.42019553751,32.9308182558555));
#9948=CARTESIAN_POINT('Ctrl Pts',(33.6078742882163,2047.81518321433,20.2062435200837));
#9949=CARTESIAN_POINT('Ctrl Pts',(33.7206455064715,2047.81223019605,24.5142788544135));
#9950=CARTESIAN_POINT('Ctrl Pts',(33.8334167247268,2047.80927717778,28.8223141887434));
#9951=CARTESIAN_POINT('Ctrl Pts',(33.946187942982,2047.8063241595,33.1303495230733));
#9952=CARTESIAN_POINT('',(33.9461879433061,2047.80632415962,33.1303495230649));
#9953=CARTESIAN_POINT('Ctrl Pts',(33.9461879433061,2047.80632415962,33.1303495230649));
#9954=CARTESIAN_POINT('Ctrl Pts',(33.9246391369319,2047.80688843498,32.3071517186196));
#9955=CARTESIAN_POINT('Ctrl Pts',(33.9030903302338,2047.80745271021,31.4839539141815));
#9956=CARTESIAN_POINT('Ctrl Pts',(33.8238652071279,2047.80952729307,28.4574314114801));
#9957=CARTESIAN_POINT('Ctrl Pts',(33.7661888904401,2047.81103760059,26.254106713223));
#9958=CARTESIAN_POINT('Ctrl Pts',(33.7085125737083,2047.8125479081,24.0507820149668));
#9959=CARTESIAN_POINT('Ctrl Pts',(94.1253963247002,2056.66645658951,22.848473924499));
#9960=CARTESIAN_POINT('Ctrl Pts',(87.2240391740882,2056.84717498657,23.0292542704755));
#9961=CARTESIAN_POINT('Ctrl Pts',(69.1229275638401,2054.4938919765,25.8618695430249));
#9962=CARTESIAN_POINT('Ctrl Pts',(43.956935432903,2049.85499103184,30.9404893315724));
#9963=CARTESIAN_POINT('Ctrl Pts',(38.7870523186008,2048.83157264201,32.0425589257215));
#9964=CARTESIAN_POINT('Ctrl Pts',(33.9461879436348,2047.80632415964,33.1303495230558));
#9965=CARTESIAN_POINT('Origin',(653.631114138615,2025.02743646305,20.9481542429643));
#9966=CARTESIAN_POINT('',(907.245511052295,2011.73834956113,20.9481542429646));
#9967=CARTESIAN_POINT('',(907.253809786291,2011.73813225113,21.2651787447451));
#9968=CARTESIAN_POINT('',(907.031217803944,2011.74396102733,12.7618199984048));
#9969=CARTESIAN_POINT('',(558.061973680992,2030.03639765934,22.7758420231678));
#9970=CARTESIAN_POINT('',(654.363283596832,2024.98907167116,20.9481542429643));
#9971=CARTESIAN_POINT('Origin',(651.902494539854,1959.01411727574,20.9481542429643));
#9972=CARTESIAN_POINT('',(906.119889679342,1985.96091983448,20.9481542429655));
#9973=CARTESIAN_POINT('Origin',(907.523519711175,2023.94732488268,11.2133106075271));
#9974=CARTESIAN_POINT('',(907.054053940403,2002.56587291541,28.9260910963444));
#9975=CARTESIAN_POINT('Origin',(92.796402140448,1981.41974192134,98.4634418765066));
#9976=CARTESIAN_POINT('',(36.5812659704238,1988.64357196847,35.0641289923351));
#9977=CARTESIAN_POINT('',(37.8227057448003,1988.61108101426,82.4890815103888));
#9978=CARTESIAN_POINT('',(87.9950060195985,1981.86044757829,29.1802044422392));
#9979=CARTESIAN_POINT('Origin',(90.9735681118503,1981.4674795282,28.8393299094421));
#9980=CARTESIAN_POINT('',(34.4857980686583,2036.88450981649,35.5203897388202));
#9981=CARTESIAN_POINT('',(37.0024195886978,1978.9479591144,34.9724282967063));
#9982=CARTESIAN_POINT('',(34.2625007954987,2036.8747193922,35.5457673438057));
#9983=CARTESIAN_POINT('Origin',(36.3335683420178,2036.96552493469,35.3103917238989));
#9984=CARTESIAN_POINT('',(34.1354718536517,2044.91269367669,35.535065583718));
#9985=CARTESIAN_POINT('',(35.7574490024459,2007.74296383699,35.4671178137716));
#9986=CARTESIAN_POINT('',(241.278620726256,2061.23223305638,11.9707483639403));
#9987=CARTESIAN_POINT('Origin',(460.656358146279,1997.52487770669,54.5755419801865));
#9988=CARTESIAN_POINT('',(37.6518821976887,1991.15644928303,80.2085320178529));
#9989=CARTESIAN_POINT('Origin',(37.8052596746389,1978.58108487757,65.0643367165225));
#9990=CARTESIAN_POINT('Origin',(-860.587151021482,1874.82396201332,7.19846413271437));
#9991=CARTESIAN_POINT('',(-860.587130607603,1879.77136876303,7.19846448903949));
#9992=CARTESIAN_POINT('',(-859.889565922552,1879.75866981172,17.1741049907233));
#9993=CARTESIAN_POINT('',(-860.098575418559,1879.76247476554,14.1851297196326));
#9994=CARTESIAN_POINT('',(-859.889565870169,1879.77136516629,17.1741049916376));
#9995=CARTESIAN_POINT('',(-860.587130607603,1879.77136876303,7.19846448903949));
#9996=CARTESIAN_POINT('Ctrl Pts',(-859.889565922552,1879.75866981172,17.1741049907233));
#9997=CARTESIAN_POINT('Ctrl Pts',(-859.889565905091,1879.76290159658,17.1741049910281));
#9998=CARTESIAN_POINT('Ctrl Pts',(-859.88956588763,1879.76713338143,17.1741049913328));
#9999=CARTESIAN_POINT('Ctrl Pts',(-859.889565870169,1879.77136516629,17.1741049916376));
#10000=CARTESIAN_POINT('Origin',(-860.587130607603,1879.77136876303,7.19846448903942));
#10001=CARTESIAN_POINT('',(-860.761654881423,1879.72060804989,17.1969414369475));
#10002=CARTESIAN_POINT('',(-860.587130607603,1879.77136876303,7.19846448903946));
#10003=CARTESIAN_POINT('',(-863.740768457485,1879.58726105363,7.41898826352317));
#10004=CARTESIAN_POINT('Ctrl Pts',(-863.740768457485,1879.58726105363,7.41898826352317));
#10005=CARTESIAN_POINT('Ctrl Pts',(-862.689555840858,1879.6486302901,7.34548033869524));
#10006=CARTESIAN_POINT('Ctrl Pts',(-861.63834322423,1879.70999952657,7.27197241386735));
#10007=CARTESIAN_POINT('Ctrl Pts',(-860.587130607603,1879.77136876303,7.19846448903942));
#10008=CARTESIAN_POINT('',(-863.043203720051,1879.58725745688,17.3946287661213));
#10009=CARTESIAN_POINT('',(-863.740768457485,1879.58726105363,7.41898826352317));
#10010=CARTESIAN_POINT('',(-860.325111845549,1879.74593822265,17.2045613239826));
#10011=CARTESIAN_POINT('Ctrl Pts',(-860.325111845549,1879.74593822265,17.2045613239826));
#10012=CARTESIAN_POINT('Ctrl Pts',(-861.231142470383,1879.69304463406,17.2679171380289));
#10013=CARTESIAN_POINT('Ctrl Pts',(-862.137173095217,1879.64015104547,17.3312729520751));
#10014=CARTESIAN_POINT('Ctrl Pts',(-863.043203720051,1879.58725745688,17.3946287661213));
#10015=CARTESIAN_POINT('',(-777.706527580653,1884.53983673949,18.6466740766032));
#10016=CARTESIAN_POINT('Ctrl Pts',(-860.325111845548,1879.74593822265,17.2045613239826));
#10017=CARTESIAN_POINT('Ctrl Pts',(-879.404288583599,1879.74601685063,18.5387073277954));
#10018=CARTESIAN_POINT('Ctrl Pts',(-898.48346532165,1879.74609547862,19.8728533316083));
#10019=CARTESIAN_POINT('Ctrl Pts',(-917.562642059701,1879.7461741066,21.2069993354212));
#10020=CARTESIAN_POINT('Ctrl Pts',(-860.3251186152,1878.1052788856,17.204561205818));
#10021=CARTESIAN_POINT('Ctrl Pts',(-879.404295353251,1878.10535751359,18.5387072096309));
#10022=CARTESIAN_POINT('Ctrl Pts',(-898.483472091302,1878.10543614157,19.8728532134438));
#10023=CARTESIAN_POINT('Ctrl Pts',(-917.562648829352,1878.10551476956,21.2069992172567));
#10024=CARTESIAN_POINT('Ctrl Pts',(-860.325125384852,1876.46461954856,17.2045610876535));
#10025=CARTESIAN_POINT('Ctrl Pts',(-879.404302122903,1876.46469817654,18.5387070914664));
#10026=CARTESIAN_POINT('Ctrl Pts',(-898.483478860954,1876.46477680453,19.8728530952793));
#10027=CARTESIAN_POINT('Ctrl Pts',(-917.562655599004,1876.46485543251,21.2069990990921));
#10028=CARTESIAN_POINT('Ctrl Pts',(-860.325132154504,1874.82396021152,17.204560969489));
#10029=CARTESIAN_POINT('Ctrl Pts',(-879.404308892555,1874.8240388395,18.5387069733019));
#10030=CARTESIAN_POINT('Ctrl Pts',(-898.483485630605,1874.82411746749,19.8728529771148));
#10031=CARTESIAN_POINT('Ctrl Pts',(-917.562662368656,1874.82419609547,21.2069989809276));
#10032=CARTESIAN_POINT('',(-860.325132154595,1874.82396093185,17.2045609694954));
#10033=CARTESIAN_POINT('Ctrl Pts',(-860.325111845549,1879.74593822265,17.2045613239826));
#10034=CARTESIAN_POINT('Ctrl Pts',(-860.325115212887,1878.92984667722,17.2045612652056));
#10035=CARTESIAN_POINT('Ctrl Pts',(-860.325118580226,1878.1137551318,17.2045612064286));
#10036=CARTESIAN_POINT('Ctrl Pts',(-860.325125349877,1876.47309603487,17.204561088264));
#10037=CARTESIAN_POINT('Ctrl Pts',(-860.325128752189,1875.64852848336,17.2045610288765));
#10038=CARTESIAN_POINT('Ctrl Pts',(-860.325132154501,1874.82396093185,17.2045609694891));
#10039=CARTESIAN_POINT('',(-917.562662368653,1874.82419681581,21.2069989809277));
#10040=CARTESIAN_POINT('Ctrl Pts',(-863.043203720051,1879.58725745688,17.3946287661213));
#10041=CARTESIAN_POINT('Ctrl Pts',(-871.502141827517,1878.84824727293,17.9861350739452));
#10042=CARTESIAN_POINT('Ctrl Pts',(-879.961079934983,1878.10923708897,18.5776413817691));
#10043=CARTESIAN_POINT('Ctrl Pts',(-898.13423281785,1876.52155020862,19.8484314533712));
#10044=CARTESIAN_POINT('Ctrl Pts',(-907.848447593252,1875.67287351221,20.5277152171495));
#10045=CARTESIAN_POINT('Ctrl Pts',(-917.562662368653,1874.8241968158,21.2069989809277));
#10046=CARTESIAN_POINT('Ctrl Pts',(-860.325132154501,1874.82396093185,17.2045609694891));
#10047=CARTESIAN_POINT('Ctrl Pts',(-879.404308892551,1874.82403955984,18.5387069733019));
#10048=CARTESIAN_POINT('Ctrl Pts',(-898.483485630602,1874.82411818782,19.8728529771148));
#10049=CARTESIAN_POINT('Ctrl Pts',(-917.562662368653,1874.82419681581,21.2069989809277));
#10050=CARTESIAN_POINT('Origin',(-863.740768457485,1879.58726105363,7.41898826352315));
#10051=CARTESIAN_POINT('',(-918.127868660556,1874.82419914866,13.1241724341793));
#10052=CARTESIAN_POINT('',(-712.78147872692,1892.8078290011,-8.41657643956012));
#10053=CARTESIAN_POINT('',(-918.26022710609,1874.82419969496,11.2313584783295));
#10054=CARTESIAN_POINT('Origin',(-860.587130607603,1879.77136876303,7.19846448903942));
#10055=CARTESIAN_POINT('',(-860.063642046884,1879.76120269118,17.1862775800463));
#10056=CARTESIAN_POINT('',(-860.293842195937,1879.76567314465,12.7942120512738));
#10057=CARTESIAN_POINT('Ctrl Pts',(-859.889565870169,1879.77136516629,17.1741049916375));
#10058=CARTESIAN_POINT('Ctrl Pts',(-859.947591262407,1879.76797767458,17.1781625211071));
#10059=CARTESIAN_POINT('Ctrl Pts',(-860.005616654645,1879.76459018288,17.1822200505767));
#10060=CARTESIAN_POINT('Ctrl Pts',(-860.063642046884,1879.76120269118,17.1862775800463));
#10061=CARTESIAN_POINT('Ctrl Pts',(-859.889565870169,1879.77136516629,17.1741049916375));
#10062=CARTESIAN_POINT('Ctrl Pts',(-859.947591248429,1879.77136540542,17.1781625213511));
#10063=CARTESIAN_POINT('Ctrl Pts',(-860.005616626689,1879.77136564455,17.1822200510647));
#10064=CARTESIAN_POINT('Ctrl Pts',(-860.063642004949,1879.77136588368,17.1862775807783));
#10065=CARTESIAN_POINT('Ctrl Pts',(-859.88956588763,1879.76713338143,17.1741049913327));
#10066=CARTESIAN_POINT('Ctrl Pts',(-859.94759126589,1879.76713362056,17.1781625210463));
#10067=CARTESIAN_POINT('Ctrl Pts',(-860.00561664415,1879.76713385969,17.1822200507599));
#10068=CARTESIAN_POINT('Ctrl Pts',(-860.06364202241,1879.76713409882,17.1862775804735));
#10069=CARTESIAN_POINT('Ctrl Pts',(-859.889565905091,1879.76290159658,17.1741049910279));
#10070=CARTESIAN_POINT('Ctrl Pts',(-859.947591283351,1879.76290183571,17.1781625207415));
#10071=CARTESIAN_POINT('Ctrl Pts',(-860.005616661611,1879.76290207484,17.1822200504551));
#10072=CARTESIAN_POINT('Ctrl Pts',(-860.063642039871,1879.76290231397,17.1862775801687));
#10073=CARTESIAN_POINT('Ctrl Pts',(-859.889565922552,1879.75866981172,17.1741049907231));
#10074=CARTESIAN_POINT('Ctrl Pts',(-859.947591300812,1879.75867005085,17.1781625204367));
#10075=CARTESIAN_POINT('Ctrl Pts',(-860.005616679072,1879.75867028998,17.1822200501503));
#10076=CARTESIAN_POINT('Ctrl Pts',(-860.063642057332,1879.75867052912,17.1862775798639));
#10077=CARTESIAN_POINT('Ctrl Pts',(-859.889565922552,1879.75866981172,17.1741049907232));
#10078=CARTESIAN_POINT('Ctrl Pts',(-859.947591297329,1879.75951410487,17.1781625204976));
#10079=CARTESIAN_POINT('Ctrl Pts',(-860.005616672106,1879.76035839803,17.1822200502719));
#10080=CARTESIAN_POINT('Ctrl Pts',(-860.063642046884,1879.76120269118,17.1862775800463));
#10081=CARTESIAN_POINT('Origin',(-690.351270091359,1815.17679608954,20.1714657679077));
#10082=CARTESIAN_POINT('',(-700.17452406437,1874.82329992066,20.0000002320036));
#10083=CARTESIAN_POINT('',(-690.351023979455,1874.8232593748,20.1714700638081));
#10084=CARTESIAN_POINT('',(-700.174524064373,1877.43119145284,20.0000002319953));
#10085=CARTESIAN_POINT('',(-700.174524064373,1830.08839804477,20.0000002320007));
#10086=CARTESIAN_POINT('',(-860.761654671976,1879.77136876303,17.1969414406034));
#10087=CARTESIAN_POINT('',(-590.780514345927,1875.83703270272,21.909479774389));
#10088=CARTESIAN_POINT('Ctrl Pts',(-860.761654671976,1879.77136876303,17.1969414406034));
#10089=CARTESIAN_POINT('Ctrl Pts',(-860.761654741792,1879.75444852532,17.1969414393848));
#10090=CARTESIAN_POINT('Ctrl Pts',(-860.761654811607,1879.73752828761,17.1969414381661));
#10091=CARTESIAN_POINT('Ctrl Pts',(-860.761654881423,1879.72060804989,17.1969414369475));
#10092=CARTESIAN_POINT('Origin',(-700.,1877.43119145283,10.0015232804314));
#10093=CARTESIAN_POINT('',(-700.,1877.43119145283,10.0015232804314));
#10094=CARTESIAN_POINT('',(-590.605990281554,1875.83703270271,11.911002822825));
#10095=CARTESIAN_POINT('',(-860.587130607603,1879.77136876303,7.19846448903949));
#10096=CARTESIAN_POINT('',(-700.,1877.43119145283,10.0015232804314));
#10097=CARTESIAN_POINT('Origin',(-918.260473217076,1815.17773642025,11.2313541823649));
#10098=CARTESIAN_POINT('',(-918.127952337407,1815.17773622295,13.126490617663));
#10099=CARTESIAN_POINT('',(-863.689606391119,1810.40973130774,7.4153857211536));
#10100=CARTESIAN_POINT('',(-684.267215148178,1794.69494901309,-11.4077429682106));
#10101=CARTESIAN_POINT('',(-862.992041653685,1810.40972771099,17.3910262237517));
#10102=CARTESIAN_POINT('',(-863.689606391119,1810.40973130774,7.4153857211536));
#10103=CARTESIAN_POINT('',(-917.562908474269,1815.17773389077,21.2069943248594));
#10104=CARTESIAN_POINT('',(-862.830338102594,1810.39559923176,17.37971880485));
#10105=CARTESIAN_POINT('',(-918.260473211706,1815.17773676992,11.2313538222612));
#10106=CARTESIAN_POINT('Origin',(-863.689606391119,1810.40973130774,7.41538572115358));
#10107=CARTESIAN_POINT('',(-860.325398581514,1810.25405040537,17.2045563189956));
#10108=CARTESIAN_POINT('',(-860.761941408355,1810.27938060854,17.1969364356091));
#10109=CARTESIAN_POINT('',(-777.531297349396,1805.44995954202,18.6497327316761));
#10110=CARTESIAN_POINT('',(-680.316559333378,1799.74522326805,4.6171082798657));
#10111=CARTESIAN_POINT('',(-860.587417553401,1810.22862705542,7.1984594803898));
#10112=CARTESIAN_POINT('',(-681.014124070812,1799.74522686479,-5.35853222273241));
#10113=CARTESIAN_POINT('',(-860.59000977887,1810.22938090453,7.34696815633825));
#10114=CARTESIAN_POINT('Origin',(-863.689606391119,1810.40973130774,7.41538572115358));
#10115=CARTESIAN_POINT('',(-860.064027544566,1810.23879169331,17.1862794701461));
#10116=CARTESIAN_POINT('',(-860.585992258084,1810.22865473575,7.22565830490614));
#10117=CARTESIAN_POINT('',(-859.889852815967,1810.22862345867,17.1740999829879));
#10118=CARTESIAN_POINT('',(-860.587417553401,1810.22862705542,7.1984594803898));
#10119=CARTESIAN_POINT('',(-680.316559333378,1799.74522326805,4.6171082798657));
#10120=CARTESIAN_POINT('Origin',(-860.325398900529,1810.17673587817,17.2045563134273));
#10121=CARTESIAN_POINT('',(-860.325378266497,1815.17749764659,17.204556673595));
#10122=CARTESIAN_POINT('',(-860.325388583512,1812.67711676238,17.2045564935111));
#10123=CARTESIAN_POINT('',(-860.325378266498,1815.17749764659,17.204556673595));
#10124=CARTESIAN_POINT('Origin',(-860.587417553401,1810.22862705542,7.1984594803898));
#10125=CARTESIAN_POINT('',(-859.889852763554,1810.24132600826,17.1740999839028));
#10126=CARTESIAN_POINT('',(-860.587417553401,1810.22862705542,7.1984594803898));
#10127=CARTESIAN_POINT('',(-859.889842713056,1812.67711496743,17.1741001593346));
#10128=CARTESIAN_POINT('Origin',(-860.325398900529,1810.17673587817,17.2045563134273));
#10129=CARTESIAN_POINT('',(-860.108139451741,1810.23814984685,17.1893640749521));
#10130=CARTESIAN_POINT('Origin',(-860.587397133477,1815.17749872806,7.19845983682031));
#10131=CARTESIAN_POINT('',(-860.761941617774,1810.22862705542,17.1969364319537));
#10132=CARTESIAN_POINT('',(-860.587417553401,1810.22862705542,7.1984594803898));
#10133=CARTESIAN_POINT('',(-860.761931514863,1812.67711856418,17.1969366083004));
#10134=CARTESIAN_POINT('Origin',(-860.587417553401,1810.22862705542,7.1984594803898));
#10135=CARTESIAN_POINT('',(-700.,1812.56880854717,10.0015232804388));
#10136=CARTESIAN_POINT('',(-591.040368294208,1814.15663726595,11.9034207264177));
#10137=CARTESIAN_POINT('',(-700.174524064373,1812.56880854717,20.0000002320027));
#10138=CARTESIAN_POINT('',(-700.,1812.56880854717,10.0015232804388));
#10139=CARTESIAN_POINT('',(-591.21489235858,1814.15663726595,21.9018976779817));
#10140=CARTESIAN_POINT('Origin',(-918.260227426642,1874.82419965985,11.2313538503595));
#10141=CARTESIAN_POINT('',(-919.973502965869,1874.66256392604,13.3177787176846));
#10142=CARTESIAN_POINT('',(-714.198802016783,1892.68370287538,-8.26789846271648));
#10143=CARTESIAN_POINT('',(-919.412788601144,1874.66256161172,21.3363677130219));
#10144=CARTESIAN_POINT('',(-920.11035333858,1874.66256449088,11.3607272104237));
#10145=CARTESIAN_POINT('',(-920.136050045788,1874.59937429833,21.3869430618102));
#10146=CARTESIAN_POINT('Origin',(-920.110354530025,1815.33936486674,11.3607101719732));
#10147=CARTESIAN_POINT('',(-919.973341461086,1815.33936430123,13.3200883436912));
#10148=CARTESIAN_POINT('',(-712.782341267328,1797.19245669137,-8.4162342378033));
#10149=CARTESIAN_POINT('',(-919.412789792588,1815.33936198759,21.3363506745713));
#10150=CARTESIAN_POINT('',(-919.636342167817,1815.35889436686,21.3519829851107));
#10151=CARTESIAN_POINT('',(-920.110354530025,1815.33936486674,11.3607101719732));
#10152=CARTESIAN_POINT('Origin',(-860.325378266498,1815.17749764659,17.204556673595));
#10153=CARTESIAN_POINT('',(-860.325255173057,1845.00072928921,17.2045566735953));
#10154=CARTESIAN_POINT('',(-919.41278947133,1830.08875722159,21.3363552687812));
#10155=CARTESIAN_POINT('Origin',(-690.351023904469,1874.8232593748,20.1714657679084));
#10156=CARTESIAN_POINT('',(-700.17452406437,1815.17683663438,20.0000002320024));
#10157=CARTESIAN_POINT('',(-860.325378266498,1815.17749764659,17.204556673595));
#10158=CARTESIAN_POINT('',(-700.17452406437,1859.91162860055,20.0000013063095));
#10159=CARTESIAN_POINT('Origin',(-700.,1812.56880854717,10.0015232804388));
#10160=CARTESIAN_POINT('',(-700.,1815.17683591404,10.0015232804385));
#10161=CARTESIAN_POINT('',(-700.,1830.08839804477,10.0015232804368));
#10162=CARTESIAN_POINT('',(-700.,1815.17683591404,10.0015232804385));
#10163=CARTESIAN_POINT('',(-700.174524064373,1830.08839804477,20.0000002320007));
#10164=CARTESIAN_POINT('Origin',(-690.351270091359,1815.17679608954,20.1714657679077));
#10165=CARTESIAN_POINT('Origin',(-700.,1874.82329920032,10.0015232804317));
#10166=CARTESIAN_POINT('',(-700.,1874.82329920032,10.0015232804397));
#10167=CARTESIAN_POINT('',(-700.,1830.08839804477,10.0015232804368));
#10168=CARTESIAN_POINT('',(-700.,1874.82329920032,10.0015232804397));
#10169=CARTESIAN_POINT('Origin',(-860.587130607603,1879.77136876303,7.19846448903947));
#10170=CARTESIAN_POINT('Origin',(-700.,1815.17683591404,10.0015275776471));
#10171=CARTESIAN_POINT('',(-700.,1859.91162788022,10.0015243547455));
#10172=CARTESIAN_POINT('Origin',(-950.,1800.,0.));
#10173=CARTESIAN_POINT('',(-700.,1885.78111901061,1.77635683940025E-14));
#10174=CARTESIAN_POINT('',(-860.,1885.78111901061,1.77635683940025E-14));
#10175=CARTESIAN_POINT('',(-721.501549714438,1885.78111901061,1.77635683940025E-14));
#10176=CARTESIAN_POINT('',(-700.,1804.21888098939,0.));
#10177=CARTESIAN_POINT('',(-700.,1800.,0.));
#10178=CARTESIAN_POINT('',(-860.,1804.21888098939,0.));
#10179=CARTESIAN_POINT('',(-721.501549714438,1804.21888098939,0.));
#10180=CARTESIAN_POINT('Ctrl Pts',(-860.,1885.78111901061,1.05051572823617E-14));
#10181=CARTESIAN_POINT('Ctrl Pts',(-860.,1858.59370633687,7.17565949156261E-15));
#10182=CARTESIAN_POINT('Ctrl Pts',(-860.,1831.40629366313,3.84616170076356E-15));
#10183=CARTESIAN_POINT('Ctrl Pts',(-860.,1804.21888098939,5.16663909964506E-16));
#10184=CARTESIAN_POINT('Origin',(-300.,1816.98202597129,16.982025971287));
#10185=CARTESIAN_POINT('',(-46.2116394093711,1823.94484125229,23.6277080768858));
#10186=CARTESIAN_POINT('',(-46.2116394093712,1866.05515874772,23.6277080768858));
#10187=CARTESIAN_POINT('',(-46.2116394093711,1815.43856761842,23.6277080768858));
#10188=CARTESIAN_POINT('',(-310.170776514808,1871.82576072457,16.7156948151725));
#10189=CARTESIAN_POINT('',(-395.070761730906,1873.681820825,14.4925104610786));
#10190=CARTESIAN_POINT('',(-310.171312909235,1818.17422754892,16.7156807691901));
#10191=CARTESIAN_POINT('',(-310.171350254578,1814.43885153769,16.7156797912679));
#10192=CARTESIAN_POINT('',(-395.682571040398,1816.30480396833,14.476489670485));
#10193=CARTESIAN_POINT('Origin',(-310.17132655817,1816.8090264386,16.7156804117802));
#10194=CARTESIAN_POINT('',(-311.249612020756,1871.84148219727,16.6968636727407));
#10195=CARTESIAN_POINT('',(-400.653609689445,1873.14433374432,15.1363112022385));
#10196=CARTESIAN_POINT('',(-311.250148729543,1818.15850606935,16.6968496185265));
#10197=CARTESIAN_POINT('',(-311.250185917598,1814.43886232855,16.696848644723));
#10198=CARTESIAN_POINT('',(-401.064213848709,1816.84967856954,15.1291391660804));
#10199=CARTESIAN_POINT('Origin',(-311.077263482919,1811.89558699976,6.78867161796573));
#10200=CARTESIAN_POINT('',(-311.221383798364,1873.19097601772,15.0804431985877));
#10201=CARTESIAN_POINT('',(-311.759024800278,1847.48821657238,45.8671470574342));
#10202=CARTESIAN_POINT('',(-311.076650573796,1873.19097601772,6.78868231633427));
#10203=CARTESIAN_POINT('',(-311.076650573795,1873.19097601772,6.78868231633095));
#10204=CARTESIAN_POINT('',(-311.077214352006,1816.80903722945,6.788672475549));
#10205=CARTESIAN_POINT('',(-311.076873008825,1850.94584843188,6.78867843371638));
#10206=CARTESIAN_POINT('',(-311.221948025313,1816.80903722945,15.0804590660221));
#10207=CARTESIAN_POINT('',(-311.077214352006,1816.80903722945,6.78867247554759));
#10208=CARTESIAN_POINT('',(-311.474968885147,1828.91666984079,29.582952482331));
#10209=CARTESIAN_POINT('Origin',(-310.170762865839,1873.19096522687,16.7156951725834));
#10210=CARTESIAN_POINT('',(-310.14221966207,1873.19096522687,15.0804561238488));
#10211=CARTESIAN_POINT('',(-401.586571270324,1873.19187960378,15.079360885367));
#10212=CARTESIAN_POINT('',(-309.997814910776,1873.19096522686,6.80751346287915));
#10213=CARTESIAN_POINT('',(-309.997814910776,1873.19096522686,6.80751346287582));
#10214=CARTESIAN_POINT('',(-309.997814910776,1873.19096522686,6.80751346287915));
#10215=CARTESIAN_POINT('Origin',(-305.085763526835,1873.10522429785,6.89325363871715));
#10216=CARTESIAN_POINT('',(-690.123457862548,1879.82402043626,7.13539844064075));
#10217=CARTESIAN_POINT('',(-398.452635782278,1874.73253572246,13.2339666670904));
#10218=CARTESIAN_POINT('',(-690.00195521668,1879.82402043626,0.174516520848069));
#10219=CARTESIAN_POINT('',(-690.00195521668,1879.82402043626,0.174516520848584));
#10220=CARTESIAN_POINT('',(-502.630117451931,1876.55340411197,3.44510411475181));
#10221=CARTESIAN_POINT('Origin',(-690.001934222675,1884.91202365613,0.174516887299774));
#10222=CARTESIAN_POINT('',(-690.263769006989,1873.11434474983,15.1722319481939));
#10223=CARTESIAN_POINT('',(-690.41807893694,1865.7352474636,24.0108970487165));
#10224=CARTESIAN_POINT('',(-690.263992664622,1818.92629731421,15.1722319481939));
#10225=CARTESIAN_POINT('',(-690.263864226639,1850.04441041309,15.1722319481939));
#10226=CARTESIAN_POINT('',(-690.264001087239,1816.88565525017,15.1722319481939));
#10227=CARTESIAN_POINT('',(-690.263864226639,1850.04441041309,15.1722319481939));
#10228=CARTESIAN_POINT('',(-690.123746474918,1810.17603432112,7.13546402889099));
#10229=CARTESIAN_POINT('',(-690.76086398952,1840.65501065912,43.6431090712158));
#10230=CARTESIAN_POINT('',(-690.002242596644,1810.17603432112,0.174511504612127));
#10231=CARTESIAN_POINT('',(-690.002242596644,1810.17603432112,0.174511504616177));
#10232=CARTESIAN_POINT('',(-690.001923725813,1887.45599119484,0.174517070523201));
#10233=CARTESIAN_POINT('Origin',(-690.264008140444,1815.17679608954,15.1722319481939));
#10234=CARTESIAN_POINT('',(-685.264530831856,1873.04149268251,15.2594939803796));
#10235=CARTESIAN_POINT('',(-590.754042530843,1871.66422594414,16.9091807892677));
#10236=CARTESIAN_POINT('',(-685.264754548969,1818.83903452176,15.2594939803796));
#10237=CARTESIAN_POINT('',(-685.2645028375,1879.82399980223,15.2594939803796));
#10238=CARTESIAN_POINT('',(-685.264762310723,1816.95850731749,15.2594939803796));
#10239=CARTESIAN_POINT('',(-685.2645028375,1879.82399980223,15.2594939803796));
#10240=CARTESIAN_POINT('',(-591.188420736882,1818.32944722967,16.9016025319631));
#10241=CARTESIAN_POINT('Origin',(-493.003099428875,1845.56697690026,49.5266504999942));
#10242=CARTESIAN_POINT('',(-920.175267999075,1812.92853628948,10.4324043107944));
#10243=CARTESIAN_POINT('',(-916.222063470525,1860.12637513544,66.9658629231867));
#10244=CARTESIAN_POINT('Ctrl Pts',(-860.,1804.21888098939,5.16663909964513E-16));
#10245=CARTESIAN_POINT('Ctrl Pts',(-866.906089428384,1804.21888098939,4.77018052557476E-16));
#10246=CARTESIAN_POINT('Ctrl Pts',(-885.007366131693,1806.57846864913,2.82630846169955));
#10247=CARTESIAN_POINT('Ctrl Pts',(-910.167665813092,1810.99998371629,8.1223886459912));
#10248=CARTESIAN_POINT('Ctrl Pts',(-915.336074383592,1811.96709155016,9.28078809894098));
#10249=CARTESIAN_POINT('Ctrl Pts',(-920.175267998747,1812.92853628948,10.4324043107714));
#10250=CARTESIAN_POINT('',(-45.9984769515634,1813.74940513092,11.4156390479636));
#10251=CARTESIAN_POINT('',(-595.197187914132,1805.74613390163,1.8293398896186));
#10252=CARTESIAN_POINT('',(-46.3717782010343,1831.60418632527,32.8020533068689));
#10253=CARTESIAN_POINT('',(-310.142783437797,1816.8090264386,15.080446140761));
#10254=CARTESIAN_POINT('',(-401.50103955578,1816.80993995424,15.0815403476106));
#10255=CARTESIAN_POINT('',(-593.440053288431,1811.86375617347,9.15701323160961));
#10256=CARTESIAN_POINT('',(-685.352007028725,1821.13219527093,20.2587274399255));
#10257=CARTESIAN_POINT('',(-685.679677163453,1836.8075613598,39.0346434921871));
#10258=CARTESIAN_POINT('',(-700.,1820.9187354588,20.0030457869269));
#10259=CARTESIAN_POINT('',(-590.90197143759,1822.50858088853,21.9073588444518));
#10260=CARTESIAN_POINT('',(-700.,1845.56697690026,49.5266504999942));
#10261=CARTESIAN_POINT('Origin',(-700.,1845.,50.));
#10262=CARTESIAN_POINT('',(-700.,1869.08126743806,20.0030423170745));
#10263=CARTESIAN_POINT('',(-700.,1844.43302309974,49.5266504999942));
#10264=CARTESIAN_POINT('',(-700.,1859.91162860077,20.0030429776978));
#10265=CARTESIAN_POINT('Origin',(-690.351023898182,1874.8232593748,20.1714654077399));
#10266=CARTESIAN_POINT('',(-685.351810003109,1868.86780472907,20.2587274399256));
#10267=CARTESIAN_POINT('',(-591.336350095041,1867.4977518582,21.899773495554));
#10268=CARTESIAN_POINT('',(-685.352052249651,1810.17601368709,20.2587274399256));
#10269=CARTESIAN_POINT('Origin',(-685.308277543574,1845.00000709814,17.7591107101526));
#10270=CARTESIAN_POINT('',(-685.679602644717,1853.19276817832,39.0342487722129));
#10271=CARTESIAN_POINT('Origin',(-695.088737523956,1810.0872492219,0.0857264053982476));
#10272=CARTESIAN_POINT('',(-309.998378688986,1816.8090264386,6.80750362209388));
#10273=CARTESIAN_POINT('',(-309.998378688986,1816.8090264386,6.80750362209247));
#10274=CARTESIAN_POINT('',(-696.846604643834,1810.05656553719,0.0550427206856519));
#10275=CARTESIAN_POINT('Origin',(-309.998378688986,1816.8090264386,6.80750362209388));
#10276=CARTESIAN_POINT('',(-309.998378688986,1816.8090264386,6.80750362209388));
#10277=CARTESIAN_POINT('Origin',(-700.,1890.,1.77635683940025E-14));
#10278=CARTESIAN_POINT('',(-35.9999999999999,1876.10489073445,11.5901631123365));
#10279=CARTESIAN_POINT('',(-45.9984769515634,1876.10489073445,11.4156390479636));
#10280=CARTESIAN_POINT('',(-372.999238475782,1876.10489073445,5.70781952398182));
#10281=CARTESIAN_POINT('',(-45.9984769515634,1851.94755463278,11.4156390479636));
#10282=CARTESIAN_POINT('',(-595.852617512779,1884.26341743333,1.81789932341838));
#10283=CARTESIAN_POINT('Origin',(-45.9984769515634,1876.10489073445,11.4156390479631));
#10284=CARTESIAN_POINT('',(-46.0015232804386,1876.10489073445,11.5901631123364));
#10285=CARTESIAN_POINT('',(-269.500788190219,1876.10489073445,11.5901631123364));
#10286=CARTESIAN_POINT('',(-45.9984769515634,1876.10489073445,11.4156390479631));
#10287=CARTESIAN_POINT('Origin',(-45.9984769515634,1813.89510926555,11.4156390479631));
#10288=CARTESIAN_POINT('',(-46.6388369186973,1845.62255085635,48.1018369949464));
#10289=CARTESIAN_POINT('Origin',(-493.003099428875,1844.43302309974,49.5266504999942));
#10290=CARTESIAN_POINT('',(-920.175267999073,1877.07146371052,10.4324043107933));
#10291=CARTESIAN_POINT('',(-916.222063470525,1829.87362486456,66.9658629231866));
#10292=CARTESIAN_POINT('Ctrl Pts',(-860.,1885.78111901061,1.05051572823617E-14));
#10293=CARTESIAN_POINT('Ctrl Pts',(-866.950319756466,1885.78111901061,1.03797910376139E-14));
#10294=CARTESIAN_POINT('Ctrl Pts',(-885.234709719844,1883.39120888042,2.86262864435429));
#10295=CARTESIAN_POINT('Ctrl Pts',(-910.397158763664,1878.95706976664,8.17382988152806));
#10296=CARTESIAN_POINT('Ctrl Pts',(-915.444585866176,1878.01134952859,9.30661132331501));
#10297=CARTESIAN_POINT('Ctrl Pts',(-920.175267998741,1877.07146371052,10.4324043107701));
#10298=CARTESIAN_POINT('Ctrl Pts',(-860.,1804.21888098939,5.16663909964506E-16));
#10299=CARTESIAN_POINT('Ctrl Pts',(-860.,1831.40629366313,3.84616170076356E-15));
#10300=CARTESIAN_POINT('Ctrl Pts',(-860.,1858.59370633687,7.17565949156261E-15));
#10301=CARTESIAN_POINT('Ctrl Pts',(-860.,1885.78111901061,1.05051572823617E-14));
#10302=CARTESIAN_POINT('Ctrl Pts',(-861.686344002463,1804.21888098939,5.06983097899418E-16));
#10303=CARTESIAN_POINT('Ctrl Pts',(-861.686344002463,1831.40629366313,3.83648088869847E-15));
#10304=CARTESIAN_POINT('Ctrl Pts',(-861.686344002463,1858.59370633687,7.14524209749308E-15));
#10305=CARTESIAN_POINT('Ctrl Pts',(-861.686344002463,1885.78111901061,1.04747398882921E-14));
#10306=CARTESIAN_POINT('Ctrl Pts',(-865.631881919866,1804.21888098939,0.250369487270251));
#10307=CARTESIAN_POINT('Ctrl Pts',(-865.631881919866,1831.40629366313,0.250369487270254));
#10308=CARTESIAN_POINT('Ctrl Pts',(-865.631881919866,1858.59370633687,0.250369487270258));
#10309=CARTESIAN_POINT('Ctrl Pts',(-865.631881919866,1885.78111901061,0.250369487270261));
#10310=CARTESIAN_POINT('Ctrl Pts',(-875.174170048726,1804.21888098939,1.52926967780223));
#10311=CARTESIAN_POINT('Ctrl Pts',(-875.174170048726,1831.40629366313,1.52926967780223));
#10312=CARTESIAN_POINT('Ctrl Pts',(-875.174170048726,1858.59370633687,1.52926967780223));
#10313=CARTESIAN_POINT('Ctrl Pts',(-875.174170048726,1885.78111901061,1.52926967780223));
#10314=CARTESIAN_POINT('Ctrl Pts',(-884.569153811384,1804.21888098939,3.05340657076296));
#10315=CARTESIAN_POINT('Ctrl Pts',(-884.569153811384,1831.40629366313,3.05340657076296));
#10316=CARTESIAN_POINT('Ctrl Pts',(-884.569153811384,1858.59370633687,3.05340657076296));
#10317=CARTESIAN_POINT('Ctrl Pts',(-884.569153811384,1885.78111901061,3.05340657076297));
#10318=CARTESIAN_POINT('Ctrl Pts',(-899.649346683058,1804.21888098939,5.83608141196753));
#10319=CARTESIAN_POINT('Ctrl Pts',(-899.649346683058,1831.40629366313,5.83608141196753));
#10320=CARTESIAN_POINT('Ctrl Pts',(-899.649346683058,1858.59370633687,5.83608141196753));
#10321=CARTESIAN_POINT('Ctrl Pts',(-899.649346683058,1885.78111901061,5.83608141196754));
#10322=CARTESIAN_POINT('Ctrl Pts',(-912.552864315395,1804.21888098939,8.61844844270623));
#10323=CARTESIAN_POINT('Ctrl Pts',(-912.552864315395,1831.40629366313,8.61844844270623));
#10324=CARTESIAN_POINT('Ctrl Pts',(-912.552864315395,1858.59370633687,8.61844844270624));
#10325=CARTESIAN_POINT('Ctrl Pts',(-912.552864315395,1885.78111901061,8.61844844270624));
#10326=CARTESIAN_POINT('Ctrl Pts',(-920.175267999396,1804.21888098939,10.4324043109259));
#10327=CARTESIAN_POINT('Ctrl Pts',(-920.175267999396,1831.40629366313,10.4324043109259));
#10328=CARTESIAN_POINT('Ctrl Pts',(-920.175267999396,1858.59370633687,10.4324043109259));
#10329=CARTESIAN_POINT('Ctrl Pts',(-920.175267999396,1885.78111901061,10.4324043109259));
#10330=CARTESIAN_POINT('Ctrl Pts',(-920.175267999073,1877.07146371052,10.4324043107933));
#10331=CARTESIAN_POINT('Ctrl Pts',(-920.175267999073,1866.38097580702,10.4324043107933));
#10332=CARTESIAN_POINT('Ctrl Pts',(-920.175267999396,1855.69048790351,10.4324043109259));
#10333=CARTESIAN_POINT('Ctrl Pts',(-920.175267999396,1834.30951209649,10.4324043109259));
#10334=CARTESIAN_POINT('Ctrl Pts',(-920.175267999075,1823.61902419299,10.4324043107944));
#10335=CARTESIAN_POINT('Ctrl Pts',(-920.175267999075,1812.92853628948,10.4324043107944));
#10336=CARTESIAN_POINT('Origin',(-915.343290414627,1845.,79.5329031110594));
#10337=CARTESIAN_POINT('Origin',(456.996900571125,1844.43302309974,50.4733495000058));
#10338=CARTESIAN_POINT('',(35.4498463555845,1809.91246931131,9.12471264301984));
#10339=CARTESIAN_POINT('',(33.9555523419215,1827.75304586817,30.4941126210799));
#10340=CARTESIAN_POINT('',(33.7779365294746,1829.87362486456,33.0341370768133));
#10341=CARTESIAN_POINT('',(90.,1802.29456077693,1.5653392597099E-14));
#10342=CARTESIAN_POINT('Ctrl Pts',(35.4498463556452,1809.91246931131,9.12471264302409));
#10343=CARTESIAN_POINT('Ctrl Pts',(48.8213037014687,1807.37632111751,6.08692039543821));
#10344=CARTESIAN_POINT('Ctrl Pts',(63.2809623612313,1805.04268443127,3.2916959478023));
#10345=CARTESIAN_POINT('Ctrl Pts',(77.8943295956588,1803.22022491738,1.10875829598483));
#10346=CARTESIAN_POINT('Ctrl Pts',(85.6741859290145,1802.29456077693,0.));
#10347=CARTESIAN_POINT('Ctrl Pts',(90.,1802.29456077693,0.));
#10348=CARTESIAN_POINT('',(250.,1802.29456077693,0.));
#10349=CARTESIAN_POINT('',(228.498450285562,1802.29456077693,0.));
#10350=CARTESIAN_POINT('',(650.,1808.12361395534,6.98202597128703));
#10351=CARTESIAN_POINT('',(354.830840006413,1803.82222212977,1.82982911879153));
#10352=CARTESIAN_POINT('',(914.,1813.89510926555,13.8951092655524));
#10353=CARTESIAN_POINT('',(555.393521216727,1806.05535316514,4.5046681379313));
#10354=CARTESIAN_POINT('',(902.697817310809,1813.89510926555,13.8951092655524));
#10355=CARTESIAN_POINT('',(680.499211809781,1813.89510926555,13.8951092655524));
#10356=CARTESIAN_POINT('',(902.900817017634,1823.6044669305,25.5249546806274));
#10357=CARTESIAN_POINT('',(903.628221798966,1858.39581367473,67.1979466931311));
#10358=CARTESIAN_POINT('',(634.,1816.56305122618,17.090763772186));
#10359=CARTESIAN_POINT('',(555.557243424384,1814.50895535482,14.6303726447771));
#10360=CARTESIAN_POINT('',(634.,1816.72741702739,17.2876407362));
#10361=CARTESIAN_POINT('',(634.,1844.43302309974,50.4733495000058));
#10362=CARTESIAN_POINT('',(580.223312955097,1815.78936136468,16.1640399044504));
#10363=CARTESIAN_POINT('',(552.397887194789,1815.30398750407,15.5826602537857));
#10364=CARTESIAN_POINT('',(88.6615490397297,1822.95271052051,24.744282409822));
#10365=CARTESIAN_POINT('',(452.142472686963,1817.65583643732,18.3996992873915));
#10366=CARTESIAN_POINT('',(267.738228920503,1807.2391111299,5.92257060008435));
#10367=CARTESIAN_POINT('Origin',(250.,1890.,0.));
#10368=CARTESIAN_POINT('',(250.,1887.70543922307,0.));
#10369=CARTESIAN_POINT('',(650.,1881.87638604466,6.98202597128703));
#10370=CARTESIAN_POINT('',(354.175410407766,1886.18732920519,1.81838855259128));
#10371=CARTESIAN_POINT('',(650.,1800.,6.98202597128703));
#10372=CARTESIAN_POINT('',(250.,1800.,0.));
#10373=CARTESIAN_POINT('Origin',(0.,1800.,0.));
#10374=CARTESIAN_POINT('',(90.,1887.70543922307,1.70764282877444E-14));
#10375=CARTESIAN_POINT('',(228.498450285562,1887.70543922307,0.));
#10376=CARTESIAN_POINT('Ctrl Pts',(90.,1887.70543922307,0.));
#10377=CARTESIAN_POINT('Ctrl Pts',(90.,1859.23514640769,0.));
#10378=CARTESIAN_POINT('Ctrl Pts',(90.,1830.76485359231,0.));
#10379=CARTESIAN_POINT('Ctrl Pts',(90.,1802.29456077693,0.));
#10380=CARTESIAN_POINT('Origin',(644.914236473165,1816.89477570215,93.1067463612828));
#10381=CARTESIAN_POINT('',(634.,1816.7276377295,16.56305122618));
#10382=CARTESIAN_POINT('',(634.,1816.71088959399,71.549036897511));
#10383=CARTESIAN_POINT('',(603.347922833905,1816.19300647733,15.760398337576));
#10384=CARTESIAN_POINT('',(648.45415506535,1816.97974602807,16.9415465970702));
#10385=CARTESIAN_POINT('',(546.369593446516,1815.19843730168,16.7549587765346));
#10386=CARTESIAN_POINT('Origin',(634.,1845.,50.));
#10387=CARTESIAN_POINT('',(634.,1816.56305122618,16.5630512261801));
#10388=CARTESIAN_POINT('',(634.,1816.56305122618,83.017974028713));
#10389=CARTESIAN_POINT('',(634.,1816.98202597129,16.56305122618));
#10390=CARTESIAN_POINT('Origin',(650.,1883.01797402871,6.98202597128703));
#10391=CARTESIAN_POINT('',(902.692648981166,1813.89510926555,13.5990158586179));
#10392=CARTESIAN_POINT('',(777.981420517531,1813.89510926555,10.3333374112722));
#10393=CARTESIAN_POINT('',(902.692648981166,1876.35208892905,13.5990158586179));
#10394=CARTESIAN_POINT('',(554.563348756186,1883.96279583661,4.48292930699068));
#10395=CARTESIAN_POINT('',(902.692648981166,1879.56143238158,13.5990158586179));
#10396=CARTESIAN_POINT('Origin',(88.6616017616863,1810.17527800668,24.7442814895567));
#10397=CARTESIAN_POINT('',(33.9555532207129,1862.24696462383,30.4941000537767));
#10398=CARTESIAN_POINT('',(33.9555523377075,1827.58764258316,30.4941126813419));
#10399=CARTESIAN_POINT('',(88.6613670976742,1867.04728682811,24.7442855856272));
#10400=CARTESIAN_POINT('',(88.6615404153158,1825.04288080317,24.7442825603615));
#10401=CARTESIAN_POINT('',(264.73865535706,1882.49770528642,6.23781126785641));
#10402=CARTESIAN_POINT('Origin',(448.637650468549,1844.9999725978,18.4608761867726));
#10403=CARTESIAN_POINT('',(580.222986254051,1874.21063387443,16.1640456070315));
#10404=CARTESIAN_POINT('',(452.142472287846,1872.34416355687,18.3996992943516));
#10405=CARTESIAN_POINT('',(603.34792283375,1873.80698660497,15.760398337572));
#10406=CARTESIAN_POINT('',(603.347922833866,1830.99099928469,15.760398337575));
#10407=CARTESIAN_POINT('',(351.368104246089,1878.20531069902,20.1587224316202));
#10408=CARTESIAN_POINT('Origin',(254.911262476044,1879.9127507781,99.9142735946018));
#10409=CARTESIAN_POINT('',(634.,1873.27258075019,17.2876433982046));
#10410=CARTESIAN_POINT('',(357.552475385041,1878.09476119663,11.5116471798181));
#10411=CARTESIAN_POINT('',(634.,1873.27236004921,16.56305122618));
#10412=CARTESIAN_POINT('',(454.163446077928,1876.4090283051,11.8538653299038));
#10413=CARTESIAN_POINT('',(634.,1873.29014509372,74.9538369774069));
#10414=CARTESIAN_POINT('Origin',(634.,1873.28963959331,73.2942085066863));
#10415=CARTESIAN_POINT('',(634.411071518093,1873.27258075019,17.2876433982046));
#10416=CARTESIAN_POINT('',(545.498450285562,1873.27258075019,17.2876433982045));
#10417=CARTESIAN_POINT('',(634.410946210003,1873.27236332686,16.5738122314043));
#10418=CARTESIAN_POINT('',(642.742045580973,1873.2724297747,16.7919697461177));
#10419=CARTESIAN_POINT('Ctrl Pts',(634.411071518093,1873.27258075019,17.2876433982378));
#10420=CARTESIAN_POINT('Ctrl Pts',(634.411029747543,1873.27250827575,17.0496996759602));
#10421=CARTESIAN_POINT('Ctrl Pts',(634.410987978179,1873.27243580131,16.8117559536824));
#10422=CARTESIAN_POINT('Ctrl Pts',(634.410946210003,1873.27236332686,16.5738122314043));
#10423=CARTESIAN_POINT('Ctrl Pts',(634.5,1873.42385581304,16.5737510776351));
#10424=CARTESIAN_POINT('Ctrl Pts',(634.5,1873.42385581304,16.8116948287311));
#10425=CARTESIAN_POINT('Ctrl Pts',(634.5,1873.42385581304,17.0496385798269));
#10426=CARTESIAN_POINT('Ctrl Pts',(634.5,1873.42385581304,17.2875823309225));
#10427=CARTESIAN_POINT('Ctrl Pts',(634.470759865799,1873.37309879212,16.5737714632722));
#10428=CARTESIAN_POINT('Ctrl Pts',(634.470759672716,1873.37309942868,16.8117152143031));
#10429=CARTESIAN_POINT('Ctrl Pts',(634.470759479646,1873.37310006525,17.0496589653339));
#10430=CARTESIAN_POINT('Ctrl Pts',(634.470759286586,1873.37310070183,17.2876027163644));
#10431=CARTESIAN_POINT('Ctrl Pts',(634.441073741291,1873.32259869766,16.5737918489092));
#10432=CARTESIAN_POINT('Ctrl Pts',(634.441073364186,1873.32259997049,16.8117355998751));
#10433=CARTESIAN_POINT('Ctrl Pts',(634.441072987103,1873.32260124333,17.0496793508408));
#10434=CARTESIAN_POINT('Ctrl Pts',(634.441072610043,1873.32260251618,17.2876231018063));
#10435=CARTESIAN_POINT('Ctrl Pts',(634.410946210003,1873.27236332686,16.5738122313986));
#10436=CARTESIAN_POINT('Ctrl Pts',(634.410945657891,1873.27236523544,16.8117559822995));
#10437=CARTESIAN_POINT('Ctrl Pts',(634.410945105813,1873.27236714403,17.0496997332002));
#10438=CARTESIAN_POINT('Ctrl Pts',(634.41094455377,1873.27236905263,17.2876434841008));
#10439=CARTESIAN_POINT('',(634.5,1873.42385581304,17.1064464893343));
#10440=CARTESIAN_POINT('Ctrl Pts',(634.5,1873.42385581304,17.1064464893343));
#10441=CARTESIAN_POINT('Ctrl Pts',(634.470895168931,1873.37333582586,17.1669592092758));
#10442=CARTESIAN_POINT('Ctrl Pts',(634.44125224119,1873.32290412764,17.2273604769513));
#10443=CARTESIAN_POINT('Ctrl Pts',(634.411071518093,1873.27258075019,17.2876433982046));
#10444=CARTESIAN_POINT('',(634.5,1873.42385581304,16.5761441869646));
#10445=CARTESIAN_POINT('Ctrl Pts',(634.5,1873.42385581304,16.5761441869646));
#10446=CARTESIAN_POINT('Ctrl Pts',(634.470747756831,1873.37307778232,16.5753781900193));
#10447=CARTESIAN_POINT('Ctrl Pts',(634.44106164819,1873.32257854295,16.5746008284794));
#10448=CARTESIAN_POINT('Ctrl Pts',(634.410946210003,1873.27236332686,16.5738122314043));
#10449=CARTESIAN_POINT('',(634.5,1873.42385581304,33.4910129856435));
#10450=CARTESIAN_POINT('Origin',(650.,1873.01797402871,16.982025971287));
#10451=CARTESIAN_POINT('',(902.867279450012,1866.39641128162,23.6035887183787));
#10452=CARTESIAN_POINT('',(902.900817017634,1866.3955330695,25.5249546806274));
#10453=CARTESIAN_POINT('',(903.338053747276,1866.3840836228,50.5742301453323));
#10454=CARTESIAN_POINT('',(554.523346413162,1875.51811819123,14.5979440160023));
#10455=CARTESIAN_POINT('',(650.732671680854,1872.99878834554,17.0012116544578));
#10456=CARTESIAN_POINT('Origin',(650.,1816.98202597129,16.982025971287));
#10457=CARTESIAN_POINT('',(902.867279450012,1823.60358871838,23.6035887183787));
#10458=CARTESIAN_POINT('',(902.867279450013,1846.54345835287,23.6035887183787));
#10459=CARTESIAN_POINT('',(650.863421977093,1817.00463547146,17.0046354714603));
#10460=CARTESIAN_POINT('Origin',(650.,1816.98202597129,83.017974028713));
#10461=CARTESIAN_POINT('',(903.914457053572,1823.63101002898,83.5963534468838));
#10462=CARTESIAN_POINT('Origin',(904.001523048437,1876.10489073445,88.5843609520369));
#10463=CARTESIAN_POINT('',(904.001523048437,1813.89510926555,88.5843609520369));
#10464=CARTESIAN_POINT('',(903.361163081303,1844.37744914365,51.8981630050536));
#10465=CARTESIAN_POINT('Origin',(904.001523048437,1813.89510926555,88.5843609520369));
#10466=CARTESIAN_POINT('Origin',(456.996900571125,1845.56697690026,50.4733495000058));
#10467=CARTESIAN_POINT('',(35.4498463555835,1880.08753068869,9.12471264302034));
#10468=CARTESIAN_POINT('',(33.7779365294746,1860.12637513544,33.0341370768133));
#10469=CARTESIAN_POINT('Ctrl Pts',(35.4498463556433,1880.08753068869,9.12471264302452));
#10470=CARTESIAN_POINT('Ctrl Pts',(48.823545633433,1882.62410410702,6.08641106250873));
#10471=CARTESIAN_POINT('Ctrl Pts',(63.285235333148,1884.95799272911,3.29088484671108));
#10472=CARTESIAN_POINT('Ctrl Pts',(77.8987224256955,1886.78028112907,1.10815215474947));
#10473=CARTESIAN_POINT('Ctrl Pts',(85.6753668651189,1887.70543922307,0.));
#10474=CARTESIAN_POINT('Ctrl Pts',(90.,1887.70543922307,0.));
#10475=CARTESIAN_POINT('Ctrl Pts',(90.,1802.29456077693,0.));
#10476=CARTESIAN_POINT('Ctrl Pts',(90.,1830.76485359231,0.));
#10477=CARTESIAN_POINT('Ctrl Pts',(90.,1859.23514640769,0.));
#10478=CARTESIAN_POINT('Ctrl Pts',(90.,1887.70543922307,0.));
#10479=CARTESIAN_POINT('Ctrl Pts',(88.4291324286789,1802.29456077693,0.));
#10480=CARTESIAN_POINT('Ctrl Pts',(88.4291324286789,1830.76485359231,0.));
#10481=CARTESIAN_POINT('Ctrl Pts',(88.4291324286789,1859.23514640769,0.));
#10482=CARTESIAN_POINT('Ctrl Pts',(88.4291324286789,1887.70543922307,0.));
#10483=CARTESIAN_POINT('Ctrl Pts',(84.8479584294887,1802.29456077693,0.216341186160138));
#10484=CARTESIAN_POINT('Ctrl Pts',(84.8479584294887,1830.76485359231,0.216341186160138));
#10485=CARTESIAN_POINT('Ctrl Pts',(84.8479584294887,1859.23514640769,0.216341186160138));
#10486=CARTESIAN_POINT('Ctrl Pts',(84.8479584294887,1887.70543922306,0.216341186160138));
#10487=CARTESIAN_POINT('Ctrl Pts',(76.4313641411377,1802.29456077693,1.29985195558273));
#10488=CARTESIAN_POINT('Ctrl Pts',(76.4313641411377,1830.76485359231,1.29985195558273));
#10489=CARTESIAN_POINT('Ctrl Pts',(76.4313641411377,1859.23514640769,1.29985195558273));
#10490=CARTESIAN_POINT('Ctrl Pts',(76.4313641411377,1887.70543922307,1.29985195558273));
#10491=CARTESIAN_POINT('Ctrl Pts',(68.1726673967141,1802.29456077693,2.5883655836864));
#10492=CARTESIAN_POINT('Ctrl Pts',(68.1726673967141,1830.76485359231,2.5883655836864));
#10493=CARTESIAN_POINT('Ctrl Pts',(68.1726673967141,1859.23514640769,2.5883655836864));
#10494=CARTESIAN_POINT('Ctrl Pts',(68.1726673967141,1887.70543922307,2.5883655836864));
#10495=CARTESIAN_POINT('Ctrl Pts',(58.1365853332874,1802.29456077693,4.37619055968166));
#10496=CARTESIAN_POINT('Ctrl Pts',(58.1365853332874,1830.76485359231,4.37619055968166));
#10497=CARTESIAN_POINT('Ctrl Pts',(58.1365853332874,1859.23514640769,4.37619055968166));
#10498=CARTESIAN_POINT('Ctrl Pts',(58.1365853332874,1887.70543922307,4.37619055968166));
#10499=CARTESIAN_POINT('Ctrl Pts',(46.8754664356591,1802.29456077693,6.60557176675928));
#10500=CARTESIAN_POINT('Ctrl Pts',(46.8754664356591,1830.76485359231,6.60557176675928));
#10501=CARTESIAN_POINT('Ctrl Pts',(46.8754664356591,1859.23514640769,6.60557176675928));
#10502=CARTESIAN_POINT('Ctrl Pts',(46.8754664356591,1887.70543922307,6.60557176675928));
#10503=CARTESIAN_POINT('Ctrl Pts',(39.1732435770286,1802.29456077693,8.27881328282118));
#10504=CARTESIAN_POINT('Ctrl Pts',(39.1732435770286,1830.76485359231,8.27881328282118));
#10505=CARTESIAN_POINT('Ctrl Pts',(39.1732435770286,1859.23514640769,8.27881328282118));
#10506=CARTESIAN_POINT('Ctrl Pts',(39.1732435770286,1887.70543922307,8.27881328282118));
#10507=CARTESIAN_POINT('Ctrl Pts',(35.4498463555212,1802.29456077693,9.12471264305226));
#10508=CARTESIAN_POINT('Ctrl Pts',(35.4498463555212,1830.76485359231,9.12471264305226));
#10509=CARTESIAN_POINT('Ctrl Pts',(35.4498463555212,1859.23514640769,9.12471264305226));
#10510=CARTESIAN_POINT('Ctrl Pts',(35.4498463555212,1887.70543922307,9.12471264305226));
#10511=CARTESIAN_POINT('Ctrl Pts',(35.4498463555835,1880.08753068869,9.12471264302034));
#10512=CARTESIAN_POINT('Ctrl Pts',(35.4498463555835,1868.39168712579,9.12471264302034));
#10513=CARTESIAN_POINT('Ctrl Pts',(35.4498463555212,1856.6958435629,9.12471264305226));
#10514=CARTESIAN_POINT('Ctrl Pts',(35.4498463555212,1833.3041564371,9.12471264305226));
#10515=CARTESIAN_POINT('Ctrl Pts',(35.4498463555845,1821.60831287421,9.12471264301984));
#10516=CARTESIAN_POINT('Ctrl Pts',(35.4498463555845,1809.91246931131,9.12471264301984));
#10517=CARTESIAN_POINT('Origin',(34.656709585373,1845.,20.4670968889406));
#10518=CARTESIAN_POINT('Origin',(253.768045247708,1762.75131042105,109.596064258218));
#10519=CARTESIAN_POINT('',(251.472971232985,1762.69121179291,21.9206794986825));
#10520=CARTESIAN_POINT('',(651.534180852876,1766.18276389352,17.2769558830012));
#10521=CARTESIAN_POINT('',(356.319852879072,1763.60626764199,20.7036658802087));
#10522=CARTESIAN_POINT('',(651.504307803485,1766.1819816402,16.1357590926354));
#10523=CARTESIAN_POINT('',(651.321602300625,1766.17719732823,9.15612568726879));
#10524=CARTESIAN_POINT('',(251.412927216776,1762.68963948501,19.6269050104183));
#10525=CARTESIAN_POINT('',(252.198106126621,1762.69649320278,19.6200536402591));
#10526=CARTESIAN_POINT('',(251.412927216776,1762.68963948501,19.6269050104183));
#10527=CARTESIAN_POINT('Origin',(264.150410558165,1663.16347968606,24.4514189808401));
#10528=CARTESIAN_POINT('',(263.804882183206,1678.15728787213,36.2519091528454));
#10529=CARTESIAN_POINT('',(263.979898310595,1670.12228235699,29.5408597871238));
#10530=CARTESIAN_POINT('',(263.612404768348,1686.99394260219,43.6325171697896));
#10531=CARTESIAN_POINT('',(263.629331211414,1678.15269090816,29.5445319797599));
#10532=CARTESIAN_POINT('',(264.283532345077,1663.16696523616,29.5376792186445));
#10533=CARTESIAN_POINT('',(263.760170406999,1678.15611669278,34.5435799454332));
#10534=CARTESIAN_POINT('',(263.562770317957,1678.15094813311,27.001401860858));
#10535=CARTESIAN_POINT('',(264.408480565791,1678.17309365204,59.3139404918363));
#10536=CARTESIAN_POINT('Origin',(265.320751719367,1678.19698231292,94.1696103220178));
#10537=CARTESIAN_POINT('',(268.80031685485,1678.37538987761,36.193871456289));
#10538=CARTESIAN_POINT('',(363.238900005647,1682.49860351824,35.096670072944));
#10539=CARTESIAN_POINT('',(268.755982103034,1678.37422893127,34.4999480375392));
#10540=CARTESIAN_POINT('',(263.67301459382,1678.15231156186,34.5443411379377));
#10541=CARTESIAN_POINT('',(268.622860332106,1678.37074301502,29.413687799562));
#10542=CARTESIAN_POINT('Origin',(265.325939959859,1726.05095884074,631.40798018385));
#10543=CARTESIAN_POINT('',(253.91456428315,1667.15597419986,19.6269050104183));
#10544=CARTESIAN_POINT('',(253.512847362407,1672.26144065504,19.6339211020813));
#10545=CARTESIAN_POINT('',(251.27451096308,1700.7087148725,19.6730142359268));
#10546=CARTESIAN_POINT('',(253.512757051798,1672.26102943637,19.6292441144632));
#10547=CARTESIAN_POINT('',(241.878525942203,1619.28593585409,-582.881972275012));
#10548=CARTESIAN_POINT('',(251.301266340791,1700.35853827599,19.6421182154341));
#10549=CARTESIAN_POINT('Origin',(648.93590817949,1679.96048243166,26.178241740695));
#10550=CARTESIAN_POINT('',(636.040058250372,1755.467888562,26.2966418195463));
#10551=CARTESIAN_POINT('',(582.246261284824,1755.18323440743,26.7666171620237));
#10552=CARTESIAN_POINT('',(554.41198241636,1755.03594710729,27.0097943586847));
#10553=CARTESIAN_POINT('',(260.879069645492,1741.15268163324,29.5733409874898));
#10554=CARTESIAN_POINT('',(548.415744614067,1753.70622971661,27.062082659554));
#10555=CARTESIAN_POINT('',(263.411264166859,1683.14793279882,29.5468162334651));
#10556=CARTESIAN_POINT('',(264.283532345077,1663.16696523616,29.5376792186445));
#10557=CARTESIAN_POINT('',(637.505692880426,1699.48050115412,26.2795886714718));
#10558=CARTESIAN_POINT('',(645.609297632926,1699.8342959941,26.2088142392252));
#10559=CARTESIAN_POINT('',(637.460023523284,1701.22507510081,26.280120049684));
#10560=CARTESIAN_POINT('Origin',(637.636204320514,1722.7861123029,54.5595364840948));
#10561=CARTESIAN_POINT('',(636.030603491572,1755.66458543239,26.1323323423908));
#10562=CARTESIAN_POINT('',(637.633758526786,1722.31253649687,53.9927538726595));
#10563=CARTESIAN_POINT('',(637.522855711,1699.48095057865,26.9352354020389));
#10564=CARTESIAN_POINT('',(637.877125331827,1699.49022745516,40.468884040512));
#10565=CARTESIAN_POINT('',(637.523265347693,1699.46531021481,26.9352384313407));
#10566=CARTESIAN_POINT('Ctrl Pts',(637.523265347693,1699.46531021481,26.9352384313407));
#10567=CARTESIAN_POINT('Ctrl Pts',(637.523128802129,1699.47052366942,26.935237421573));
#10568=CARTESIAN_POINT('Ctrl Pts',(637.522992256565,1699.47573712404,26.9352364118054));
#10569=CARTESIAN_POINT('Ctrl Pts',(637.522855711,1699.48095057865,26.9352354020389));
#10570=CARTESIAN_POINT('',(637.503194928784,1699.46454884717,26.1682815951544));
#10571=CARTESIAN_POINT('',(638.550874335476,1699.50429237204,66.2035637047512));
#10572=CARTESIAN_POINT('',(637.633723611351,1694.48137789303,26.1697994020246));
#10573=CARTESIAN_POINT('',(637.230856143834,1709.86157956992,26.1651147993936));
#10574=CARTESIAN_POINT('',(637.636557700898,1694.48145210628,26.2780660156096));
#10575=CARTESIAN_POINT('',(638.74704155546,1694.5105311494,68.7002705255252));
#10576=CARTESIAN_POINT('',(637.771118025564,1689.34123443382,26.2765003613227));
#10577=CARTESIAN_POINT('',(637.460023523284,1701.22507510081,26.280120049684));
#10578=CARTESIAN_POINT('',(637.767344146784,1689.34113561132,26.1323323423908));
#10579=CARTESIAN_POINT('',(639.244655331531,1689.37982036614,82.5679094528729));
#10580=CARTESIAN_POINT('',(637.756376666539,1689.75996678425,26.1323323423908));
#10581=CARTESIAN_POINT('Origin',(644.552983882426,1679.74109364909,87.5237432094561));
#10582=CARTESIAN_POINT('',(642.587932648107,1687.98425090925,26.2531312204765));
#10583=CARTESIAN_POINT('',(642.552724338187,1689.60030351816,27.6029015318212));
#10584=CARTESIAN_POINT('',(641.917347346692,1718.76394832488,51.9611567728142));
#10585=CARTESIAN_POINT('',(642.517424286822,1689.5993795072,26.2538697960181));
#10586=CARTESIAN_POINT('',(644.054261728825,1689.63960762533,84.9858659792442));
#10587=CARTESIAN_POINT('',(642.949619692745,1679.69911878221,26.2493425463392));
#10588=CARTESIAN_POINT('Origin',(643.595028036876,1689.6464351562,26.2256399577921));
#10589=CARTESIAN_POINT('',(643.66635724996,1688.01250338098,26.2248927838228));
#10590=CARTESIAN_POINT('',(552.284671037198,1685.61849409903,28.61771278534));
#10591=CARTESIAN_POINT('',(643.595028036876,1689.6464351562,26.2256399577921));
#10592=CARTESIAN_POINT('',(643.595028036876,1689.6464351562,26.2256399577921));
#10593=CARTESIAN_POINT('',(644.027223442799,1679.74617443121,26.2211127081138));
#10594=CARTESIAN_POINT('Origin',(648.93590817949,1679.96048243166,26.178241740695));
#10595=CARTESIAN_POINT('',(555.424449983862,1683.85468529872,26.9955477437602));
#10596=CARTESIAN_POINT('',(651.573975624315,1690.06457014847,26.1559595380637));
#10597=CARTESIAN_POINT('',(455.95551912862,1686.54944950591,27.8648132407854));
#10598=CARTESIAN_POINT('Origin',(639.164758112114,1697.00694944685,26.0993405095257));
#10599=CARTESIAN_POINT('',(638.002626065002,1699.47754802841,26.146471260632));
#10600=CARTESIAN_POINT('',(638.133152682723,1694.49445590352,26.1479890434915));
#10601=CARTESIAN_POINT('',(637.730285284792,1709.87465492385,26.1433044416699));
#10602=CARTESIAN_POINT('',(637.93787389645,1694.48934234854,26.1565169818649));
#10603=CARTESIAN_POINT('',(641.596071404187,1699.57107813466,25.9895442305503));
#10604=CARTESIAN_POINT('Origin',(645.069866457856,1689.68504039356,82.5882728195526));
#10605=CARTESIAN_POINT('',(643.630739048163,1689.64736992441,27.5903769958858));
#10606=CARTESIAN_POINT('',(553.216746715874,1685.69987119866,28.6408202649451));
#10607=CARTESIAN_POINT('',(645.131865478879,1689.68666327433,84.9576361410186));
#10608=CARTESIAN_POINT('Origin',(643.848949634919,1699.64581646482,77.6223640049877));
#10609=CARTESIAN_POINT('Ctrl Pts',(638.002626065002,1699.47754802841,26.1464712606324));
#10610=CARTESIAN_POINT('Ctrl Pts',(637.884230613411,1699.47453228838,26.3632316355614));
#10611=CARTESIAN_POINT('Ctrl Pts',(637.757676738432,1699.471302618,26.575213004769));
#10612=CARTESIAN_POINT('Ctrl Pts',(637.623395596133,1699.46787014854,26.7821161544448));
#10613=CARTESIAN_POINT('Ctrl Pts',(637.59022468022,1699.46702223978,26.8332265848638));
#10614=CARTESIAN_POINT('Ctrl Pts',(637.556582011019,1699.46616195002,26.8840270184409));
#10615=CARTESIAN_POINT('Ctrl Pts',(637.522473664662,1699.46528943589,26.9345127066606));
#10616=CARTESIAN_POINT('Origin',(643.154955264581,1699.72714199387,26.2302497229344));
#10617=CARTESIAN_POINT('',(629.320812684978,1699.12087139727,31.3512636144719));
#10618=CARTESIAN_POINT('Ctrl Pts',(637.52206403236,1699.48092979985,26.934509680047));
#10619=CARTESIAN_POINT('Ctrl Pts',(637.382606988556,1699.47475337876,27.1410299208094));
#10620=CARTESIAN_POINT('Ctrl Pts',(637.235499150137,1699.46824635575,27.3420861109275));
#10621=CARTESIAN_POINT('Ctrl Pts',(637.081172640757,1699.46142610135,27.5373667635527));
#10622=CARTESIAN_POINT('Ctrl Pts',(636.926147394672,1699.45457496722,27.7335315789854));
#10623=CARTESIAN_POINT('Ctrl Pts',(636.763837511431,1699.44740774679,27.9238689059349));
#10624=CARTESIAN_POINT('Ctrl Pts',(636.594638127102,1699.43994091951,28.1080319914692));
#10625=CARTESIAN_POINT('Ctrl Pts',(636.426212159935,1699.4325082234,28.2913532601638));
#10626=CARTESIAN_POINT('Ctrl Pts',(636.250959035127,1699.42477863991,28.4685570229132));
#10627=CARTESIAN_POINT('Ctrl Pts',(636.069233289661,1699.41676750107,28.6392640396862));
#10628=CARTESIAN_POINT('Ctrl Pts',(635.893448244129,1699.40901825011,28.8043905639401));
#10629=CARTESIAN_POINT('Ctrl Pts',(635.711606293227,1699.40100553651,28.9634383497553));
#10630=CARTESIAN_POINT('Ctrl Pts',(635.524003207877,1699.39274258289,29.1160251215384));
#10631=CARTESIAN_POINT('Ctrl Pts',(635.329537807637,1699.38417737949,29.2741933499059));
#10632=CARTESIAN_POINT('Ctrl Pts',(635.129541544611,1699.37537247243,29.4248831327885));
#10633=CARTESIAN_POINT('Ctrl Pts',(634.924430339505,1699.36634693288,29.5677753631863));
#10634=CARTESIAN_POINT('Ctrl Pts',(634.719916487837,1699.35734767876,29.7102514429157));
#10635=CARTESIAN_POINT('Ctrl Pts',(634.510316939632,1699.34812906189,29.8449757364492));
#10636=CARTESIAN_POINT('Ctrl Pts',(634.296009081698,1699.33870907281,29.9715941037745));
#10637=CARTESIAN_POINT('Ctrl Pts',(634.102469574423,1699.33020196503,30.0859420173802));
#10638=CARTESIAN_POINT('Ctrl Pts',(633.905089411413,1699.32153060537,30.1936787080036));
#10639=CARTESIAN_POINT('Ctrl Pts',(633.704127024123,1699.31270773598,30.2945124422088));
#10640=CARTESIAN_POINT('Ctrl Pts',(633.481434249818,1699.3029308355,30.4062494907007));
#10641=CARTESIAN_POINT('Ctrl Pts',(633.254342410709,1699.29296788084,30.5095108927065));
#10642=CARTESIAN_POINT('Ctrl Pts',(633.023370142259,1699.28284055727,30.6041698646851));
#10643=CARTESIAN_POINT('Ctrl Pts',(632.888091875598,1699.27690907993,30.6596107266514));
#10644=CARTESIAN_POINT('Ctrl Pts',(632.751482159888,1699.27092121003,30.7120997425005));
#10645=CARTESIAN_POINT('Ctrl Pts',(632.613643314933,1699.26488125703,30.7616033509966));
#10646=CARTESIAN_POINT('Ctrl Pts',(632.380541367704,1699.25466697521,30.8453198645753));
#10647=CARTESIAN_POINT('Ctrl Pts',(632.14464920137,1699.24433561429,30.9202411523014));
#10648=CARTESIAN_POINT('Ctrl Pts',(631.906504904028,1699.23391008968,30.9863286733506));
#10649=CARTESIAN_POINT('Ctrl Pts',(631.665867347496,1699.22337541472,31.0531080997743));
#10650=CARTESIAN_POINT('Ctrl Pts',(631.422929643123,1699.21274457774,31.110868035307));
#10651=CARTESIAN_POINT('Ctrl Pts',(631.1782255855,1699.20204066943,31.1595202688286));
#10652=CARTESIAN_POINT('Ctrl Pts',(630.933895763058,1699.19135313102,31.2080980966473));
#10653=CARTESIAN_POINT('Ctrl Pts',(630.687804333833,1699.18059272727,31.2475961891279));
#10654=CARTESIAN_POINT('Ctrl Pts',(630.440471026707,1699.16978215036,31.2778762394361));
#10655=CARTESIAN_POINT('Ctrl Pts',(630.196170957882,1699.15910415186,31.307784942232));
#10656=CARTESIAN_POINT('Ctrl Pts',(629.950658661,1699.14837718672,31.3287003565706));
#10657=CARTESIAN_POINT('Ctrl Pts',(629.704433120367,1699.13762308872,31.3404387387464));
#10658=CARTESIAN_POINT('Ctrl Pts',(629.576728059028,1699.13204546772,31.3465268594667));
#10659=CARTESIAN_POINT('Ctrl Pts',(629.448831162604,1699.12646054898,31.3501455361305));
#10660=CARTESIAN_POINT('Ctrl Pts',(629.320812684978,1699.12087139727,31.3512636144723));
#10661=CARTESIAN_POINT('',(253.773287100172,1682.72707188973,29.7993577081572));
#10662=CARTESIAN_POINT('',(263.411264166859,1683.14793279882,29.5468162334651));
#10663=CARTESIAN_POINT('',(253.904146825042,1682.73049857081,34.7984051359071));
#10664=CARTESIAN_POINT('',(254.228925244766,1682.73900319445,47.2054410772184));
#10665=CARTESIAN_POINT('',(263.542103362445,1683.15135858344,34.5458641991385));
#10666=CARTESIAN_POINT('',(263.542103362445,1683.15135858344,34.5458641991385));
#10667=CARTESIAN_POINT('',(268.527923571138,1683.36902958234,34.5023195534912));
#10668=CARTESIAN_POINT('',(263.454947549266,1683.14755345253,34.546625391643));
#10669=CARTESIAN_POINT('',(268.537915277288,1683.36946580971,34.5022322889525));
#10670=CARTESIAN_POINT('',(263.454947549266,1683.14755345253,34.546625391643));
#10671=CARTESIAN_POINT('',(263.454947549266,1683.14755345253,34.546625391643));
#10672=CARTESIAN_POINT('Origin',(453.435826620404,1688.93953710472,32.8872000095253));
#10673=CARTESIAN_POINT('',(629.453428821506,1694.12189881005,31.3497256631455));
#10674=CARTESIAN_POINT('Ctrl Pts',(629.320812684978,1699.12087139727,31.3512636144723));
#10675=CARTESIAN_POINT('Ctrl Pts',(629.365017831734,1697.45454719537,31.3507509660573));
#10676=CARTESIAN_POINT('Ctrl Pts',(629.409223210531,1695.78822299963,31.3502383156156));
#10677=CARTESIAN_POINT('Ctrl Pts',(629.453428821506,1694.12189881005,31.3497256631456));
#10678=CARTESIAN_POINT('',(268.646948596742,1680.87184951044,34.5010901642245));
#10679=CARTESIAN_POINT('',(263.67301459382,1678.15231156186,34.5443411379377));
#10680=CARTESIAN_POINT('Origin',(263.629331211414,1678.15269090816,29.5445319797599));
#10681=CARTESIAN_POINT('',(637.653785740824,1694.48190323838,26.9362038444657));
#10682=CARTESIAN_POINT('Ctrl Pts',(629.453428821506,1694.12189881005,31.3497256631456));
#10683=CARTESIAN_POINT('Ctrl Pts',(629.699191897716,1694.13262856685,31.3475792427911));
#10684=CARTESIAN_POINT('Ctrl Pts',(629.944447558216,1694.14334010186,31.3362208256666));
#10685=CARTESIAN_POINT('Ctrl Pts',(630.188701132994,1694.15401185046,31.3158714485226));
#10686=CARTESIAN_POINT('Ctrl Pts',(630.436085143566,1694.16482037177,31.2952612669313));
#10687=CARTESIAN_POINT('Ctrl Pts',(630.682441830016,1694.17558809657,31.2654281383967));
#10688=CARTESIAN_POINT('Ctrl Pts',(630.927262283965,1694.18629277012,31.2265486530471));
#10689=CARTESIAN_POINT('Ctrl Pts',(631.173727439372,1694.19706935755,31.1874079756883));
#10690=CARTESIAN_POINT('Ctrl Pts',(631.418636302566,1694.20778206101,31.1390988914097));
#10691=CARTESIAN_POINT('Ctrl Pts',(631.661465125805,1694.21840807053,31.081749307676));
#10692=CARTESIAN_POINT('Ctrl Pts',(631.90343361578,1694.22899643251,31.0246029113313));
#10693=CARTESIAN_POINT('Ctrl Pts',(632.143337415861,1694.23949873073,30.9584797919546));
#10694=CARTESIAN_POINT('Ctrl Pts',(632.380644217844,1694.24989203782,30.8834569052233));
#10695=CARTESIAN_POINT('Ctrl Pts',(632.614717137292,1694.26014371081,30.8094563878515));
#10696=CARTESIAN_POINT('Ctrl Pts',(632.846263924644,1694.2702893581,30.7267967843627));
#10697=CARTESIAN_POINT('Ctrl Pts',(633.074751113192,1694.28030639063,30.6355066818869));
#10698=CARTESIAN_POINT('Ctrl Pts',(633.130396617232,1694.28274592708,30.6132739965517));
#10699=CARTESIAN_POINT('Ctrl Pts',(633.185860524105,1694.28517783188,30.5905292220292));
#10700=CARTESIAN_POINT('Ctrl Pts',(633.241134862354,1694.28760177182,30.5672723798875));
#10701=CARTESIAN_POINT('Ctrl Pts',(633.442446564026,1694.29642987342,30.4825698829348));
#10702=CARTESIAN_POINT('Ctrl Pts',(633.640650855302,1694.30512618027,30.3913270039814));
#10703=CARTESIAN_POINT('Ctrl Pts',(633.835407296024,1694.31367653241,30.2936437906692));
#10704=CARTESIAN_POINT('Ctrl Pts',(634.057082434711,1694.32340869064,30.18245907309));
#10705=CARTESIAN_POINT('Ctrl Pts',(634.27429166677,1694.33295178296,30.0629315986956));
#10706=CARTESIAN_POINT('Ctrl Pts',(634.486700598043,1694.34228929408,29.9354745112629));
#10707=CARTESIAN_POINT('Ctrl Pts',(634.700589964664,1694.35169188524,29.8071290808758));
#10708=CARTESIAN_POINT('Ctrl Pts',(634.909612384511,1694.36088603293,29.6707427268654));
#10709=CARTESIAN_POINT('Ctrl Pts',(635.11340101358,1694.36985421443,29.5266905925035));
#10710=CARTESIAN_POINT('Ctrl Pts',(635.317258426414,1694.37882542292,29.3825898369392));
#10711=CARTESIAN_POINT('Ctrl Pts',(635.515879000932,1694.3875705257,29.2308176877018));
#10712=CARTESIAN_POINT('Ctrl Pts',(635.70886280248,1694.39607112668,29.0717094061159));
#10713=CARTESIAN_POINT('Ctrl Pts',(635.827488834934,1694.40129639719,28.9739064608757));
#10714=CARTESIAN_POINT('Ctrl Pts',(635.943984348438,1694.4064292654,28.8733308035593));
#10715=CARTESIAN_POINT('Ctrl Pts',(636.058249100558,1694.41146526554,28.7700538397273));
#10716=CARTESIAN_POINT('Ctrl Pts',(636.243999418504,1694.4196518551,28.6021654182111));
#10717=CARTESIAN_POINT('Ctrl Pts',(636.423273431096,1694.42755670605,28.427667477061));
#10718=CARTESIAN_POINT('Ctrl Pts',(636.595730011176,1694.43516498251,28.2469638016491));
#10719=CARTESIAN_POINT('Ctrl Pts',(636.76858096564,1694.4427906576,28.0658468923628));
#10720=CARTESIAN_POINT('Ctrl Pts',(636.934583757307,1694.45011841326,27.8784953887554));
#10721=CARTESIAN_POINT('Ctrl Pts',(637.093362468815,1694.45713246347,27.6852748148295));
#10722=CARTESIAN_POINT('Ctrl Pts',(637.25116683447,1694.46410347196,27.4932399393073));
#10723=CARTESIAN_POINT('Ctrl Pts',(637.401835940043,1694.47076462488,27.2954073273927));
#10724=CARTESIAN_POINT('Ctrl Pts',(637.544961961593,1694.47709940649,27.0921022901039));
#10725=CARTESIAN_POINT('Ctrl Pts',(637.581466487829,1694.47871510292,27.0402490073307));
#10726=CARTESIAN_POINT('Ctrl Pts',(637.617480110213,1694.48030956276,26.988039585369));
#10727=CARTESIAN_POINT('Ctrl Pts',(637.652995602687,1694.48188249991,26.9354791265176));
#10728=CARTESIAN_POINT('',(638.74704155546,1694.5105311494,68.7002705255252));
#10729=CARTESIAN_POINT('Origin',(639.117202819498,1694.52022416323,82.8410045669522));
#10730=CARTESIAN_POINT('Ctrl Pts',(637.652995602687,1694.48188249991,26.9354791265176));
#10731=CARTESIAN_POINT('Ctrl Pts',(637.791216478542,1694.48550196035,26.7310192003365));
#10732=CARTESIAN_POINT('Ctrl Pts',(637.921795297679,1694.48892130584,26.5214039465932));
#10733=CARTESIAN_POINT('Ctrl Pts',(638.044313625734,1694.49212956822,26.3069403593748));
#10734=CARTESIAN_POINT('Ctrl Pts',(638.074415648971,1694.49291781918,26.2542479337714));
#10735=CARTESIAN_POINT('Ctrl Pts',(638.104030881085,1694.49369332231,26.2012627173121));
#10736=CARTESIAN_POINT('Ctrl Pts',(638.133152682723,1694.49445590352,26.1479890434918));
#10737=CARTESIAN_POINT('Ctrl Pts',(638.136835446989,1694.35385964865,26.1480318672206));
#10738=CARTESIAN_POINT('Ctrl Pts',(638.091956129597,1696.06720959191,26.1475100038653));
#10739=CARTESIAN_POINT('Ctrl Pts',(638.047076812203,1697.78055953526,26.14698814051));
#10740=CARTESIAN_POINT('Ctrl Pts',(638.002197494806,1699.4939094787,26.1464662771547));
#10741=CARTESIAN_POINT('Ctrl Pts',(637.166962617225,1694.32758421953,27.9222593913554));
#10742=CARTESIAN_POINT('Ctrl Pts',(637.122188946305,1696.04093696144,27.9220551280692));
#10743=CARTESIAN_POINT('Ctrl Pts',(637.077406886989,1697.75428948401,27.9218454452729));
#10744=CARTESIAN_POINT('Ctrl Pts',(637.032633383252,1699.46764223043,27.9216411215938));
#10745=CARTESIAN_POINT('Ctrl Pts',(634.500724746003,1694.256062823,30.4876601015847));
#10746=CARTESIAN_POINT('Ctrl Pts',(634.455839723855,1695.96941270265,30.4879946097553));
#10747=CARTESIAN_POINT('Ctrl Pts',(634.410955471288,1697.68276260237,30.4883298233645));
#10748=CARTESIAN_POINT('Ctrl Pts',(634.3660708259,1699.39611249199,30.488664297678));
#10749=CARTESIAN_POINT('Ctrl Pts',(630.96947530382,1694.16212180526,31.3364830017372));
#10750=CARTESIAN_POINT('Ctrl Pts',(630.924192756435,1695.87546141834,31.3370092071557));
#10751=CARTESIAN_POINT('Ctrl Pts',(630.878912006632,1697.58880107935,31.337533666429));
#10752=CARTESIAN_POINT('Ctrl Pts',(630.833629915333,1699.30214070451,31.338059868558));
#10753=CARTESIAN_POINT('Ctrl Pts',(629.453428821506,1694.12189881005,31.3497256631456));
#10754=CARTESIAN_POINT('Ctrl Pts',(629.40797606288,1695.83523405216,31.3502527787869));
#10755=CARTESIAN_POINT('Ctrl Pts',(629.362523549717,1697.54856930078,31.3507798922839));
#10756=CARTESIAN_POINT('Ctrl Pts',(629.317071281868,1699.26190455591,31.3513070036382));
#10757=CARTESIAN_POINT('Origin',(260.879069645492,1741.15268163324,29.5733409874901));
#10758=CARTESIAN_POINT('',(91.0990795419577,1733.7389099999,34.0220431142216));
#10759=CARTESIAN_POINT('',(260.879069645492,1741.15268163324,29.5733409874898));
#10760=CARTESIAN_POINT('',(93.6312740633248,1675.73416116548,33.9955183601969));
#10761=CARTESIAN_POINT('',(94.5035422415428,1655.75319360282,33.9863813453763));
#10762=CARTESIAN_POINT('',(93.1953190516567,1665.74368520449,34.0137748807558));
#10763=CARTESIAN_POINT('',(95.2150014122862,1712.02733267459,33.9291964918129));
#10764=CARTESIAN_POINT('',(93.631363772733,1665.72463666297,34.0023754133494));
#10765=CARTESIAN_POINT('Ctrl Pts',(93.631363772733,1665.72463666297,34.0023754133502));
#10766=CARTESIAN_POINT('Ctrl Pts',(93.4860155323742,1665.73098617681,34.0061752358195));
#10767=CARTESIAN_POINT('Ctrl Pts',(93.3406672920154,1665.73733569065,34.0099750582868));
#10768=CARTESIAN_POINT('Ctrl Pts',(93.1953190516566,1665.74368520449,34.0137748807552));
#10769=CARTESIAN_POINT('',(254.035096439234,1672.72897588104,29.7993569880688));
#10770=CARTESIAN_POINT('',(263.847398255968,1673.15744901749,29.5422477260546));
#10771=CARTESIAN_POINT('',(252.618667318944,1726.82022558549,29.7993608838606));
#10772=CARTESIAN_POINT('Origin',(251.412927216776,1762.68963948501,19.6269050104183));
#10773=CARTESIAN_POINT('',(254.030622047563,1662.72390698745,19.6269050104183));
#10774=CARTESIAN_POINT('',(653.756466368403,1680.17551595337,16.1357590926354));
#10775=CARTESIAN_POINT('',(254.902245986798,1662.76196116976,19.6192923769083));
#10776=CARTESIAN_POINT('',(254.030622047563,1662.72390698745,19.6269050104183));
#10777=CARTESIAN_POINT('',(253.780321581328,1672.28249615429,19.6269050104183));
#10778=CARTESIAN_POINT('',(417.179006055603,1685.39198220605,18.1984401669975));
#10779=CARTESIAN_POINT('',(254.030622047563,1662.72390698745,19.6269050104183));
#10780=CARTESIAN_POINT('',(653.939234501338,1673.19588254801,16.1357590926354));
#10781=CARTESIAN_POINT('Origin',(380.167289141995,1682.63161485243,20.9430875932505));
#10782=CARTESIAN_POINT('',(192.27857056426,1667.44109469898,21.2401517910617));
#10783=CARTESIAN_POINT('Origin',(1.58423537245412,1756.14764495464,26.1711420873865));
#10784=CARTESIAN_POINT('',(91.5826084526192,1758.50433529347,26.1089912279422));
#10785=CARTESIAN_POINT('',(229.986155081851,1762.1285597104,22.4835244540963));
#10786=CARTESIAN_POINT('',(91.5225644364099,1758.50276298557,23.8152167396779));
#10787=CARTESIAN_POINT('',(1.58423537245412,1756.14764495464,26.1711420873865));
#10788=CARTESIAN_POINT('Ctrl Pts',(91.5826084526192,1758.50433529347,26.1089912279423));
#10789=CARTESIAN_POINT('Ctrl Pts',(91.5625937805494,1758.50381119084,25.3443997318542));
#10790=CARTESIAN_POINT('Ctrl Pts',(91.5425791084797,1758.5032870882,24.579808235766));
#10791=CARTESIAN_POINT('Ctrl Pts',(91.5225644364099,1758.50276298557,23.8152167396779));
#10792=CARTESIAN_POINT('Ctrl Pts',(91.5225644364099,1758.50276298557,23.8152167396779));
#10793=CARTESIAN_POINT('Ctrl Pts',(91.609027529766,1758.50502710135,27.1182409248929));
#10794=CARTESIAN_POINT('Ctrl Pts',(91.695490623122,1758.50729121713,30.421265110108));
#10795=CARTESIAN_POINT('Ctrl Pts',(91.781953716478,1758.50955533291,33.724289295323));
#10796=CARTESIAN_POINT('Ctrl Pts',(90.7376688556023,1758.48220977145,23.8357769992844));
#10797=CARTESIAN_POINT('Ctrl Pts',(90.8241319489583,1758.48447388723,27.1388011844994));
#10798=CARTESIAN_POINT('Ctrl Pts',(90.9105950423144,1758.48673800301,30.4418253697145));
#10799=CARTESIAN_POINT('Ctrl Pts',(90.9970581356704,1758.4890021188,33.7448495549295));
#10800=CARTESIAN_POINT('Ctrl Pts',(87.7973457377182,1758.29723901495,23.9128724769946));
#10801=CARTESIAN_POINT('Ctrl Pts',(87.8838088310742,1758.29950313073,27.2158966622096));
#10802=CARTESIAN_POINT('Ctrl Pts',(87.9702719244302,1758.30176724651,30.5189208474246));
#10803=CARTESIAN_POINT('Ctrl Pts',(88.0567350177863,1758.30403136229,33.8219450326397));
#10804=CARTESIAN_POINT('Ctrl Pts',(80.7492704991385,1757.35052955556,24.0980185167657));
#10805=CARTESIAN_POINT('Ctrl Pts',(80.8357335924945,1757.35279367135,27.4010427019807));
#10806=CARTESIAN_POINT('Ctrl Pts',(80.9221966858506,1757.35505778713,30.7040668871958));
#10807=CARTESIAN_POINT('Ctrl Pts',(81.0086597792066,1757.35732190291,34.0070910724108));
#10808=CARTESIAN_POINT('Ctrl Pts',(69.7717114771922,1755.34097995206,24.3867549928034));
#10809=CARTESIAN_POINT('Ctrl Pts',(69.8581745705483,1755.34324406784,27.6897791780185));
#10810=CARTESIAN_POINT('Ctrl Pts',(69.9446376639043,1755.34550818362,30.9928033632335));
#10811=CARTESIAN_POINT('Ctrl Pts',(70.0311007572603,1755.3477722994,34.2958275484485));
#10812=CARTESIAN_POINT('Ctrl Pts',(56.4732460977958,1752.61185527084,24.7367389599281));
#10813=CARTESIAN_POINT('Ctrl Pts',(56.5597091911518,1752.61411938662,28.0397631451432));
#10814=CARTESIAN_POINT('Ctrl Pts',(56.6461722845078,1752.6163835024,31.3427873303582));
#10815=CARTESIAN_POINT('Ctrl Pts',(56.7326353778639,1752.61864761818,34.6458115155733));
#10816=CARTESIAN_POINT('Ctrl Pts',(44.6460529968387,1749.83979646391,25.0482389386218));
#10817=CARTESIAN_POINT('Ctrl Pts',(44.7325160901947,1749.84206057969,28.3512631238369));
#10818=CARTESIAN_POINT('Ctrl Pts',(44.8189791835507,1749.84432469547,31.6542873090519));
#10819=CARTESIAN_POINT('Ctrl Pts',(44.9054422769068,1749.84658881125,34.9573114942669));
#10820=CARTESIAN_POINT('Ctrl Pts',(37.2486474679637,1747.95370992655,25.243173291816));
#10821=CARTESIAN_POINT('Ctrl Pts',(37.3351105613197,1747.95597404234,28.546197477031));
#10822=CARTESIAN_POINT('Ctrl Pts',(37.4215736546757,1747.95823815812,31.849221662246));
#10823=CARTESIAN_POINT('Ctrl Pts',(37.5080367480317,1747.9605022739,35.1522458474611));
#10824=CARTESIAN_POINT('',(37.5080367480942,1747.96050227393,35.152245847459));
#10825=CARTESIAN_POINT('',(37.3289653606361,1747.95581312512,28.3114412469921));
#10826=CARTESIAN_POINT('Ctrl Pts',(37.5080367480942,1747.96050227393,35.152245847459));
#10827=CARTESIAN_POINT('Ctrl Pts',(37.5044034717496,1747.96040713324,35.0134490594649));
#10828=CARTESIAN_POINT('Ctrl Pts',(37.5007701953425,1747.96031199252,34.8746522714708));
#10829=CARTESIAN_POINT('Ctrl Pts',(37.4410797325392,1747.95874894274,32.5943840713244));
#10830=CARTESIAN_POINT('Ctrl Pts',(37.3850225470948,1747.95728103421,30.4529126591446));
#10831=CARTESIAN_POINT('Ctrl Pts',(37.3289653606361,1747.95581312512,28.3114412469921));
#10832=CARTESIAN_POINT('Ctrl Pts',(37.508036748155,1747.96050227393,35.1522458474574));
#10833=CARTESIAN_POINT('Ctrl Pts',(50.7244455341087,1751.34541969778,32.2669427805604));
#10834=CARTESIAN_POINT('Ctrl Pts',(65.0399589644206,1754.51646723928,29.5555960360451));
#10835=CARTESIAN_POINT('Ctrl Pts',(79.5384799161339,1757.07981031824,27.3512276748146));
#10836=CARTESIAN_POINT('Ctrl Pts',(87.2597585705549,1758.3911374855,26.2222278392679));
#10837=CARTESIAN_POINT('Ctrl Pts',(91.5826084526192,1758.50433529347,26.1089912279423));
#10838=CARTESIAN_POINT('Ctrl Pts',(37.3289653616243,1747.95581312508,28.3114412469663));
#10839=CARTESIAN_POINT('Ctrl Pts',(44.133960850201,1749.69608151826,27.2588406813368));
#10840=CARTESIAN_POINT('Ctrl Pts',(51.4575113657095,1751.43993992252,26.389883988713));
#10841=CARTESIAN_POINT('Ctrl Pts',(66.4311007514288,1754.69880249786,25.0106879708448));
#10842=CARTESIAN_POINT('Ctrl Pts',(74.3391637211467,1756.27724381129,24.495099602787));
#10843=CARTESIAN_POINT('Ctrl Pts',(85.8012747235685,1758.04922339176,23.9783579167965));
#10844=CARTESIAN_POINT('Ctrl Pts',(89.2548330485868,1758.44338034931,23.8746197318613));
#10845=CARTESIAN_POINT('Ctrl Pts',(91.5225644364099,1758.50276298557,23.8152167396779));
#10846=CARTESIAN_POINT('Ctrl Pts',(94.1402592671973,1658.53703048801,23.8152167396779));
#10847=CARTESIAN_POINT('Ctrl Pts',(93.2676943236015,1691.85894132053,23.8152167396779));
#10848=CARTESIAN_POINT('Ctrl Pts',(92.3951293800057,1725.18085215305,23.8152167396779));
#10849=CARTESIAN_POINT('Ctrl Pts',(91.5225644364099,1758.50276298557,23.8152167396779));
#10850=CARTESIAN_POINT('Ctrl Pts',(88.4714794996563,1658.38858826563,23.9637098469429));
#10851=CARTESIAN_POINT('Ctrl Pts',(87.5989145560606,1691.71049909815,23.9637098469429));
#10852=CARTESIAN_POINT('Ctrl Pts',(86.7263496124648,1725.03240993067,23.9637098469429));
#10853=CARTESIAN_POINT('Ctrl Pts',(85.8537846688691,1758.35432076318,23.9637098469429));
#10854=CARTESIAN_POINT('Ctrl Pts',(79.6302314250455,1658.15707203697,24.3345816974202));
#10855=CARTESIAN_POINT('Ctrl Pts',(78.7576664814498,1691.47898286949,24.3345816974202));
#10856=CARTESIAN_POINT('Ctrl Pts',(77.885101537854,1724.80089370201,24.3345816974202));
#10857=CARTESIAN_POINT('Ctrl Pts',(77.0125365942582,1758.12280453453,24.3345816974202));
#10858=CARTESIAN_POINT('Ctrl Pts',(58.6601476080071,1657.60795106684,25.7559626188985));
#10859=CARTESIAN_POINT('Ctrl Pts',(57.7875826644113,1690.92986189936,25.7559626188985));
#10860=CARTESIAN_POINT('Ctrl Pts',(56.9150177208156,1724.25177273188,25.7559626188985));
#10861=CARTESIAN_POINT('Ctrl Pts',(56.0424527772198,1757.5736835644,25.7559626188985));
#10862=CARTESIAN_POINT('Ctrl Pts',(43.9383824908392,1657.22244808012,27.4967688753723));
#10863=CARTESIAN_POINT('Ctrl Pts',(43.0658175472434,1690.54435891264,27.4967688753723));
#10864=CARTESIAN_POINT('Ctrl Pts',(42.1932526036476,1723.86626974516,27.4967688753723));
#10865=CARTESIAN_POINT('Ctrl Pts',(41.3206876600518,1757.18818057768,27.4967688753723));
#10866=CARTESIAN_POINT('Ctrl Pts',(34.1068636099625,1656.9650006978,29.234960114408));
#10867=CARTESIAN_POINT('Ctrl Pts',(33.2342986663667,1690.28691153032,29.2349601144081));
#10868=CARTESIAN_POINT('Ctrl Pts',(32.3617337227709,1723.60882236284,29.2349601144081));
#10869=CARTESIAN_POINT('Ctrl Pts',(31.4891687791751,1756.93073319536,29.2349601144081));
#10870=CARTESIAN_POINT('',(33.833775101633,1667.39383008431,29.2349601143939));
#10871=CARTESIAN_POINT('Ctrl Pts',(37.3305713562793,1747.9558551796,28.3130001524262));
#10872=CARTESIAN_POINT('Ctrl Pts',(36.9469489431514,1739.12274495938,28.407188199843));
#10873=CARTESIAN_POINT('Ctrl Pts',(36.5631252720859,1730.28412274195,28.503542207329));
#10874=CARTESIAN_POINT('Ctrl Pts',(36.1795262123315,1721.44923769759,28.6021161507697));
#10875=CARTESIAN_POINT('Ctrl Pts',(35.9677540738132,1716.57179482637,28.6565355094042));
#10876=CARTESIAN_POINT('Ctrl Pts',(35.7560512910153,1711.6954909841,28.7116314399154));
#10877=CARTESIAN_POINT('Ctrl Pts',(35.5444963531547,1706.82188258997,28.7674129099311));
#10878=CARTESIAN_POINT('Ctrl Pts',(35.1888401230003,1698.6286009477,28.8611900986789));
#10879=CARTESIAN_POINT('Ctrl Pts',(34.8328580026818,1690.42582621694,28.957100365042));
#10880=CARTESIAN_POINT('Ctrl Pts',(34.4769854414016,1682.22299507303,29.0551982386829));
#10881=CARTESIAN_POINT('Ctrl Pts',(34.2625063900177,1677.27927185908,29.114320354773));
#10882=CARTESIAN_POINT('Ctrl Pts',(34.0480681098276,1672.33552817979,29.174237057055));
#10883=CARTESIAN_POINT('Ctrl Pts',(33.8337751016343,1667.39383008431,29.2349601144));
#10884=CARTESIAN_POINT('',(94.1402592671973,1658.53703048801,23.8152167396779));
#10885=CARTESIAN_POINT('Ctrl Pts',(91.5225644364099,1758.50276298557,23.8152167396779));
#10886=CARTESIAN_POINT('Ctrl Pts',(92.3951293800057,1725.18085215305,23.8152167396779));
#10887=CARTESIAN_POINT('Ctrl Pts',(93.2676943236015,1691.85894132053,23.8152167396779));
#10888=CARTESIAN_POINT('Ctrl Pts',(94.1402592671973,1658.53703048801,23.8152167396779));
#10889=CARTESIAN_POINT('Ctrl Pts',(94.1402592671972,1658.53703048801,23.8152167396779));
#10890=CARTESIAN_POINT('Ctrl Pts',(91.8725278793731,1658.47764785175,23.8746197318612));
#10891=CARTESIAN_POINT('Ctrl Pts',(88.4030739547281,1658.69051935351,23.9783579167968));
#10892=CARTESIAN_POINT('Ctrl Pts',(76.8639331313002,1659.86018995768,24.4950996027867));
#10893=CARTESIAN_POINT('Ctrl Pts',(68.8840986515427,1661.02259203459,25.0106879708434));
#10894=CARTESIAN_POINT('Ctrl Pts',(51.670841959177,1663.83471358347,26.5804476149477));
#10895=CARTESIAN_POINT('Ctrl Pts',(42.2290815360573,1665.61833323569,27.7599194289733));
#10896=CARTESIAN_POINT('Ctrl Pts',(33.8337751016775,1667.39383008431,29.2349601143924));
#10897=CARTESIAN_POINT('Origin',(4.20193020324144,1656.18191245708,26.1711420873865));
#10898=CARTESIAN_POINT('',(4.20193020324144,1656.18191245708,26.1711420873865));
#10899=CARTESIAN_POINT('Origin',(451.57527238719,1749.46387052024,59.411729733195));
#10900=CARTESIAN_POINT('',(91.4333864546882,1733.74766321391,46.7950985011535));
#10901=CARTESIAN_POINT('',(454.360550805752,1749.59800347282,31.9852181752065));
#10902=CARTESIAN_POINT('',(91.4880733703514,1733.7490950906,48.8845527604172));
#10903=CARTESIAN_POINT('Origin',(6.55704823417391,1656.24358339313,116.140301335187));
#10904=CARTESIAN_POINT('',(254.141021632991,1662.72679790234,23.8443402946663));
#10905=CARTESIAN_POINT('',(94.2506588526248,1658.5399214029,28.0326520239259));
#10906=CARTESIAN_POINT('',(232.654205481856,1662.16414581983,24.4071852500806));
#10907=CARTESIAN_POINT('Ctrl Pts',(94.1402592671972,1658.53703048801,23.8152167396778));
#10908=CARTESIAN_POINT('Ctrl Pts',(94.1770591290064,1658.53799412631,25.2210285010938));
#10909=CARTESIAN_POINT('Ctrl Pts',(94.2138589908156,1658.53895776461,26.6268402625098));
#10910=CARTESIAN_POINT('Ctrl Pts',(94.2506588526248,1658.5399214029,28.0326520239258));
#10911=CARTESIAN_POINT('',(256.385740078496,1662.78557792349,109.596064258218));
#10912=CARTESIAN_POINT('Origin',(269.424956763147,1680.89222022887,64.2268930793164));
#10913=CARTESIAN_POINT('',(268.691449789335,1683.3734862524,40.3684138934633));
#10914=CARTESIAN_POINT('',(268.282579924083,1702.14473705819,56.0466596117203));
#10915=CARTESIAN_POINT('',(270.227053212685,1683.41369744321,99.0400990657926));
#10916=CARTESIAN_POINT('Origin',(263.542103565543,1683.1513539311,34.5458641970117));
#10917=CARTESIAN_POINT('',(254.054404378839,1682.73442895949,40.5384692451707));
#10918=CARTESIAN_POINT('',(362.635381173015,1687.47510326541,39.2769594472812));
#10919=CARTESIAN_POINT('',(254.294355270022,1682.74071295555,49.7049658762401));
#10920=CARTESIAN_POINT('Origin',(253.899333647636,1712.73760870425,64.6114846343183));
#10921=CARTESIAN_POINT('',(254.097712996727,1672.73061555329,32.191406540808));
#10922=CARTESIAN_POINT('',(253.92656113215,1712.26480992036,65.1782672457537));
#10923=CARTESIAN_POINT('',(255.336578178838,1672.76305637979,79.5179767559875));
#10924=CARTESIAN_POINT('Origin',(265.538818967019,1673.20173576991,94.1673260661849));
#10925=CARTESIAN_POINT('',(93.6327597462365,1665.72467321397,34.05571216775));
#10926=CARTESIAN_POINT('',(363.408493935003,1677.50315318725,30.9214176749489));
#10927=CARTESIAN_POINT('Ctrl Pts',(93.6327597462366,1665.72467321397,34.0557121677539));
#10928=CARTESIAN_POINT('Ctrl Pts',(93.6322944217661,1665.72466103031,34.037933249618));
#10929=CARTESIAN_POINT('Ctrl Pts',(93.6318290972957,1665.72464884664,34.0201543314816));
#10930=CARTESIAN_POINT('Ctrl Pts',(93.6313637728252,1665.72463666297,34.0023754133451));
#10931=CARTESIAN_POINT('Ctrl Pts',(93.6313637728256,1665.72463666297,34.0023754133448));
#10932=CARTESIAN_POINT('Ctrl Pts',(92.5789474078121,1665.77061129779,34.0298886143317));
#10933=CARTESIAN_POINT('Ctrl Pts',(91.5265310427987,1665.81658593261,34.0574018153185));
#10934=CARTESIAN_POINT('Ctrl Pts',(90.4741146777852,1665.86256056743,34.0849150163054));
#10935=CARTESIAN_POINT('Ctrl Pts',(93.633434866549,1665.72469089076,34.0815068755822));
#10936=CARTESIAN_POINT('Ctrl Pts',(92.5810185015355,1665.77066552559,34.1090200765691));
#10937=CARTESIAN_POINT('Ctrl Pts',(91.5286021365221,1665.81664016041,34.136533277556));
#10938=CARTESIAN_POINT('Ctrl Pts',(90.4761857715086,1665.86261479523,34.1640464785428));
#10939=CARTESIAN_POINT('Ctrl Pts',(93.6355059602724,1665.72474511856,34.1606383378198));
#10940=CARTESIAN_POINT('Ctrl Pts',(92.5830895952589,1665.77071975338,34.1881515388066));
#10941=CARTESIAN_POINT('Ctrl Pts',(91.5306732302454,1665.8166943882,34.2156647397935));
#10942=CARTESIAN_POINT('Ctrl Pts',(90.478256865232,1665.86266902302,34.2431779407803));
#10943=CARTESIAN_POINT('Ctrl Pts',(93.6375770539958,1665.72479934635,34.2397698000572));
#10944=CARTESIAN_POINT('Ctrl Pts',(92.5851606889823,1665.77077398117,34.267283001044));
#10945=CARTESIAN_POINT('Ctrl Pts',(91.5327443239688,1665.816748616,34.2947962020309));
#10946=CARTESIAN_POINT('Ctrl Pts',(90.4803279589554,1665.86272325082,34.3223094030177));
#10947=CARTESIAN_POINT('',(90.4803279589554,1665.86272325082,34.3223094030179));
#10948=CARTESIAN_POINT('Ctrl Pts',(90.4803279589554,1665.86272325082,34.3223094030179));
#10949=CARTESIAN_POINT('Ctrl Pts',(91.5311385547159,1665.81670657187,34.2334436579287));
#10950=CARTESIAN_POINT('Ctrl Pts',(92.5819491504763,1665.77068989292,34.1445779128392));
#10951=CARTESIAN_POINT('Ctrl Pts',(93.6327597462368,1665.72467321397,34.0557121677497));
#10952=CARTESIAN_POINT('Ctrl Pts',(93.1953190516566,1665.74368520449,34.0137748807558));
#10953=CARTESIAN_POINT('Ctrl Pts',(92.2903220207562,1665.78336455326,34.1166197215099));
#10954=CARTESIAN_POINT('Ctrl Pts',(91.3853249898559,1665.82304390204,34.219464562264));
#10955=CARTESIAN_POINT('Ctrl Pts',(90.4803279589555,1665.86272325082,34.3223094030181));
#10956=CARTESIAN_POINT('Origin',(36.4590262822603,1678.24086282599,40.4926343924336));
#10957=CARTESIAN_POINT('',(36.1057909597968,1670.14601575455,40.5074274362669));
#10958=CARTESIAN_POINT('',(241.404746685351,1653.97382522671,17.1546182901221));
#10959=CARTESIAN_POINT('',(36.4590262822602,1678.24086282599,40.4926343924336));
#10960=CARTESIAN_POINT('Ctrl Pts',(93.6312740633248,1675.73416116548,33.9955183601966));
#10961=CARTESIAN_POINT('Ctrl Pts',(84.102566099814,1676.15194477557,35.078371032236));
#10962=CARTESIAN_POINT('Ctrl Pts',(74.5738581363033,1676.56972838565,36.1612237042754));
#10963=CARTESIAN_POINT('Ctrl Pts',(60.2807961910371,1677.19640380078,37.7855027123345));
#10964=CARTESIAN_POINT('Ctrl Pts',(55.5164422092817,1677.40529560582,38.3269290483542));
#10965=CARTESIAN_POINT('Ctrl Pts',(45.987734245771,1677.8230792159,39.4097817203939));
#10966=CARTESIAN_POINT('Ctrl Pts',(41.2233802640156,1678.03197102095,39.9512080564139));
#10967=CARTESIAN_POINT('Ctrl Pts',(36.4590262822603,1678.24086282599,40.4926343924336));
#10968=CARTESIAN_POINT('',(36.4590262822602,1678.24086282599,40.4926343924336));
#10969=CARTESIAN_POINT('Ctrl Pts',(94.478572921963,1658.54588954284,36.7393227426664));
#10970=CARTESIAN_POINT('Ctrl Pts',(94.3658017037077,1658.54293652457,32.4312874083369));
#10971=CARTESIAN_POINT('Ctrl Pts',(94.2530304854525,1658.53998350629,28.1232520740074));
#10972=CARTESIAN_POINT('Ctrl Pts',(94.1402592671972,1658.53703048801,23.8152167396778));
#10973=CARTESIAN_POINT('Ctrl Pts',(92.7933844574231,1658.50176132988,36.7834660824482));
#10974=CARTESIAN_POINT('Ctrl Pts',(92.6806132391679,1658.49880831161,32.4754307481187));
#10975=CARTESIAN_POINT('Ctrl Pts',(92.5678420209127,1658.49585529333,28.1673954137892));
#10976=CARTESIAN_POINT('Ctrl Pts',(92.4550708026574,1658.49290227505,23.8593600794596));
#10977=CARTESIAN_POINT('Ctrl Pts',(88.844050238639,1658.64877912901,36.8867468242184));
#10978=CARTESIAN_POINT('Ctrl Pts',(88.7312790203838,1658.64582611073,32.5787114898888));
#10979=CARTESIAN_POINT('Ctrl Pts',(88.6185078021285,1658.64287309245,28.2706761555593));
#10980=CARTESIAN_POINT('Ctrl Pts',(88.5057365838733,1658.63992007418,23.9626408212298));
#10981=CARTESIAN_POINT('Ctrl Pts',(79.2748072578501,1659.67752912805,37.1365352283663));
#10982=CARTESIAN_POINT('Ctrl Pts',(79.1620360395949,1659.67457610978,32.8284998940367));
#10983=CARTESIAN_POINT('Ctrl Pts',(79.0492648213397,1659.6716230915,28.5204645597072));
#10984=CARTESIAN_POINT('Ctrl Pts',(78.9364936030844,1659.66867007322,24.2124292253777));
#10985=CARTESIAN_POINT('Ctrl Pts',(69.8463704297134,1660.95528972474,37.3824670684591));
#10986=CARTESIAN_POINT('Ctrl Pts',(69.7335992114582,1660.95233670646,33.0744317341295));
#10987=CARTESIAN_POINT('Ctrl Pts',(69.620827993203,1660.94938368819,28.7663963998));
#10988=CARTESIAN_POINT('Ctrl Pts',(69.5080567749478,1660.94643066991,24.4583610654705));
#10989=CARTESIAN_POINT('Ctrl Pts',(54.7036464501276,1663.34238987855,37.7772210917018));
#10990=CARTESIAN_POINT('Ctrl Pts',(54.5908752318724,1663.33943686028,33.4691857573723));
#10991=CARTESIAN_POINT('Ctrl Pts',(54.4781040136172,1663.336483842,29.1611504230428));
#10992=CARTESIAN_POINT('Ctrl Pts',(54.3653327953619,1663.33353082373,24.8531150887132));
#10993=CARTESIAN_POINT('Ctrl Pts',(41.7361148642353,1665.78618245489,38.1149963552812));
#10994=CARTESIAN_POINT('Ctrl Pts',(41.6233436459801,1665.78322943662,33.8069610209517));
#10995=CARTESIAN_POINT('Ctrl Pts',(41.5105724277248,1665.78027641834,29.4989256866222));
#10996=CARTESIAN_POINT('Ctrl Pts',(41.3978012094696,1665.77732340006,25.1908903522926));
#10997=CARTESIAN_POINT('Ctrl Pts',(34.0714504709066,1667.40005383291,38.3145276224991));
#10998=CARTESIAN_POINT('Ctrl Pts',(33.9586792526514,1667.39710081463,34.0064922881695));
#10999=CARTESIAN_POINT('Ctrl Pts',(33.8459080343962,1667.39414779635,29.69845695384));
#11000=CARTESIAN_POINT('Ctrl Pts',(33.7331368161409,1667.39119477808,25.3904216195105));
#11001=CARTESIAN_POINT('',(34.0714504712334,1667.40005383278,38.3145276224905));
#11002=CARTESIAN_POINT('Ctrl Pts',(33.833775101633,1667.39383008431,29.2349601143939));
#11003=CARTESIAN_POINT('Ctrl Pts',(33.8914514183647,1667.39534039182,31.4382848126493));
#11004=CARTESIAN_POINT('Ctrl Pts',(33.9491277350526,1667.39685069934,33.6416095109072));
#11005=CARTESIAN_POINT('Ctrl Pts',(34.0283528581584,1667.3989252822,36.6681320136083));
#11006=CARTESIAN_POINT('Ctrl Pts',(34.0499016648593,1667.39948955743,37.4913298180453));
#11007=CARTESIAN_POINT('Ctrl Pts',(34.0714504712334,1667.40005383278,38.3145276224905));
#11008=CARTESIAN_POINT('Ctrl Pts',(94.2506588526248,1658.5399214029,28.0326520239258));
#11009=CARTESIAN_POINT('Ctrl Pts',(87.3051016819945,1658.35804558758,28.214590184914));
#11010=CARTESIAN_POINT('Ctrl Pts',(69.0208450130562,1660.74286540845,31.0823108834969));
#11011=CARTESIAN_POINT('Ctrl Pts',(43.8526395152674,1665.39683463032,36.1736066564676));
#11012=CARTESIAN_POINT('Ctrl Pts',(38.8037658997198,1666.39779497257,37.2511290581698));
#11013=CARTESIAN_POINT('Ctrl Pts',(34.071450471565,1667.40005383277,38.3145276224816));
#11014=CARTESIAN_POINT('Origin',(653.756376666539,1690.17894152936,26.1323323423908));
#11015=CARTESIAN_POINT('',(907.37077358022,1703.46802843128,26.132332342392));
#11016=CARTESIAN_POINT('',(905.152201888636,1754.27470041484,26.1323323423922));
#11017=CARTESIAN_POINT('',(907.685973928243,1696.24974436505,26.132332342392));
#11018=CARTESIAN_POINT('',(557.523441384597,1756.07003757385,26.1323323423908));
#11019=CARTESIAN_POINT('',(654.488546124757,1690.21730632124,26.1323323423911));
#11020=CARTESIAN_POINT('Origin',(655.222724129322,1690.21733918901,82.1490782799469));
#11021=CARTESIAN_POINT('',(907.379072314215,1703.46824574127,26.4493568441716));
#11022=CARTESIAN_POINT('',(908.70360616347,1703.50292988077,77.0486029318647));
#11023=CARTESIAN_POINT('',(558.798556913419,1685.20201461149,27.9573754452442));
#11024=CARTESIAN_POINT('Origin',(651.504307803485,1766.1819816402,16.1357590926354));
#11025=CARTESIAN_POINT('',(904.370169386886,1766.18424911737,16.1357590926357));
#11026=CARTESIAN_POINT('',(907.641930956515,1691.25887370258,16.1357590926357));
#11027=CARTESIAN_POINT('',(905.766098681187,1734.21659982442,16.1357590926357));
#11028=CARTESIAN_POINT('',(454.643305280315,1671.48324047988,16.1357590926357));
#11029=CARTESIAN_POINT('',(652.499161549615,1766.18199056116,16.1357590926357));
#11030=CARTESIAN_POINT('Origin',(460.75194739596,1717.68072326359,58.6261548567426));
#11031=CARTESIAN_POINT('',(37.0410041690477,1726.57154734754,53.0258249414694));
#11032=CARTESIAN_POINT('',(36.9854914184105,1724.02919853796,55.1503267083361));
#11033=CARTESIAN_POINT('',(269.483469050268,1757.23823246336,26.3992027762139));
#11034=CARTESIAN_POINT('',(904.371448875733,1766.18428262196,16.1846375497955));
#11035=CARTESIAN_POINT('',(907.880399186646,1712.65886357407,60.8927157236683));
#11036=CARTESIAN_POINT('',(556.873557644134,1766.18219529151,17.6859127388169));
#11037=CARTESIAN_POINT('Origin',(909.276686439519,1691.30168128144,78.585952437464));
#11038=CARTESIAN_POINT('',(906.096272459298,1766.22944871704,82.0755719429038));
#11039=CARTESIAN_POINT('',(907.644969456492,1691.2589532685,16.2518345014879));
#11040=CARTESIAN_POINT('',(906.846189563256,1727.93681018103,46.8861457182427));
#11041=CARTESIAN_POINT('',(908.280930881681,1691.2756065045,40.5465466928865));
#11042=CARTESIAN_POINT('Origin',(254.030622047563,1662.72390698745,19.6269050104183));
#11043=CARTESIAN_POINT('',(358.209167061213,1667.27044068203,22.6352611457482));
#11044=CARTESIAN_POINT('Origin',(653.494014828698,1766.2340839523,92.1456515297023));
#11045=CARTESIAN_POINT('Origin',(460.781620674203,1717.68150028572,59.7597200796133));
#11046=CARTESIAN_POINT('',(34.2605829886131,1670.29136993362,40.7173203443409));
#11047=CARTESIAN_POINT('',(37.7771447256133,1724.04992870937,85.3927101172794));
#11048=CARTESIAN_POINT('',(239.987750785671,1654.08544882576,17.3158030794107));
#11049=CARTESIAN_POINT('Origin',(33.6173265369827,1678.36545175316,40.8155682437984));
#11050=CARTESIAN_POINT('',(34.6110110044918,1678.32188392159,40.7026448669193));
#11051=CARTESIAN_POINT('',(35.8826623778122,1707.46342991261,40.6493897327055));
#11052=CARTESIAN_POINT('',(33.8885747381279,1678.35355894782,40.7847433050508));
#11053=CARTESIAN_POINT('Origin',(93.6312740633248,1675.73416116548,33.9955183601969));
#11054=CARTESIAN_POINT('',(36.7064781290649,1726.56278281573,40.2464194782939));
#11055=CARTESIAN_POINT('',(35.872715349161,1707.36827220024,40.4279464246354));
#11056=CARTESIAN_POINT('',(88.6160863070615,1733.41132362255,34.3061825744052));
#11057=CARTESIAN_POINT('Origin',(91.0990795419577,1733.7389099999,34.0220431142216));
#11058=CARTESIAN_POINT('',(37.0366758968706,1726.57143394746,52.8604783361387));
#11059=CARTESIAN_POINT('Origin',(37.9305222025636,1736.62529311484,70.2485148159493));
#11060=CARTESIAN_POINT('Origin',(-1038.56970826068,1815.42434733068,28.8948271915883));
#11061=CARTESIAN_POINT('',(-1028.59406775808,1815.42435020983,29.5923919290251));
#11062=CARTESIAN_POINT('',(-1038.56970826068,1815.42434733068,28.8948271915882));
#11063=CARTESIAN_POINT('',(-1028.59406775808,1815.42435020983,29.5923919290251));
#11064=CARTESIAN_POINT('',(-1028.6636149624,1815.42435431486,30.5869632871256));
#11065=CARTESIAN_POINT('',(-1028.59406775808,1815.42435020983,29.5923919290251));
#11066=CARTESIAN_POINT('',(-1038.639255465,1815.42435143571,29.8893985496888));
#11067=CARTESIAN_POINT('',(-1028.6636149624,1815.42435431486,30.5869632871256));
#11068=CARTESIAN_POINT('',(-1040.67039586585,1815.42447132393,58.9360646868331));
#11069=CARTESIAN_POINT('Origin',(-1028.59406775808,1874.57369670195,29.5921477939532));
#11070=CARTESIAN_POINT('',(-1028.59406775808,1874.57369670195,29.5921477939532));
#11071=CARTESIAN_POINT('',(-1038.56970826068,1874.57369382279,28.8945830565163));
#11072=CARTESIAN_POINT('',(-1028.59406775808,1874.57369670195,29.5921477939532));
#11073=CARTESIAN_POINT('',(-1038.639255465,1874.57369792782,29.8891544146169));
#11074=CARTESIAN_POINT('',(-1040.67039586585,1874.57381781604,58.9358205517598));
#11075=CARTESIAN_POINT('',(-1028.6636149624,1874.57370080698,30.5867191520537));
#11076=CARTESIAN_POINT('',(-1028.6636149624,1874.57370080698,30.5867191520537));
#11077=CARTESIAN_POINT('',(-1028.59406775808,1874.57369670195,29.5921477939532));
#11078=CARTESIAN_POINT('Origin',(-980.599970398301,1874.94056933272,32.9482205002217));
#11079=CARTESIAN_POINT('',(-980.599970398301,1874.94056933272,32.9482205002217));
#11080=CARTESIAN_POINT('',(-999.726695810657,1874.79436235194,31.6107501726622));
#11081=CARTESIAN_POINT('',(-980.669517602624,1874.94057343775,33.9427918583222));
#11082=CARTESIAN_POINT('',(-999.79624301498,1874.79436645697,32.6053215307627));
#11083=CARTESIAN_POINT('',(-980.599970398301,1874.94056933272,32.9482205002217));
#11084=CARTESIAN_POINT('Origin',(-980.599966045464,1815.05751215462,32.9484679680167));
#11085=CARTESIAN_POINT('',(-980.599966045464,1815.05751215462,32.9484679680167));
#11086=CARTESIAN_POINT('',(-980.599968031099,1842.37438070262,32.9483550805733));
#11087=CARTESIAN_POINT('',(-980.669513249788,1815.05751625965,33.9430393261173));
#11088=CARTESIAN_POINT('',(-980.669515235422,1842.37438480765,33.9429264386739));
#11089=CARTESIAN_POINT('',(-980.599966045464,1815.05751215462,32.9484679680167));
#11090=CARTESIAN_POINT('Origin',(-1028.59406775808,1815.42435020983,29.5923919290251));
#11091=CARTESIAN_POINT('',(-1028.79904844474,1815.42591695895,29.5780582766297));
#11092=CARTESIAN_POINT('',(-1028.86859564907,1815.42592106398,30.5726296347303));
#11093=CARTESIAN_POINT('Origin',(-1028.6636149624,1874.57370080698,30.5867191520508));
#11094=CARTESIAN_POINT('',(-1038.63925510702,1874.6979767603,29.8891539266934));
#11095=CARTESIAN_POINT('Origin',(-1032.79543867034,1810.17527800669,89.6748884794349));
#11096=CARTESIAN_POINT('',(-1028.66363228698,1815.33743838828,30.5872113988564));
#11097=CARTESIAN_POINT('',(-1028.61305693819,1815.40062570167,29.8639499542123));
#11098=CARTESIAN_POINT('',(-980.494117278646,1814.96925971224,33.9555520162327));
#11099=CARTESIAN_POINT('',(-999.660225049558,1815.1157538628,32.6153272024557));
#11100=CARTESIAN_POINT('',(-975.00675842567,1810.39412071385,86.16429977764));
#11101=CARTESIAN_POINT('Origin',(-974.744286505793,1879.82326412182,88.6613143817223));
#11102=CARTESIAN_POINT('',(-980.494095396902,1875.02885198717,33.9555535463533));
#11103=CARTESIAN_POINT('',(-975.05915022963,1879.56071862041,85.6655870630231));
#11104=CARTESIAN_POINT('',(-1028.66364932543,1874.66063801241,30.5872102074119));
#11105=CARTESIAN_POINT('',(-970.812829503708,1875.10285677036,34.6325336058376));
#11106=CARTESIAN_POINT('',(-1028.64801701489,1874.64110563314,30.3636578321833));
#11107=CARTESIAN_POINT('Origin',(-974.744281489557,1810.17527800668,88.6616017616863));
#11108=CARTESIAN_POINT('',(-980.494112681342,1827.58764258316,33.9555523377076));
#11109=CARTESIAN_POINT('Ctrl Pts',(-1039.56759568909,1803.06931973453,35.4498463566271));
#11110=CARTESIAN_POINT('Ctrl Pts',(-1012.75330134021,1803.06931973453,35.4498463566271));
#11111=CARTESIAN_POINT('Ctrl Pts',(-985.939006991333,1803.06931973453,35.4498463566271));
#11112=CARTESIAN_POINT('Ctrl Pts',(-959.124712642454,1803.06931973453,35.4498463566271));
#11113=CARTESIAN_POINT('Ctrl Pts',(-1039.56759568909,1803.48430444222,32.1824349353351));
#11114=CARTESIAN_POINT('Ctrl Pts',(-1012.75330134021,1803.48430444222,32.1824349353351));
#11115=CARTESIAN_POINT('Ctrl Pts',(-985.939006991333,1803.48430444222,32.1824349353351));
#11116=CARTESIAN_POINT('Ctrl Pts',(-959.124712642454,1803.48430444222,32.1824349353351));
#11117=CARTESIAN_POINT('Ctrl Pts',(-1039.56759568909,1804.84633202832,22.8412038797715));
#11118=CARTESIAN_POINT('Ctrl Pts',(-1012.75330134021,1804.84633202832,22.8412038797715));
#11119=CARTESIAN_POINT('Ctrl Pts',(-985.939006991333,1804.84633202832,22.8412038797715));
#11120=CARTESIAN_POINT('Ctrl Pts',(-959.124712642454,1804.84633202832,22.8412038797715));
#11121=CARTESIAN_POINT('Ctrl Pts',(-1039.56759568909,1807.62372258308,10.3551013107265));
#11122=CARTESIAN_POINT('Ctrl Pts',(-1012.75330134021,1807.62372258308,10.3551013107265));
#11123=CARTESIAN_POINT('Ctrl Pts',(-985.939006991333,1807.62372258308,10.3551013107265));
#11124=CARTESIAN_POINT('Ctrl Pts',(-959.124712642454,1807.62372258308,10.3551013107265));
#11125=CARTESIAN_POINT('Ctrl Pts',(-1039.56759568909,1811.35882923344,1.66908434609969));
#11126=CARTESIAN_POINT('Ctrl Pts',(-1012.75330134021,1811.35882923344,1.66908434609969));
#11127=CARTESIAN_POINT('Ctrl Pts',(-985.939006991333,1811.35882923344,1.6690843460997));
#11128=CARTESIAN_POINT('Ctrl Pts',(-959.124712642453,1811.35882923344,1.66908434609971));
#11129=CARTESIAN_POINT('Ctrl Pts',(-1039.56759568909,1813.82592147801,1.78520663148365E-14));
#11130=CARTESIAN_POINT('Ctrl Pts',(-1012.75330134021,1813.82592147801,2.38060357098769E-14));
#11131=CARTESIAN_POINT('Ctrl Pts',(-985.939006991333,1813.82592147801,2.97523078624767E-14));
#11132=CARTESIAN_POINT('Ctrl Pts',(-959.124712642454,1813.82592147801,3.57062772575172E-14));
#11133=CARTESIAN_POINT('Ctrl Pts',(-1039.56759568909,1815.,1.7859581438386E-14));
#11134=CARTESIAN_POINT('Ctrl Pts',(-1012.75330134021,1815.,2.38135508334264E-14));
#11135=CARTESIAN_POINT('Ctrl Pts',(-985.939006991333,1815.,2.97675202284668E-14));
#11136=CARTESIAN_POINT('Ctrl Pts',(-959.124712642454,1815.,3.57214896235073E-14));
#11137=CARTESIAN_POINT('',(-959.124712642525,1803.06931973442,35.4498463565501));
#11138=CARTESIAN_POINT('',(-1039.56759568909,1803.84585637381,29.8247320006474));
#11139=CARTESIAN_POINT('Ctrl Pts',(-959.124712642525,1803.06931973454,35.4498463565657));
#11140=CARTESIAN_POINT('Ctrl Pts',(-968.00103179174,1803.14815155297,34.8291584633963));
#11141=CARTESIAN_POINT('Ctrl Pts',(-976.882926254408,1803.22915348424,34.2080141798326));
#11142=CARTESIAN_POINT('Ctrl Pts',(-985.760983273356,1803.31237529601,33.587078369468));
#11143=CARTESIAN_POINT('Ctrl Pts',(-990.574895834625,1803.35750031878,33.2503908835826));
#11144=CARTESIAN_POINT('Ctrl Pts',(-995.387680153137,1803.40327797254,32.9137655722055));
#11145=CARTESIAN_POINT('Ctrl Pts',(-1000.19783565406,1803.44971593773,32.5773148599376));
#11146=CARTESIAN_POINT('Ctrl Pts',(-1008.43124190395,1803.52920248088,32.0014217528154));
#11147=CARTESIAN_POINT('Ctrl Pts',(-1016.67425093411,1803.61079050938,31.4248288133948));
#11148=CARTESIAN_POINT('Ctrl Pts',(-1024.91725904834,1803.69453138765,30.8482159109264));
#11149=CARTESIAN_POINT('Ctrl Pts',(-1029.80137082869,1803.74414917334,30.5065637093731));
#11150=CARTESIAN_POINT('Ctrl Pts',(-1034.68548228749,1803.79452273209,30.1649054616149));
#11151=CARTESIAN_POINT('Ctrl Pts',(-1039.56759568909,1803.84566238999,29.8233912537633));
#11152=CARTESIAN_POINT('',(-1030.,1815.,1.77635683940025E-14));
#11153=CARTESIAN_POINT('Ctrl Pts',(-1039.56759568909,1803.84585637382,29.8247320006494));
#11154=CARTESIAN_POINT('Ctrl Pts',(-1038.24636567338,1804.67785567192,24.2728061155855));
#11155=CARTESIAN_POINT('Ctrl Pts',(-1036.93927103041,1805.64958897384,19.1762721160896));
#11156=CARTESIAN_POINT('Ctrl Pts',(-1034.70971347743,1807.66564755738,11.2229235772795));
#11157=CARTESIAN_POINT('Ctrl Pts',(-1033.33922344183,1809.04046976935,6.6391853113887));
#11158=CARTESIAN_POINT('Ctrl Pts',(-1031.72567159754,1811.40089160154,2.56135141408416));
#11159=CARTESIAN_POINT('Ctrl Pts',(-1031.27988472348,1812.11179819514,1.53854762412962));
#11160=CARTESIAN_POINT('Ctrl Pts',(-1030.70105930106,1813.2611328659,0.586823259705049));
#11161=CARTESIAN_POINT('Ctrl Pts',(-1030.53921586438,1813.6066521506,0.360738151115232));
#11162=CARTESIAN_POINT('Ctrl Pts',(-1030.24835647364,1814.30275084783,0.076558835300542));
#11163=CARTESIAN_POINT('Ctrl Pts',(-1030.12010360633,1814.64031871975,0.00100730635436364));
#11164=CARTESIAN_POINT('Ctrl Pts',(-1030.0015720728,1814.9952858652,3.33376066308233E-6));
#11165=CARTESIAN_POINT('Ctrl Pts',(-1030.00078572458,1814.99764282626,1.77635683940025E-14));
#11166=CARTESIAN_POINT('Ctrl Pts',(-1030.,1815.,1.77635683940025E-14));
#11167=CARTESIAN_POINT('',(-970.,1815.,3.5527136788005E-14));
#11168=CARTESIAN_POINT('Ctrl Pts',(-1030.,1815.,1.99840144432528E-14));
#11169=CARTESIAN_POINT('Ctrl Pts',(-1010.,1815.,2.44249065417534E-14));
#11170=CARTESIAN_POINT('Ctrl Pts',(-990.,1815.,2.88657986402541E-14));
#11171=CARTESIAN_POINT('Ctrl Pts',(-970.,1815.,3.33066907387547E-14));
#11172=CARTESIAN_POINT('Ctrl Pts',(-970.,1815.,2.66453525910038E-14));
#11173=CARTESIAN_POINT('Ctrl Pts',(-969.99921427543,1814.99764282629,3.5527136788005E-14));
#11174=CARTESIAN_POINT('Ctrl Pts',(-969.998427927188,1814.99528586516,3.33376078742731E-6));
#11175=CARTESIAN_POINT('Ctrl Pts',(-969.879896393658,1814.64031871972,0.00100730635448798));
#11176=CARTESIAN_POINT('Ctrl Pts',(-969.751643526342,1814.30275084779,0.0765588353169733));
#11177=CARTESIAN_POINT('Ctrl Pts',(-969.460784135625,1813.60665215061,0.360738151115001));
#11178=CARTESIAN_POINT('Ctrl Pts',(-969.298940698937,1813.2611328659,0.586823259704641));
#11179=CARTESIAN_POINT('Ctrl Pts',(-968.720115276517,1812.11179819514,1.53854762412852));
#11180=CARTESIAN_POINT('Ctrl Pts',(-968.274328402462,1811.40089160155,2.56135141408228));
#11181=CARTESIAN_POINT('Ctrl Pts',(-966.660776558168,1809.04046976935,6.63918531138393));
#11182=CARTESIAN_POINT('Ctrl Pts',(-965.290286522575,1807.66564755738,11.2229235772717));
#11183=CARTESIAN_POINT('Ctrl Pts',(-962.656527163219,1805.28409290485,20.6181536417682));
#11184=CARTESIAN_POINT('Ctrl Pts',(-960.883489108475,1804.05255985156,27.7082358134863));
#11185=CARTESIAN_POINT('Ctrl Pts',(-959.124712642801,1803.06931973453,35.4498463566271));
#11186=CARTESIAN_POINT('Origin',(-1042.771083829,1874.82249947426,88.9770569960655));
#11187=CARTESIAN_POINT('',(-1038.63928982803,1874.66063513326,29.889645469975));
#11188=CARTESIAN_POINT('',(-1038.62365751749,1874.64110275399,29.6660930947465));
#11189=CARTESIAN_POINT('',(-1038.63927278958,1815.33743550912,29.8896466614196));
#11190=CARTESIAN_POINT('',(-1038.63928523382,1859.91123989926,29.8896457912335));
#11191=CARTESIAN_POINT('',(-1038.58869744079,1815.40062282252,29.1663852167754));
#11192=CARTESIAN_POINT('Origin',(-1028.59406775808,1815.42435020983,29.5923919290251));
#11193=CARTESIAN_POINT('',(-999.565360328211,1815.33744678657,32.6219607899853));
#11194=CARTESIAN_POINT('Origin',(-970.467096888941,1845.,34.656709585373));
#11195=CARTESIAN_POINT('',(-959.12471264302,1880.08753068869,35.4498463555835));
#11196=CARTESIAN_POINT('',(-959.12471264302,1809.91246931131,35.4498463555845));
#11197=CARTESIAN_POINT('Ctrl Pts',(-959.12471264302,1880.08753068869,35.4498463555835));
#11198=CARTESIAN_POINT('Ctrl Pts',(-959.12471264302,1868.39168712579,35.4498463555835));
#11199=CARTESIAN_POINT('Ctrl Pts',(-959.124712643052,1856.6958435629,35.4498463555212));
#11200=CARTESIAN_POINT('Ctrl Pts',(-959.124712643052,1833.3041564371,35.4498463555212));
#11201=CARTESIAN_POINT('Ctrl Pts',(-959.12471264302,1821.60831287421,35.4498463555845));
#11202=CARTESIAN_POINT('Ctrl Pts',(-959.12471264302,1809.91246931131,35.4498463555845));
#11203=CARTESIAN_POINT('',(-959.124712642525,1886.93068026558,35.4498463565501));
#11204=CARTESIAN_POINT('Ctrl Pts',(-959.124712642525,1886.93068026558,35.4498463565501));
#11205=CARTESIAN_POINT('Ctrl Pts',(-959.124712642525,1884.78847477311,35.4498463565501));
#11206=CARTESIAN_POINT('Ctrl Pts',(-959.124712643052,1882.64626928064,35.4498463555212));
#11207=CARTESIAN_POINT('Ctrl Pts',(-959.124712643052,1880.36521942167,35.4498463555212));
#11208=CARTESIAN_POINT('Ctrl Pts',(-959.12471264302,1880.22637505518,35.4498463555835));
#11209=CARTESIAN_POINT('Ctrl Pts',(-959.12471264302,1880.08753068869,35.4498463555835));
#11210=CARTESIAN_POINT('',(-1039.56759568909,1886.15414362619,29.8247320006474));
#11211=CARTESIAN_POINT('Ctrl Pts',(-1039.56759568909,1886.15433763857,29.8233912603781));
#11212=CARTESIAN_POINT('Ctrl Pts',(-1031.32561862243,1886.24067154985,30.399935183404));
#11213=CARTESIAN_POINT('Ctrl Pts',(-1023.07787929428,1886.32482266751,30.9768915739122));
#11214=CARTESIAN_POINT('Ctrl Pts',(-1014.83398035963,1886.40684107363,31.5535494798202));
#11215=CARTESIAN_POINT('Ctrl Pts',(-1009.82861671318,1886.45663934888,31.9036729519233));
#11216=CARTESIAN_POINT('Ctrl Pts',(-1004.82466880079,1886.50565145921,32.2536874287765));
#11217=CARTESIAN_POINT('Ctrl Pts',(-999.824285938358,1886.55388899682,32.6034431127418));
#11218=CARTESIAN_POINT('Ctrl Pts',(-990.950390530553,1886.63949341458,33.2241346564062));
#11219=CARTESIAN_POINT('Ctrl Pts',(-982.067622668874,1886.72285182306,33.8454115838481));
#11220=CARTESIAN_POINT('Ctrl Pts',(-973.185395731226,1886.80401289328,34.466581208714));
#11221=CARTESIAN_POINT('Ctrl Pts',(-968.497889521257,1886.84684483434,34.7943972501688));
#11222=CARTESIAN_POINT('Ctrl Pts',(-963.810533963758,1886.8890648315,35.1221842965101));
#11223=CARTESIAN_POINT('Ctrl Pts',(-959.124712642525,1886.93068026546,35.4498463565658));
#11224=CARTESIAN_POINT('',(-1039.56759568921,1877.07146371052,29.8247320009247));
#11225=CARTESIAN_POINT('Ctrl Pts',(-1039.56759568921,1877.07146371052,29.8247320009247));
#11226=CARTESIAN_POINT('Ctrl Pts',(-1039.56759568921,1877.89494370099,29.8247320009247));
#11227=CARTESIAN_POINT('Ctrl Pts',(-1039.56759568907,1878.71842369146,29.8247320006039));
#11228=CARTESIAN_POINT('Ctrl Pts',(-1039.56759568907,1881.74598366335,29.8247320006039));
#11229=CARTESIAN_POINT('Ctrl Pts',(-1039.56759568909,1883.95006364477,29.8247320006474));
#11230=CARTESIAN_POINT('Ctrl Pts',(-1039.56759568909,1886.15414362619,29.8247320006474));
#11231=CARTESIAN_POINT('',(-1039.56759568921,1812.92853628948,29.8247320009275));
#11232=CARTESIAN_POINT('Ctrl Pts',(-1039.56759568921,1812.92853628948,29.8247320009275));
#11233=CARTESIAN_POINT('Ctrl Pts',(-1039.56759568921,1823.61902419298,29.8247320009275));
#11234=CARTESIAN_POINT('Ctrl Pts',(-1039.56759568907,1834.30951209649,29.8247320006039));
#11235=CARTESIAN_POINT('Ctrl Pts',(-1039.56759568907,1855.69048790351,29.8247320006039));
#11236=CARTESIAN_POINT('Ctrl Pts',(-1039.56759568921,1866.38097580701,29.8247320009247));
#11237=CARTESIAN_POINT('Ctrl Pts',(-1039.56759568921,1877.07146371052,29.8247320009247));
#11238=CARTESIAN_POINT('Ctrl Pts',(-1039.56759568909,1803.84585637381,29.8247320006474));
#11239=CARTESIAN_POINT('Ctrl Pts',(-1039.56759568909,1806.04993635523,29.8247320006474));
#11240=CARTESIAN_POINT('Ctrl Pts',(-1039.56759568907,1808.25401633665,29.8247320006039));
#11241=CARTESIAN_POINT('Ctrl Pts',(-1039.56759568907,1811.28157630854,29.8247320006039));
#11242=CARTESIAN_POINT('Ctrl Pts',(-1039.56759568921,1812.10505629901,29.8247320009275));
#11243=CARTESIAN_POINT('Ctrl Pts',(-1039.56759568921,1812.92853628948,29.8247320009275));
#11244=CARTESIAN_POINT('Ctrl Pts',(-959.12471264302,1809.91246931131,35.4498463555845));
#11245=CARTESIAN_POINT('Ctrl Pts',(-959.12471264302,1809.77362494482,35.4498463555845));
#11246=CARTESIAN_POINT('Ctrl Pts',(-959.124712643052,1809.63478057833,35.4498463555212));
#11247=CARTESIAN_POINT('Ctrl Pts',(-959.124712643052,1807.35373071936,35.4498463555212));
#11248=CARTESIAN_POINT('Ctrl Pts',(-959.124712642525,1805.21152522689,35.4498463565501));
#11249=CARTESIAN_POINT('Ctrl Pts',(-959.124712642525,1803.06931973442,35.4498463565501));
#11250=CARTESIAN_POINT('',(-999.565377366662,1874.66064641071,32.6219595985408));
#11251=CARTESIAN_POINT('Ctrl Pts',(-1039.56759568915,1886.15414362619,29.82473200094));
#11252=CARTESIAN_POINT('Ctrl Pts',(-1039.56759568915,1858.7180478754,29.82473200094));
#11253=CARTESIAN_POINT('Ctrl Pts',(-1039.56759568915,1831.2819521246,29.82473200094));
#11254=CARTESIAN_POINT('Ctrl Pts',(-1039.56759568915,1803.84585637381,29.82473200094));
#11255=CARTESIAN_POINT('Ctrl Pts',(-1038.84468185742,1886.15414362619,26.7869838667369));
#11256=CARTESIAN_POINT('Ctrl Pts',(-1038.84468185742,1858.7180478754,26.7869838667369));
#11257=CARTESIAN_POINT('Ctrl Pts',(-1038.84468185742,1831.2819521246,26.7869838667369));
#11258=CARTESIAN_POINT('Ctrl Pts',(-1038.84468185742,1803.84585637381,26.7869838667369));
#11259=CARTESIAN_POINT('Ctrl Pts',(-1037.41751773774,1886.15414362619,21.0292483418587));
#11260=CARTESIAN_POINT('Ctrl Pts',(-1037.41751773774,1858.7180478754,21.0292483418587));
#11261=CARTESIAN_POINT('Ctrl Pts',(-1037.41751773774,1831.2819521246,21.0292483418587));
#11262=CARTESIAN_POINT('Ctrl Pts',(-1037.41751773774,1803.84585637381,21.0292483418587));
#11263=CARTESIAN_POINT('Ctrl Pts',(-1034.79379223394,1886.15414362619,11.3261974778067));
#11264=CARTESIAN_POINT('Ctrl Pts',(-1034.79379223394,1858.7180478754,11.3261974778067));
#11265=CARTESIAN_POINT('Ctrl Pts',(-1034.79379223394,1831.2819521246,11.3261974778067));
#11266=CARTESIAN_POINT('Ctrl Pts',(-1034.79379223394,1803.84585637381,11.3261974778067));
#11267=CARTESIAN_POINT('Ctrl Pts',(-1031.69667062776,1886.15414362619,1.7671477425608));
#11268=CARTESIAN_POINT('Ctrl Pts',(-1031.69667062776,1858.7180478754,1.7671477425608));
#11269=CARTESIAN_POINT('Ctrl Pts',(-1031.69667062776,1831.2819521246,1.7671477425608));
#11270=CARTESIAN_POINT('Ctrl Pts',(-1031.69667062776,1803.84585637381,1.7671477425608));
#11271=CARTESIAN_POINT('Ctrl Pts',(-1030.44803787707,1886.15414362619,1.99342722465504E-14));
#11272=CARTESIAN_POINT('Ctrl Pts',(-1030.44803787707,1858.7180478754,1.99342722465504E-14));
#11273=CARTESIAN_POINT('Ctrl Pts',(-1030.44803787707,1831.2819521246,1.99342722465504E-14));
#11274=CARTESIAN_POINT('Ctrl Pts',(-1030.44803787707,1803.84585637381,1.99342722465504E-14));
#11275=CARTESIAN_POINT('Ctrl Pts',(-1030.,1886.15414362619,1.99840144432528E-14));
#11276=CARTESIAN_POINT('Ctrl Pts',(-1030.,1858.7180478754,1.99840144432528E-14));
#11277=CARTESIAN_POINT('Ctrl Pts',(-1030.,1831.2819521246,1.99840144432528E-14));
#11278=CARTESIAN_POINT('Ctrl Pts',(-1030.,1803.84585637381,1.99840144432528E-14));
#11279=CARTESIAN_POINT('',(-1030.,1875.,1.77635683940025E-14));
#11280=CARTESIAN_POINT('Ctrl Pts',(-1030.,1875.,1.77635683940025E-14));
#11281=CARTESIAN_POINT('Ctrl Pts',(-1030.00078572457,1875.00235717371,1.77635683940025E-14));
#11282=CARTESIAN_POINT('Ctrl Pts',(-1030.00157207281,1875.00471413484,3.33376076966374E-6));
#11283=CARTESIAN_POINT('Ctrl Pts',(-1030.12010360634,1875.35968128029,0.00100730635448798));
#11284=CARTESIAN_POINT('Ctrl Pts',(-1030.24835647366,1875.69724915221,0.0765588353190694));
#11285=CARTESIAN_POINT('Ctrl Pts',(-1030.53921586437,1876.39334784939,0.360738151114646));
#11286=CARTESIAN_POINT('Ctrl Pts',(-1030.70105930106,1876.7388671341,0.586823259704072));
#11287=CARTESIAN_POINT('Ctrl Pts',(-1031.27988472348,1877.88820180486,1.53854762412708));
#11288=CARTESIAN_POINT('Ctrl Pts',(-1031.72567159754,1878.59910839845,2.56135141407981));
#11289=CARTESIAN_POINT('Ctrl Pts',(-1033.33922344183,1880.95953023065,6.63918531137787));
#11290=CARTESIAN_POINT('Ctrl Pts',(-1034.70971347742,1882.33435244261,11.2229235772615));
#11291=CARTESIAN_POINT('Ctrl Pts',(-1036.93927103041,1884.35041102615,19.176272116071));
#11292=CARTESIAN_POINT('Ctrl Pts',(-1038.24636567338,1885.32214432808,24.2728061155753));
#11293=CARTESIAN_POINT('Ctrl Pts',(-1039.56759568909,1886.15414362618,29.8247320006495));
#11294=CARTESIAN_POINT('',(-1030.,1869.08380736387,1.77635683940025E-14));
#11295=CARTESIAN_POINT('Ctrl Pts',(-1030.,1875.,1.99840144432528E-14));
#11296=CARTESIAN_POINT('Ctrl Pts',(-1030.,1873.02793578796,1.99840144432528E-14));
#11297=CARTESIAN_POINT('Ctrl Pts',(-1030.,1871.05587157591,1.99840144432528E-14));
#11298=CARTESIAN_POINT('Ctrl Pts',(-1030.,1869.08380736387,1.99840144432528E-14));
#11299=CARTESIAN_POINT('',(-1030.,1820.91619263613,1.77635683940025E-14));
#11300=CARTESIAN_POINT('Ctrl Pts',(-1030.,1869.08380736387,1.99840144432528E-14));
#11301=CARTESIAN_POINT('Ctrl Pts',(-1030.,1853.02793578796,1.99840144432528E-14));
#11302=CARTESIAN_POINT('Ctrl Pts',(-1030.,1836.97206421204,1.99840144432528E-14));
#11303=CARTESIAN_POINT('Ctrl Pts',(-1030.,1820.91619263613,1.99840144432528E-14));
#11304=CARTESIAN_POINT('Ctrl Pts',(-1030.,1820.91619263613,1.99840144432528E-14));
#11305=CARTESIAN_POINT('Ctrl Pts',(-1030.,1818.94412842409,1.99840144432528E-14));
#11306=CARTESIAN_POINT('Ctrl Pts',(-1030.,1816.97206421204,1.99840144432528E-14));
#11307=CARTESIAN_POINT('Ctrl Pts',(-1030.,1815.,1.99840144432528E-14));
#11308=CARTESIAN_POINT('Ctrl Pts',(-959.124712642454,1886.93068026547,35.4498463566272));
#11309=CARTESIAN_POINT('Ctrl Pts',(-985.939006991333,1886.93068026547,35.4498463566272));
#11310=CARTESIAN_POINT('Ctrl Pts',(-1012.75330134021,1886.93068026547,35.4498463566272));
#11311=CARTESIAN_POINT('Ctrl Pts',(-1039.56759568909,1886.93068026547,35.4498463566272));
#11312=CARTESIAN_POINT('Ctrl Pts',(-959.124712642454,1886.51569555778,32.1824349353352));
#11313=CARTESIAN_POINT('Ctrl Pts',(-985.939006991333,1886.51569555778,32.1824349353352));
#11314=CARTESIAN_POINT('Ctrl Pts',(-1012.75330134021,1886.51569555778,32.1824349353352));
#11315=CARTESIAN_POINT('Ctrl Pts',(-1039.56759568909,1886.51569555778,32.1824349353351));
#11316=CARTESIAN_POINT('Ctrl Pts',(-959.124712642454,1885.15366807943,22.8412039007215));
#11317=CARTESIAN_POINT('Ctrl Pts',(-985.939006991333,1885.15366807943,22.8412039007215));
#11318=CARTESIAN_POINT('Ctrl Pts',(-1012.75330134021,1885.15366807943,22.8412039007215));
#11319=CARTESIAN_POINT('Ctrl Pts',(-1039.56759568909,1885.15366807943,22.8412039007215));
#11320=CARTESIAN_POINT('Ctrl Pts',(-959.124712642454,1882.37627758046,10.3551014194422));
#11321=CARTESIAN_POINT('Ctrl Pts',(-985.939006991333,1882.37627758046,10.3551014194421));
#11322=CARTESIAN_POINT('Ctrl Pts',(-1012.75330134021,1882.37627758046,10.3551014194421));
#11323=CARTESIAN_POINT('Ctrl Pts',(-1039.56759568909,1882.37627758046,10.3551014194421));
#11324=CARTESIAN_POINT('Ctrl Pts',(-959.124712642454,1878.64117101868,1.66908466439301));
#11325=CARTESIAN_POINT('Ctrl Pts',(-985.939006991333,1878.64117101868,1.669084664393));
#11326=CARTESIAN_POINT('Ctrl Pts',(-1012.75330134021,1878.64117101868,1.66908466439299));
#11327=CARTESIAN_POINT('Ctrl Pts',(-1039.56759568909,1878.64117101868,1.66908466439299));
#11328=CARTESIAN_POINT('Ctrl Pts',(-959.124712642454,1876.17407852199,3.57062772575171E-14));
#11329=CARTESIAN_POINT('Ctrl Pts',(-985.939006991333,1876.17407852199,2.97523078624767E-14));
#11330=CARTESIAN_POINT('Ctrl Pts',(-1012.75330134021,1876.17407852199,2.38060357098769E-14));
#11331=CARTESIAN_POINT('Ctrl Pts',(-1039.56759568909,1876.17407852199,1.78520663148365E-14));
#11332=CARTESIAN_POINT('Ctrl Pts',(-959.124712642454,1875.,3.57214896235072E-14));
#11333=CARTESIAN_POINT('Ctrl Pts',(-985.939006991333,1875.,2.97675202284668E-14));
#11334=CARTESIAN_POINT('Ctrl Pts',(-1012.75330134021,1875.,2.38135508334264E-14));
#11335=CARTESIAN_POINT('Ctrl Pts',(-1039.56759568909,1875.,1.7859581438386E-14));
#11336=CARTESIAN_POINT('',(-970.,1875.,3.5527136788005E-14));
#11337=CARTESIAN_POINT('Ctrl Pts',(-959.124712642801,1886.93068026547,35.4498463566272));
#11338=CARTESIAN_POINT('Ctrl Pts',(-960.883489108475,1885.94744014844,27.7082358134853));
#11339=CARTESIAN_POINT('Ctrl Pts',(-962.656527163219,1884.71590709515,20.618153641766));
#11340=CARTESIAN_POINT('Ctrl Pts',(-965.290286522576,1882.33435244262,11.2229235772689));
#11341=CARTESIAN_POINT('Ctrl Pts',(-966.660776558169,1880.95953023065,6.63918531138251));
#11342=CARTESIAN_POINT('Ctrl Pts',(-968.274328402462,1878.59910839845,2.56135141408178));
#11343=CARTESIAN_POINT('Ctrl Pts',(-968.720115276517,1877.88820180486,1.5385476241282));
#11344=CARTESIAN_POINT('Ctrl Pts',(-969.298940698937,1876.7388671341,0.586823259704463));
#11345=CARTESIAN_POINT('Ctrl Pts',(-969.460784135625,1876.39334784939,0.360738151114912));
#11346=CARTESIAN_POINT('Ctrl Pts',(-969.751643526339,1875.69724915222,0.0765588353207036));
#11347=CARTESIAN_POINT('Ctrl Pts',(-969.879896393655,1875.35968128029,0.00100730635450574));
#11348=CARTESIAN_POINT('Ctrl Pts',(-969.998427927188,1875.00471413484,3.33376078742731E-6));
#11349=CARTESIAN_POINT('Ctrl Pts',(-969.99921427543,1875.00235717371,3.5527136788005E-14));
#11350=CARTESIAN_POINT('Ctrl Pts',(-970.,1875.,2.66453525910038E-14));
#11351=CARTESIAN_POINT('Ctrl Pts',(-970.,1875.,3.33066907387547E-14));
#11352=CARTESIAN_POINT('Ctrl Pts',(-990.,1875.,2.88657986402541E-14));
#11353=CARTESIAN_POINT('Ctrl Pts',(-1010.,1875.,2.44249065417534E-14));
#11354=CARTESIAN_POINT('Ctrl Pts',(-1030.,1875.,1.99840144432528E-14));
#11355=CARTESIAN_POINT('Ctrl Pts',(-959.124712642594,1803.06931973442,35.4498463575375));
#11356=CARTESIAN_POINT('Ctrl Pts',(-959.124712642594,1831.02310657814,35.4498463575375));
#11357=CARTESIAN_POINT('Ctrl Pts',(-959.124712642594,1858.97689342186,35.4498463575375));
#11358=CARTESIAN_POINT('Ctrl Pts',(-959.124712642594,1886.93068026558,35.4498463575375));
#11359=CARTESIAN_POINT('Ctrl Pts',(-959.517701307743,1803.06931973442,33.7200272174407));
#11360=CARTESIAN_POINT('Ctrl Pts',(-959.517701307743,1831.02310657814,33.7200272174407));
#11361=CARTESIAN_POINT('Ctrl Pts',(-959.517701307743,1858.97689342186,33.7200272174407));
#11362=CARTESIAN_POINT('Ctrl Pts',(-959.517701307743,1886.93068026558,33.7200272174407));
#11363=CARTESIAN_POINT('Ctrl Pts',(-960.307370918013,1803.06931973442,30.3160059112169));
#11364=CARTESIAN_POINT('Ctrl Pts',(-960.307370918013,1831.02310657814,30.3160059112169));
#11365=CARTESIAN_POINT('Ctrl Pts',(-960.307370918013,1858.97689342186,30.3160059112169));
#11366=CARTESIAN_POINT('Ctrl Pts',(-960.307370918013,1886.93068026558,30.3160059112169));
#11367=CARTESIAN_POINT('Ctrl Pts',(-961.872467465539,1803.06931973442,23.8498989973988));
#11368=CARTESIAN_POINT('Ctrl Pts',(-961.872467465539,1831.02310657814,23.8498989973988));
#11369=CARTESIAN_POINT('Ctrl Pts',(-961.872467465539,1858.97689342186,23.8498989973988));
#11370=CARTESIAN_POINT('Ctrl Pts',(-961.872467465539,1886.93068026558,23.8498989973988));
#11371=CARTESIAN_POINT('Ctrl Pts',(-963.739371794772,1803.06931973442,16.6491218745388));
#11372=CARTESIAN_POINT('Ctrl Pts',(-963.739371794772,1831.02310657814,16.6491218745388));
#11373=CARTESIAN_POINT('Ctrl Pts',(-963.739371794772,1858.97689342186,16.6491218745388));
#11374=CARTESIAN_POINT('Ctrl Pts',(-963.739371794772,1886.93068026558,16.6491218745388));
#11375=CARTESIAN_POINT('Ctrl Pts',(-966.362290421687,1803.06931973442,7.53773832425008));
#11376=CARTESIAN_POINT('Ctrl Pts',(-966.362290421687,1831.02310657814,7.53773832425008));
#11377=CARTESIAN_POINT('Ctrl Pts',(-966.362290421687,1858.97689342186,7.53773832425008));
#11378=CARTESIAN_POINT('Ctrl Pts',(-966.362290421687,1886.93068026558,7.53773832425008));
#11379=CARTESIAN_POINT('Ctrl Pts',(-968.7205304904,1803.06931973442,1.09995039872193));
#11380=CARTESIAN_POINT('Ctrl Pts',(-968.7205304904,1831.02310657814,1.09995039872193));
#11381=CARTESIAN_POINT('Ctrl Pts',(-968.7205304904,1858.97689342186,1.09995039872193));
#11382=CARTESIAN_POINT('Ctrl Pts',(-968.7205304904,1886.93068026558,1.09995039872193));
#11383=CARTESIAN_POINT('Ctrl Pts',(-969.675646652805,1803.06931973442,3.33427011941717E-14));
#11384=CARTESIAN_POINT('Ctrl Pts',(-969.675646652805,1831.02310657814,3.33427011941717E-14));
#11385=CARTESIAN_POINT('Ctrl Pts',(-969.675646652805,1858.97689342186,3.33427011941717E-14));
#11386=CARTESIAN_POINT('Ctrl Pts',(-969.675646652805,1886.93068026558,3.33427011941717E-14));
#11387=CARTESIAN_POINT('Ctrl Pts',(-970.,1803.06931973442,3.33066907387547E-14));
#11388=CARTESIAN_POINT('Ctrl Pts',(-970.,1831.02310657814,3.33066907387547E-14));
#11389=CARTESIAN_POINT('Ctrl Pts',(-970.,1858.97689342186,3.33066907387547E-14));
#11390=CARTESIAN_POINT('Ctrl Pts',(-970.,1886.93068026558,3.33066907387547E-14));
#11391=CARTESIAN_POINT('',(-970.,1818.99187242367,3.5527136788005E-14));
#11392=CARTESIAN_POINT('Ctrl Pts',(-970.,1815.,3.33066907387547E-14));
#11393=CARTESIAN_POINT('Ctrl Pts',(-970.,1816.33062414122,3.33066907387547E-14));
#11394=CARTESIAN_POINT('Ctrl Pts',(-970.,1817.66124828245,3.33066907387547E-14));
#11395=CARTESIAN_POINT('Ctrl Pts',(-970.,1818.99187242367,3.33066907387547E-14));
#11396=CARTESIAN_POINT('',(-970.,1871.00812757633,3.5527136788005E-14));
#11397=CARTESIAN_POINT('Ctrl Pts',(-970.,1818.99187242367,3.33066907387547E-14));
#11398=CARTESIAN_POINT('Ctrl Pts',(-970.,1836.33062414122,3.33066907387547E-14));
#11399=CARTESIAN_POINT('Ctrl Pts',(-970.,1853.66937585878,3.33066907387547E-14));
#11400=CARTESIAN_POINT('Ctrl Pts',(-970.,1871.00812757633,3.33066907387547E-14));
#11401=CARTESIAN_POINT('Ctrl Pts',(-970.,1871.00812757633,3.33066907387547E-14));
#11402=CARTESIAN_POINT('Ctrl Pts',(-970.,1872.33875171755,3.33066907387547E-14));
#11403=CARTESIAN_POINT('Ctrl Pts',(-970.,1873.66937585878,3.33066907387547E-14));
#11404=CARTESIAN_POINT('Ctrl Pts',(-970.,1875.,3.33066907387547E-14));
#11405=CARTESIAN_POINT('Origin',(-1028.7930056687,1874.82226716838,32.4370914336416));
#11406=CARTESIAN_POINT('Origin',(-1000.,1845.,2.66453525910038E-14));
#11407=CARTESIAN_POINT('Origin',(1318.86740188334,1697.96104134495,80.8757193680302));
#11408=CARTESIAN_POINT('',(1318.86740188334,1875.76104134495,80.8757193680302));
#11409=CARTESIAN_POINT('',(1318.99828662488,1875.76104134495,85.874005992908));
#11410=CARTESIAN_POINT('',(1318.90012306872,1875.76104134495,82.12529102425));
#11411=CARTESIAN_POINT('',(1318.86740188334,2053.56104134495,80.8757193680302));
#11412=CARTESIAN_POINT('',(1318.86740188334,1786.86104134495,80.8757193680301));
#11413=CARTESIAN_POINT('',(1318.99828662488,2053.56104134495,85.874005992908));
#11414=CARTESIAN_POINT('',(1318.86740188334,2053.56104134495,80.8757193680302));
#11415=CARTESIAN_POINT('',(1318.99828662488,1786.86104134495,85.8740059929093));
#11416=CARTESIAN_POINT('Origin',(1263.21740789124,1875.76104134495,87.3346797084881));
#11417=CARTESIAN_POINT('',(1262.41768203126,2053.56104134495,87.355621267134));
#11418=CARTESIAN_POINT('',(1314.,2053.56104134495,86.0048907344473));
#11419=CARTESIAN_POINT('',(1212.43481578248,2038.56104134495,88.6644686825275));
#11420=CARTESIAN_POINT('Ctrl Pts',(1212.43481578248,2038.56104134495,88.6644686825275));
#11421=CARTESIAN_POINT('Ctrl Pts',(1212.43481578248,2039.5711938895,88.6644686825275));
#11422=CARTESIAN_POINT('Ctrl Pts',(1212.7775789631,2040.62427483142,88.655493112763));
#11423=CARTESIAN_POINT('Ctrl Pts',(1213.53436482297,2041.68840206456,88.6356759775917));
#11424=CARTESIAN_POINT('Ctrl Pts',(1214.29115068284,2042.7525292977,88.6158588424205));
#11425=CARTESIAN_POINT('Ctrl Pts',(1215.46195922196,2043.82770282207,88.5852001418426));
#11426=CARTESIAN_POINT('Ctrl Pts',(1217.07016062576,2044.86831741922,88.5430879060154));
#11427=CARTESIAN_POINT('Ctrl Pts',(1218.67836202955,2045.90893201637,88.5009756701882));
#11428=CARTESIAN_POINT('Ctrl Pts',(1220.72395629802,2046.91498768629,88.4474098991117));
#11429=CARTESIAN_POINT('Ctrl Pts',(1223.15388646771,2047.84210466475,88.3837799382696));
#11430=CARTESIAN_POINT('Ctrl Pts',(1224.36885155256,2048.30566315397,88.3519649578485));
#11431=CARTESIAN_POINT('Ctrl Pts',(1225.67990061271,2048.74948697033,88.3176339299861));
#11432=CARTESIAN_POINT('Ctrl Pts',(1227.07469414006,2049.16772902929,88.2811099760736));
#11433=CARTESIAN_POINT('Ctrl Pts',(1231.25907472213,2050.42245520615,88.171538114336));
#11434=CARTESIAN_POINT('Ctrl Pts',(1236.19715550905,2051.44694556638,88.0422299181475));
#11435=CARTESIAN_POINT('Ctrl Pts',(1241.39775064799,2052.17154514389,87.906047541726));
#11436=CARTESIAN_POINT('Ctrl Pts',(1244.86481407396,2052.65461152889,87.8152592907784));
#11437=CARTESIAN_POINT('Ctrl Pts',(1248.44855054527,2053.00439312159,87.721415848616));
#11438=CARTESIAN_POINT('Ctrl Pts',(1251.99526220917,2053.2310005756,87.6285419351565));
#11439=CARTESIAN_POINT('Ctrl Pts',(1255.54197387308,2053.45760802961,87.535668021697));
#11440=CARTESIAN_POINT('Ctrl Pts',(1259.05166072958,2053.56104134495,87.4437636369403));
#11441=CARTESIAN_POINT('Ctrl Pts',(1262.41768203126,2053.56104134495,87.3556212671343));
#11442=CARTESIAN_POINT('',(1212.43481578248,1875.76104134495,88.6644686825275));
#11443=CARTESIAN_POINT('',(1212.43481578248,1697.96104134495,88.6644686825275));
#11444=CARTESIAN_POINT('',(1263.21740789124,1875.76104134495,87.3346797084881));
#11445=CARTESIAN_POINT('Origin',(1313.86911525846,2053.56104134495,81.0066041095696));
#11446=CARTESIAN_POINT('',(1262.28679728972,2053.56104134495,82.3573346422562));
#11447=CARTESIAN_POINT('',(1313.86911525846,2053.56104134495,81.0066041095696));
#11448=CARTESIAN_POINT('Ctrl Pts',(1262.41768203126,2053.56104134495,87.3556212671344));
#11449=CARTESIAN_POINT('Ctrl Pts',(1262.37405378408,2053.56104134495,85.6895257255082));
#11450=CARTESIAN_POINT('Ctrl Pts',(1262.3304255369,2053.56104134495,84.0234301838821));
#11451=CARTESIAN_POINT('Ctrl Pts',(1262.28679728972,2053.56104134495,82.3573346422559));
#11452=CARTESIAN_POINT('Ctrl Pts',(1262.28679728972,2053.56104134495,82.3573346422559));
#11453=CARTESIAN_POINT('Ctrl Pts',(1262.3304255369,2053.56104134495,84.0234301838821));
#11454=CARTESIAN_POINT('Ctrl Pts',(1262.37405378408,2053.56104134495,85.6895257255082));
#11455=CARTESIAN_POINT('Ctrl Pts',(1262.41768203126,2053.56104134495,87.3556212671344));
#11456=CARTESIAN_POINT('Ctrl Pts',(1258.92077598804,2053.56104134495,82.4454770120619));
#11457=CARTESIAN_POINT('Ctrl Pts',(1258.96440423522,2053.56104134495,84.1115725536881));
#11458=CARTESIAN_POINT('Ctrl Pts',(1259.0080324824,2053.56104134495,85.7776680953142));
#11459=CARTESIAN_POINT('Ctrl Pts',(1259.05166072958,2053.56104134495,87.4437636369404));
#11460=CARTESIAN_POINT('Ctrl Pts',(1251.90140227504,2053.35417471428,82.6292857815754));
#11461=CARTESIAN_POINT('Ctrl Pts',(1251.94503052222,2053.35417471428,84.2953813232015));
#11462=CARTESIAN_POINT('Ctrl Pts',(1251.9886587694,2053.35417471428,85.9614768648276));
#11463=CARTESIAN_POINT('Ctrl Pts',(1252.03228701658,2053.35417471428,87.6275724064538));
#11464=CARTESIAN_POINT('Ctrl Pts',(1239.35832462545,2052.12993913986,82.9577378291434));
#11465=CARTESIAN_POINT('Ctrl Pts',(1239.40195287263,2052.12993913986,84.6238333707696));
#11466=CARTESIAN_POINT('Ctrl Pts',(1239.44558111981,2052.12993913986,86.2899289123957));
#11467=CARTESIAN_POINT('Ctrl Pts',(1239.48920936699,2052.12993913986,87.9560244540218));
#11468=CARTESIAN_POINT('Ctrl Pts',(1229.48216305162,2050.08095841941,83.2163542215204));
#11469=CARTESIAN_POINT('Ctrl Pts',(1229.5257912988,2050.08095841941,84.8824497631466));
#11470=CARTESIAN_POINT('Ctrl Pts',(1229.56941954598,2050.08095841941,86.5485453047727));
#11471=CARTESIAN_POINT('Ctrl Pts',(1229.61304779316,2050.08095841941,88.2146408463989));
#11472=CARTESIAN_POINT('Ctrl Pts',(1221.61586869072,2047.41801552125,83.422340388695));
#11473=CARTESIAN_POINT('Ctrl Pts',(1221.6594969379,2047.41801552125,85.0884359303211));
#11474=CARTESIAN_POINT('Ctrl Pts',(1221.70312518508,2047.41801552125,86.7545314719473));
#11475=CARTESIAN_POINT('Ctrl Pts',(1221.74675343226,2047.41801552125,88.4206270135734));
#11476=CARTESIAN_POINT('Ctrl Pts',(1216.50188301954,2044.90287634644,83.5562548163863));
#11477=CARTESIAN_POINT('Ctrl Pts',(1216.54551126672,2044.90287634644,85.2223503580125));
#11478=CARTESIAN_POINT('Ctrl Pts',(1216.5891395139,2044.90287634644,86.8884458996386));
#11479=CARTESIAN_POINT('Ctrl Pts',(1216.63276776108,2044.90287634644,88.5545414412648));
#11480=CARTESIAN_POINT('Ctrl Pts',(1212.98945740219,2041.67735577333,83.64823091812));
#11481=CARTESIAN_POINT('Ctrl Pts',(1213.03308564937,2041.67735577333,85.3143264597462));
#11482=CARTESIAN_POINT('Ctrl Pts',(1213.07671389655,2041.67735577333,86.9804220013723));
#11483=CARTESIAN_POINT('Ctrl Pts',(1213.12034214373,2041.67735577333,88.6465175429984));
#11484=CARTESIAN_POINT('Ctrl Pts',(1212.30393104094,2039.5711938895,83.6661820576491));
#11485=CARTESIAN_POINT('Ctrl Pts',(1212.34755928812,2039.5711938895,85.3322775992753));
#11486=CARTESIAN_POINT('Ctrl Pts',(1212.3911875353,2039.5711938895,86.9983731409014));
#11487=CARTESIAN_POINT('Ctrl Pts',(1212.43481578248,2039.5711938895,88.6644686825275));
#11488=CARTESIAN_POINT('Ctrl Pts',(1212.30393104094,2038.56104134495,83.6661820576491));
#11489=CARTESIAN_POINT('Ctrl Pts',(1212.34755928812,2038.56104134495,85.3322775992753));
#11490=CARTESIAN_POINT('Ctrl Pts',(1212.3911875353,2038.56104134495,86.9983731409014));
#11491=CARTESIAN_POINT('Ctrl Pts',(1212.43481578248,2038.56104134495,88.6644686825275));
#11492=CARTESIAN_POINT('',(1212.30393104094,2038.56104134495,83.6661820576498));
#11493=CARTESIAN_POINT('Ctrl Pts',(1262.28679728972,2053.56104134495,82.3573346422559));
#11494=CARTESIAN_POINT('Ctrl Pts',(1258.92077598804,2053.56104134495,82.4454770120619));
#11495=CARTESIAN_POINT('Ctrl Pts',(1255.41108913154,2053.45760802961,82.5373813968186));
#11496=CARTESIAN_POINT('Ctrl Pts',(1251.86437746763,2053.2310005756,82.6302553102781));
#11497=CARTESIAN_POINT('Ctrl Pts',(1248.31766580373,2053.00439312159,82.7231292237377));
#11498=CARTESIAN_POINT('Ctrl Pts',(1244.73392933242,2052.65461152889,82.8169726659));
#11499=CARTESIAN_POINT('Ctrl Pts',(1241.26686590646,2052.17154514389,82.9077609168476));
#11500=CARTESIAN_POINT('Ctrl Pts',(1236.06627076751,2051.44694556638,83.0439432932691));
#11501=CARTESIAN_POINT('Ctrl Pts',(1231.12818998059,2050.42245520615,83.1732514894576));
#11502=CARTESIAN_POINT('Ctrl Pts',(1226.94380939852,2049.16772902929,83.2828233511952));
#11503=CARTESIAN_POINT('Ctrl Pts',(1225.54901587117,2048.74948697033,83.3193473051077));
#11504=CARTESIAN_POINT('Ctrl Pts',(1224.23796681102,2048.30566315397,83.3536783329701));
#11505=CARTESIAN_POINT('Ctrl Pts',(1223.02300172617,2047.84210466475,83.3854933133912));
#11506=CARTESIAN_POINT('Ctrl Pts',(1220.59307155648,2046.91498768629,83.4491232742333));
#11507=CARTESIAN_POINT('Ctrl Pts',(1218.54747728801,2045.90893201637,83.5026890453098));
#11508=CARTESIAN_POINT('Ctrl Pts',(1216.93927588422,2044.86831741922,83.544801281137));
#11509=CARTESIAN_POINT('Ctrl Pts',(1215.33107448042,2043.82770282207,83.5869135169642));
#11510=CARTESIAN_POINT('Ctrl Pts',(1214.1602659413,2042.7525292977,83.6175722175421));
#11511=CARTESIAN_POINT('Ctrl Pts',(1213.40348008144,2041.68840206456,83.6373893527134));
#11512=CARTESIAN_POINT('Ctrl Pts',(1212.64669422157,2040.62427483142,83.6572064878846));
#11513=CARTESIAN_POINT('Ctrl Pts',(1212.30393104094,2039.5711938895,83.6661820576491));
#11514=CARTESIAN_POINT('Ctrl Pts',(1212.30393104094,2038.56104134495,83.6661820576491));
#11515=CARTESIAN_POINT('Ctrl Pts',(1212.30393104094,2038.56104134495,83.6661820576491));
#11516=CARTESIAN_POINT('Ctrl Pts',(1212.34755928812,2038.56104134495,85.3322775992753));
#11517=CARTESIAN_POINT('Ctrl Pts',(1212.3911875353,2038.56104134495,86.9983731409014));
#11518=CARTESIAN_POINT('Ctrl Pts',(1212.43481578248,2038.56104134495,88.6644686825275));
#11519=CARTESIAN_POINT('Origin',(1212.30393104094,2053.56104134495,83.6661820576498));
#11520=CARTESIAN_POINT('',(1212.30393104094,1875.76104134495,83.6661820576498));
#11521=CARTESIAN_POINT('',(1212.30393104094,1697.96104134495,83.6661820576498));
#11522=CARTESIAN_POINT('',(1212.33665222633,1875.76104134495,84.9157537138689));
#11523=CARTESIAN_POINT('Origin',(1263.0865231497,1875.76104134495,82.3363930836096));
#11524=CARTESIAN_POINT('',(1313.86911525846,1875.76104134495,81.0066041095696));
#11525=CARTESIAN_POINT('Origin',(1263.15196552047,1875.76104134495,84.8355363960486));
#11526=CARTESIAN_POINT('Origin',(1318.86740188334,1636.43895865505,80.8757193680302));
#11527=CARTESIAN_POINT('',(1318.99828662488,1814.23895865505,85.874005992908));
#11528=CARTESIAN_POINT('',(1318.86740188334,1814.23895865505,80.8757193680302));
#11529=CARTESIAN_POINT('',(1318.90012306872,1814.23895865505,82.12529102425));
#11530=CARTESIAN_POINT('',(1318.99828662488,1636.43895865505,85.874005992908));
#11531=CARTESIAN_POINT('',(1318.99828662488,1725.33895865505,85.8740059929093));
#11532=CARTESIAN_POINT('',(1318.86740188334,1636.43895865505,80.8757193680302));
#11533=CARTESIAN_POINT('',(1318.86740188334,1636.43895865505,80.8757193680308));
#11534=CARTESIAN_POINT('',(1318.86740188334,1725.33895865505,80.8757193680301));
#11535=CARTESIAN_POINT('Origin',(1263.0865231497,1814.23895865505,82.3363930836096));
#11536=CARTESIAN_POINT('',(1227.29879091558,1636.43895865505,83.2735278330316));
#11537=CARTESIAN_POINT('',(1313.86911525846,1636.43895865505,81.0066041095696));
#11538=CARTESIAN_POINT('',(1212.30393104094,1686.43895865505,83.6661820576497));
#11539=CARTESIAN_POINT('Ctrl Pts',(1212.30393104094,1686.43895865505,83.6661820576497));
#11540=CARTESIAN_POINT('Ctrl Pts',(1212.30393104094,1683.07178350654,83.6661820576497));
#11541=CARTESIAN_POINT('Ctrl Pts',(1212.40730371481,1679.56085428017,83.6634751489196));
#11542=CARTESIAN_POINT('Ctrl Pts',(1212.63390819034,1676.01303905301,83.6575413018962));
#11543=CARTESIAN_POINT('Ctrl Pts',(1212.86051266587,1672.46522382586,83.6516074548727));
#11544=CARTESIAN_POINT('Ctrl Pts',(1213.21034894307,1668.88052259793,83.6424466695559));
#11545=CARTESIAN_POINT('Ctrl Pts',(1213.69325631079,1665.41228953056,83.6298012950994));
#11546=CARTESIAN_POINT('Ctrl Pts',(1214.41761736238,1660.20993992951,83.6108332334147));
#11547=CARTESIAN_POINT('Ctrl Pts',(1215.44138836766,1655.26964368974,83.5840248461657));
#11548=CARTESIAN_POINT('Ctrl Pts',(1216.69551783357,1651.08356133899,83.5511843103338));
#11549=CARTESIAN_POINT('Ctrl Pts',(1217.11356098887,1649.68820055541,83.5402374650565));
#11550=CARTESIAN_POINT('Ctrl Pts',(1217.55719952869,1648.37664131505,83.5286203810477));
#11551=CARTESIAN_POINT('Ctrl Pts',(1218.02058698932,1647.1612355111,83.5164861533475));
#11552=CARTESIAN_POINT('Ctrl Pts',(1218.94736191058,1644.7304239032,83.4922176979472));
#11553=CARTESIAN_POINT('Ctrl Pts',(1219.95313251509,1642.68422604094,83.465880667781));
#11554=CARTESIAN_POINT('Ctrl Pts',(1220.99342334933,1641.0755236209,83.4386396935862));
#11555=CARTESIAN_POINT('Ctrl Pts',(1222.03371418358,1639.46682120086,83.4113987193915));
#11556=CARTESIAN_POINT('Ctrl Pts',(1223.10852524757,1638.29561422305,83.3832538011683));
#11557=CARTESIAN_POINT('Ctrl Pts',(1224.17234283294,1637.5386485866,83.3553967573138));
#11558=CARTESIAN_POINT('Ctrl Pts',(1225.23616041831,1636.78168295015,83.3275397134593));
#11559=CARTESIAN_POINT('Ctrl Pts',(1226.28898452507,1636.43895865505,83.2999705439736));
#11560=CARTESIAN_POINT('Ctrl Pts',(1227.29879091558,1636.43895865505,83.2735278330318));
#11561=CARTESIAN_POINT('',(1212.30393104094,1814.23895865505,83.6661820576498));
#11562=CARTESIAN_POINT('',(1212.30393104094,1636.43895865505,83.6661820576498));
#11563=CARTESIAN_POINT('',(1263.0865231497,1814.23895865505,82.3363930836096));
#11564=CARTESIAN_POINT('Origin',(1212.30393104094,1636.43895865505,83.6661820576498));
#11565=CARTESIAN_POINT('',(1227.42967565712,1636.43895865505,88.2718144579094));
#11566=CARTESIAN_POINT('',(1314.,1636.43895865505,86.0048907344473));
#11567=CARTESIAN_POINT('Ctrl Pts',(1227.29879091558,1636.43895865505,83.2735278330316));
#11568=CARTESIAN_POINT('Ctrl Pts',(1227.34241916276,1636.43895865505,84.9396233746576));
#11569=CARTESIAN_POINT('Ctrl Pts',(1227.38604740994,1636.43895865505,86.6057189162836));
#11570=CARTESIAN_POINT('Ctrl Pts',(1227.42967565712,1636.43895865505,88.2718144579096));
#11571=CARTESIAN_POINT('Ctrl Pts',(1212.30393104094,1686.43895865505,83.6661820576495));
#11572=CARTESIAN_POINT('Ctrl Pts',(1212.34755928812,1686.43895865505,85.3322775992756));
#11573=CARTESIAN_POINT('Ctrl Pts',(1212.3911875353,1686.43895865505,86.9983731409016));
#11574=CARTESIAN_POINT('Ctrl Pts',(1212.43481578248,1686.43895865505,88.6644686825276));
#11575=CARTESIAN_POINT('Ctrl Pts',(1212.30393104094,1683.07178350654,83.6661820576495));
#11576=CARTESIAN_POINT('Ctrl Pts',(1212.34755928812,1683.07178350654,85.3322775992756));
#11577=CARTESIAN_POINT('Ctrl Pts',(1212.3911875353,1683.07178350654,86.9983731409016));
#11578=CARTESIAN_POINT('Ctrl Pts',(1212.43481578248,1683.07178350654,88.6644686825276));
#11579=CARTESIAN_POINT('Ctrl Pts',(1212.51067638867,1676.04992505379,83.6607682401893));
#11580=CARTESIAN_POINT('Ctrl Pts',(1212.55430463585,1676.04992505379,85.3268637818153));
#11581=CARTESIAN_POINT('Ctrl Pts',(1212.59793288303,1676.04992505379,86.9929593234414));
#11582=CARTESIAN_POINT('Ctrl Pts',(1212.6415611302,1676.04992505379,88.6590548650674));
#11583=CARTESIAN_POINT('Ctrl Pts',(1213.73510335887,1663.50347075603,83.6287054915805));
#11584=CARTESIAN_POINT('Ctrl Pts',(1213.77873160605,1663.50347075603,85.2948010332065));
#11585=CARTESIAN_POINT('Ctrl Pts',(1213.82235985323,1663.50347075603,86.9608965748325));
#11586=CARTESIAN_POINT('Ctrl Pts',(1213.86598810041,1663.50347075603,88.6269921164585));
#11587=CARTESIAN_POINT('Ctrl Pts',(1215.78264536942,1653.62287827649,83.5750887170825));
#11588=CARTESIAN_POINT('Ctrl Pts',(1215.8262736166,1653.62287827649,85.2411842587085));
#11589=CARTESIAN_POINT('Ctrl Pts',(1215.86990186378,1653.62287827649,86.9072798003345));
#11590=CARTESIAN_POINT('Ctrl Pts',(1215.91353011096,1653.62287827649,88.5733753419605));
#11591=CARTESIAN_POINT('Ctrl Pts',(1218.44447660833,1645.75352283433,83.5053862130301));
#11592=CARTESIAN_POINT('Ctrl Pts',(1218.48810485551,1645.75352283433,85.1714817546561));
#11593=CARTESIAN_POINT('Ctrl Pts',(1218.53173310269,1645.75352283433,86.8375772962821));
#11594=CARTESIAN_POINT('Ctrl Pts',(1218.57536134987,1645.75352283433,88.5036728379081));
#11595=CARTESIAN_POINT('Ctrl Pts',(1220.95890311959,1640.63802817867,83.4395436376145));
#11596=CARTESIAN_POINT('Ctrl Pts',(1221.00253136677,1640.63802817867,85.1056391792406));
#11597=CARTESIAN_POINT('Ctrl Pts',(1221.04615961395,1640.63802817867,86.7717347208666));
#11598=CARTESIAN_POINT('Ctrl Pts',(1221.08978786113,1640.63802817867,88.4378302624926));
#11599=CARTESIAN_POINT('Ctrl Pts',(1224.18333631156,1637.12440724525,83.3551088829448));
#11600=CARTESIAN_POINT('Ctrl Pts',(1224.22696455874,1637.12440724525,85.0212044245708));
#11601=CARTESIAN_POINT('Ctrl Pts',(1224.27059280592,1637.12440724525,86.6872999661968));
#11602=CARTESIAN_POINT('Ctrl Pts',(1224.3142210531,1637.12440724525,88.3533955078228));
#11603=CARTESIAN_POINT('Ctrl Pts',(1226.28898452507,1636.43895865505,83.2999705439734));
#11604=CARTESIAN_POINT('Ctrl Pts',(1226.33261277225,1636.43895865505,84.9660660855994));
#11605=CARTESIAN_POINT('Ctrl Pts',(1226.37624101943,1636.43895865505,86.6321616272254));
#11606=CARTESIAN_POINT('Ctrl Pts',(1226.41986926661,1636.43895865505,88.2982571688514));
#11607=CARTESIAN_POINT('Ctrl Pts',(1227.29879091558,1636.43895865505,83.2735278330316));
#11608=CARTESIAN_POINT('Ctrl Pts',(1227.34241916276,1636.43895865505,84.9396233746576));
#11609=CARTESIAN_POINT('Ctrl Pts',(1227.38604740994,1636.43895865505,86.6057189162836));
#11610=CARTESIAN_POINT('Ctrl Pts',(1227.42967565712,1636.43895865505,88.2718144579096));
#11611=CARTESIAN_POINT('',(1212.43481578248,1686.43895865505,88.6644686825274));
#11612=CARTESIAN_POINT('Ctrl Pts',(1227.42967565712,1636.43895865505,88.2718144579096));
#11613=CARTESIAN_POINT('Ctrl Pts',(1226.41986926661,1636.43895865505,88.2982571688514));
#11614=CARTESIAN_POINT('Ctrl Pts',(1225.36704515985,1636.78168295015,88.3258263383371));
#11615=CARTESIAN_POINT('Ctrl Pts',(1224.30322757448,1637.5386485866,88.3536833821916));
#11616=CARTESIAN_POINT('Ctrl Pts',(1223.23940998911,1638.29561422305,88.3815404260461));
#11617=CARTESIAN_POINT('Ctrl Pts',(1222.16459892512,1639.46682120086,88.4096853442693));
#11618=CARTESIAN_POINT('Ctrl Pts',(1221.12430809087,1641.0755236209,88.4369263184641));
#11619=CARTESIAN_POINT('Ctrl Pts',(1220.08401725663,1642.68422604094,88.4641672926588));
#11620=CARTESIAN_POINT('Ctrl Pts',(1219.07824665212,1644.7304239032,88.490504322825));
#11621=CARTESIAN_POINT('Ctrl Pts',(1218.15147173086,1647.1612355111,88.5147727782254));
#11622=CARTESIAN_POINT('Ctrl Pts',(1217.68808427023,1648.37664131505,88.5269070059256));
#11623=CARTESIAN_POINT('Ctrl Pts',(1217.24444573041,1649.68820055541,88.5385240899343));
#11624=CARTESIAN_POINT('Ctrl Pts',(1216.82640257511,1651.08356133899,88.5494709352116));
#11625=CARTESIAN_POINT('Ctrl Pts',(1215.5722731092,1655.26964368974,88.5823114710435));
#11626=CARTESIAN_POINT('Ctrl Pts',(1214.54850210392,1660.20993992951,88.6091198582925));
#11627=CARTESIAN_POINT('Ctrl Pts',(1213.82414105233,1665.41228953056,88.6280879199772));
#11628=CARTESIAN_POINT('Ctrl Pts',(1213.34123368461,1668.88052259793,88.6407332944337));
#11629=CARTESIAN_POINT('Ctrl Pts',(1212.99139740741,1672.46522382586,88.6498940797506));
#11630=CARTESIAN_POINT('Ctrl Pts',(1212.76479293188,1676.01303905301,88.655827926774));
#11631=CARTESIAN_POINT('Ctrl Pts',(1212.53818845634,1679.56085428017,88.6617617737975));
#11632=CARTESIAN_POINT('Ctrl Pts',(1212.43481578248,1683.07178350654,88.6644686825276));
#11633=CARTESIAN_POINT('Ctrl Pts',(1212.43481578248,1686.43895865505,88.6644686825276));
#11634=CARTESIAN_POINT('Ctrl Pts',(1212.43481578248,1686.43895865505,88.6644686825276));
#11635=CARTESIAN_POINT('Ctrl Pts',(1212.3911875353,1686.43895865505,86.9983731409016));
#11636=CARTESIAN_POINT('Ctrl Pts',(1212.34755928812,1686.43895865505,85.3322775992756));
#11637=CARTESIAN_POINT('Ctrl Pts',(1212.30393104094,1686.43895865505,83.6661820576495));
#11638=CARTESIAN_POINT('Origin',(1212.30393104094,1992.03895865505,83.6661820576498));
#11639=CARTESIAN_POINT('',(1212.43481578248,1814.23895865505,88.6644686825275));
#11640=CARTESIAN_POINT('',(1212.43481578248,1636.43895865505,88.6644686825275));
#11641=CARTESIAN_POINT('',(1212.33665222633,1814.23895865505,84.9157537138689));
#11642=CARTESIAN_POINT('Origin',(1263.21740789124,1814.23895865505,87.3346797084881));
#11643=CARTESIAN_POINT('',(1314.,1814.23895865505,86.0048907344473));
#11644=CARTESIAN_POINT('Origin',(1263.15196552047,1814.23895865505,84.8355363960486));
#11645=CARTESIAN_POINT('Origin',(1368.86740188334,2053.56095865505,80.8757193680302));
#11646=CARTESIAN_POINT('',(1368.86740188334,2053.56095865505,80.8757193680302));
#11647=CARTESIAN_POINT('',(1368.99828662488,2053.56095865505,85.874005992908));
#11648=CARTESIAN_POINT('',(1368.90012306872,2053.56095865505,82.12529102425));
#11649=CARTESIAN_POINT('',(1407.08523070645,2053.56095865505,84.8766642623784));
#11650=CARTESIAN_POINT('',(1368.99828662488,2053.56095865505,85.874005992908));
#11651=CARTESIAN_POINT('',(1406.95434596491,2053.56095865505,79.8783776375006));
#11652=CARTESIAN_POINT('',(1406.98706715029,2053.56095865505,81.1279492937204));
#11653=CARTESIAN_POINT('',(1368.86740188334,2053.56095865505,80.8757193680302));
#11654=CARTESIAN_POINT('Origin',(1368.86740188334,1636.43895865505,80.8757193680301));
#11655=CARTESIAN_POINT('',(1368.86740188334,1636.43895865505,80.8757193680302));
#11656=CARTESIAN_POINT('',(1368.86740188334,1725.33895865505,80.8757193680301));
#11657=CARTESIAN_POINT('',(1406.95434596491,1636.43895865505,79.8783776375006));
#11658=CARTESIAN_POINT('',(1406.95434596491,1725.33895865505,79.8783776375006));
#11659=CARTESIAN_POINT('',(1368.86740188334,1636.43895865505,80.8757193680302));
#11660=CARTESIAN_POINT('Origin',(1368.99828662488,1636.43895865505,85.874005992908));
#11661=CARTESIAN_POINT('',(1368.99828662488,1636.43895865505,85.874005992908));
#11662=CARTESIAN_POINT('',(1368.86740188334,1636.43895865505,80.8757193680308));
#11663=CARTESIAN_POINT('',(1407.08523070645,1636.43895865505,84.8766642623784));
#11664=CARTESIAN_POINT('',(1406.95434596491,1636.43895865505,79.8783776375012));
#11665=CARTESIAN_POINT('',(1368.99828662488,1636.43895865505,85.874005992908));
#11666=CARTESIAN_POINT('Origin',(1368.99828662488,1814.23895865505,85.8740059929093));
#11667=CARTESIAN_POINT('',(1368.99828662488,1814.23895865505,85.874005992908));
#11668=CARTESIAN_POINT('',(1407.08523070645,1814.23895865505,84.8766642623784));
#11669=CARTESIAN_POINT('Origin',(1406.95434596491,1636.43895865505,79.8783776375006));
#11670=CARTESIAN_POINT('Origin',(1368.86740188334,1636.43895865505,80.8757193680302));
#11671=CARTESIAN_POINT('Origin',(555.899470430986,2284.35140388482,91.0892761156292));
#11672=CARTESIAN_POINT('',(555.899470430985,2741.55140388482,91.0892761156293));
#11673=CARTESIAN_POINT('',(555.899470430986,2284.35140388482,91.0892761156292));
#11674=CARTESIAN_POINT('',(555.899470430985,2741.55140388482,91.0892761156293));
#11675=CARTESIAN_POINT('',(555.899470430985,2741.55140388482,81.0892761156293));
#11676=CARTESIAN_POINT('',(555.899470430985,2741.55140388482,91.0892761156293));
#11677=CARTESIAN_POINT('',(555.899470430986,2284.35140388482,81.0892761156292));
#11678=CARTESIAN_POINT('',(555.899470430985,2741.55140388482,81.0892761156293));
#11679=CARTESIAN_POINT('',(555.899470430986,2284.35140388482,91.0892761156292));
#11680=CARTESIAN_POINT('Origin',(606.699470430985,2284.35140388482,91.0892761156292));
#11681=CARTESIAN_POINT('',(606.699470430985,2284.35140388482,91.0892761156292));
#11682=CARTESIAN_POINT('',(606.699470430985,2284.35140388482,91.0892761156292));
#11683=CARTESIAN_POINT('',(606.699470430986,2284.35140388482,81.0892761156292));
#11684=CARTESIAN_POINT('',(606.699470430986,2284.35140388482,81.0892761156292));
#11685=CARTESIAN_POINT('',(606.699470430985,2284.35140388482,91.0892761156292));
#11686=CARTESIAN_POINT('Origin',(606.699470430986,2741.55140388482,91.0892761156293));
#11687=CARTESIAN_POINT('',(606.699470430986,2741.55140388482,91.0892761156293));
#11688=CARTESIAN_POINT('',(606.699470430986,2741.55140388482,91.0892761156293));
#11689=CARTESIAN_POINT('',(606.699470430986,2741.55140388482,81.0892761156293));
#11690=CARTESIAN_POINT('',(606.699470430986,2741.55140388482,81.0892761156293));
#11691=CARTESIAN_POINT('',(606.699470430986,2741.55140388482,91.0892761156293));
#11692=CARTESIAN_POINT('Origin',(555.899470430986,2741.55140388482,91.0892761156293));
#11693=CARTESIAN_POINT('',(606.699470430986,2741.55140388482,91.0892761156293));
#11694=CARTESIAN_POINT('',(606.699470430986,2741.55140388482,81.0892761156293));
#11695=CARTESIAN_POINT('Origin',(581.299470430986,2512.95140388482,91.0892761156293));
#11696=CARTESIAN_POINT('Origin',(581.299470430986,2512.95140388482,81.0892761156302));
#11697=CARTESIAN_POINT('Origin',(606.70019549485,1405.42053246763,91.092550510941));
#11698=CARTESIAN_POINT('',(606.700977769474,948.220532536406,91.1004418486786));
#11699=CARTESIAN_POINT('',(606.70019549485,1405.42053246763,91.0925505109411));
#11700=CARTESIAN_POINT('',(606.700977769474,948.220532536406,91.1004418486786));
#11701=CARTESIAN_POINT('',(606.701266194216,948.220359935462,81.1004418543277));
#11702=CARTESIAN_POINT('',(606.700977769474,948.220532536406,91.1004418486786));
#11703=CARTESIAN_POINT('',(606.700483919592,1405.42035986669,81.0925505165901));
#11704=CARTESIAN_POINT('',(606.701266194216,948.220359935462,81.1004418543277));
#11705=CARTESIAN_POINT('',(606.70019549485,1405.42053246763,91.0925505109411));
#11706=CARTESIAN_POINT('Origin',(555.900202463541,1405.43728347541,91.0910850243273));
#11707=CARTESIAN_POINT('',(555.90020246354,1405.43728347541,91.0910850243273));
#11708=CARTESIAN_POINT('',(606.70019549485,1405.42053246763,91.0925505109411));
#11709=CARTESIAN_POINT('',(555.900490888283,1405.43711087446,81.0910850299764));
#11710=CARTESIAN_POINT('',(606.700483919592,1405.42035986669,81.0925505165901));
#11711=CARTESIAN_POINT('',(555.90020246354,1405.43728347541,91.0910850243273));
#11712=CARTESIAN_POINT('Origin',(555.749443153595,948.237308399483,91.0989719908017));
#11713=CARTESIAN_POINT('',(555.749443153595,948.237308399483,91.0989719908017));
#11714=CARTESIAN_POINT('',(555.90020246354,1405.43728347541,91.0910850243273));
#11715=CARTESIAN_POINT('',(555.749731578337,948.237135798538,81.0989719964507));
#11716=CARTESIAN_POINT('',(555.900490888283,1405.43711087446,81.0910850299764));
#11717=CARTESIAN_POINT('',(555.749443153595,948.237308399483,91.0989719908017));
#11718=CARTESIAN_POINT('Origin',(606.700977769474,948.220532536406,91.1004418486786));
#11719=CARTESIAN_POINT('',(555.749443153595,948.237308399483,91.0989719908017));
#11720=CARTESIAN_POINT('',(555.749731578337,948.237135798538,81.0989719964507));
#11721=CARTESIAN_POINT('Origin',(581.280474260588,1176.79545459153,91.095763433721));
#11722=CARTESIAN_POINT('Origin',(581.28076268533,1176.79528199058,81.0957634393692));
#11723=CARTESIAN_POINT('Origin',(1614.,1842.49906136619,86.1039521006356));
#11724=CARTESIAN_POINT('',(1614.,1842.49906136619,81.1039521006356));
#11725=CARTESIAN_POINT('',(1614.,1842.49906136619,86.1039521006356));
#11726=CARTESIAN_POINT('',(1614.,1842.49906136619,84.8539521006356));
#11727=CARTESIAN_POINT('',(1617.3244724351,1969.45554163809,81.1039521006356));
#11728=CARTESIAN_POINT('',(1614.,1842.49906136619,81.1039521006356));
#11729=CARTESIAN_POINT('',(1617.3244724351,1969.45554163809,86.1039521006356));
#11730=CARTESIAN_POINT('',(1617.3244724351,1969.45554163809,84.8539521006356));
#11731=CARTESIAN_POINT('',(1614.,1842.49906136619,86.1039521006356));
#11732=CARTESIAN_POINT('Origin',(1512.43481578248,1845.15863931427,86.1039521006356));
#11733=CARTESIAN_POINT('',(1575.73872771612,1970.5445026877,86.1039521006356));
#11734=CARTESIAN_POINT('',(1617.3244724351,1969.45554163809,86.1039521006356));
#11735=CARTESIAN_POINT('',(1512.4871696791,1847.15795396422,86.1039521006356));
#11736=CARTESIAN_POINT('Ctrl Pts',(1512.4871696791,1847.15795396422,86.1039521006356));
#11737=CARTESIAN_POINT('Ctrl Pts',(1512.70752560361,1855.57300721843,86.1039521006356));
#11738=CARTESIAN_POINT('Ctrl Pts',(1513.34726285203,1864.33969777327,86.1039521006356));
#11739=CARTESIAN_POINT('Ctrl Pts',(1514.48737220823,1873.18154217333,86.1039521006356));
#11740=CARTESIAN_POINT('Ctrl Pts',(1515.62748156443,1882.02338657339,86.1039521006356));
#11741=CARTESIAN_POINT('Ctrl Pts',(1517.26796302841,1890.94038481866,86.1039521006356));
#11742=CARTESIAN_POINT('Ctrl Pts',(1519.42428292652,1899.56075812353,86.1039521006356));
#11743=CARTESIAN_POINT('Ctrl Pts',(1521.58060282464,1908.18113142839,86.1039521006356));
#11744=CARTESIAN_POINT('Ctrl Pts',(1524.25276115689,1916.50487979286,86.1039521006356));
#11745=CARTESIAN_POINT('Ctrl Pts',(1527.37246200179,1924.14501091488,86.1039521006356));
#11746=CARTESIAN_POINT('Ctrl Pts',(1530.49216284669,1931.7851420369,86.1039521006356));
#11747=CARTESIAN_POINT('Ctrl Pts',(1534.05940620426,1938.74165591648,86.1039521006356));
#11748=CARTESIAN_POINT('Ctrl Pts',(1537.92285360622,1944.72321191425,86.1039521006356));
#11749=CARTESIAN_POINT('Ctrl Pts',(1541.78630100819,1950.70476791201,86.1039521006355));
#11750=CARTESIAN_POINT('Ctrl Pts',(1545.94595245455,1955.71136602795,86.1039521006355));
#11751=CARTESIAN_POINT('Ctrl Pts',(1550.21300304016,1959.62193063505,86.1039521006356));
#11752=CARTESIAN_POINT('Ctrl Pts',(1554.48005362577,1963.53249524215,86.1039521006355));
#11753=CARTESIAN_POINT('Ctrl Pts',(1558.85450335062,1966.3470263404,86.1039521006355));
#11754=CARTESIAN_POINT('Ctrl Pts',(1563.1593654827,1968.12647091272,86.1039521006355));
#11755=CARTESIAN_POINT('Ctrl Pts',(1567.46422761479,1969.90591548505,86.1039521006355));
#11756=CARTESIAN_POINT('Ctrl Pts',(1571.6995021541,1970.65027353146,86.1039521006355));
#11757=CARTESIAN_POINT('Ctrl Pts',(1575.73872771612,1970.5445026877,86.1039521006355));
#11758=CARTESIAN_POINT('',(1512.43481578248,1845.15863931427,86.1039521006356));
#11759=CARTESIAN_POINT('',(1512.43481578248,1845.15863931427,86.1039521006356));
#11760=CARTESIAN_POINT('',(1614.,1842.49906136619,86.1039521006356));
#11761=CARTESIAN_POINT('Origin',(1566.54188032634,1970.78533061213,83.6039521006356));
#11762=CARTESIAN_POINT('',(1575.73872771612,1970.5445026877,81.1039521006356));
#11763=CARTESIAN_POINT('',(1617.3244724351,1969.45554163809,81.1039521006356));
#11764=CARTESIAN_POINT('Ctrl Pts',(1575.73872771612,1970.5445026877,86.1039521006356));
#11765=CARTESIAN_POINT('Ctrl Pts',(1575.73872771612,1970.5445026877,84.4372854339689));
#11766=CARTESIAN_POINT('Ctrl Pts',(1575.73872771612,1970.5445026877,82.7706187673023));
#11767=CARTESIAN_POINT('Ctrl Pts',(1575.73872771612,1970.5445026877,81.1039521006356));
#11768=CARTESIAN_POINT('Ctrl Pts',(1575.73872771612,1970.5445026877,81.1039521006356));
#11769=CARTESIAN_POINT('Ctrl Pts',(1575.73872771612,1970.5445026877,82.7706187673023));
#11770=CARTESIAN_POINT('Ctrl Pts',(1575.73872771612,1970.5445026877,84.4372854339689));
#11771=CARTESIAN_POINT('Ctrl Pts',(1575.73872771612,1970.5445026877,86.1039521006356));
#11772=CARTESIAN_POINT('Ctrl Pts',(1571.6995021541,1970.65027353146,81.1039521006356));
#11773=CARTESIAN_POINT('Ctrl Pts',(1571.6995021541,1970.65027353146,82.7706187673023));
#11774=CARTESIAN_POINT('Ctrl Pts',(1571.6995021541,1970.65027353146,84.4372854339689));
#11775=CARTESIAN_POINT('Ctrl Pts',(1571.6995021541,1970.65027353146,86.1039521006356));
#11776=CARTESIAN_POINT('Ctrl Pts',(1563.22895307547,1969.16155743864,81.1039521006356));
#11777=CARTESIAN_POINT('Ctrl Pts',(1563.22895307547,1969.16155743864,82.7706187673023));
#11778=CARTESIAN_POINT('Ctrl Pts',(1563.22895307547,1969.16155743864,84.437285433969));
#11779=CARTESIAN_POINT('Ctrl Pts',(1563.22895307547,1969.16155743864,86.1039521006356));
#11780=CARTESIAN_POINT('Ctrl Pts',(1550.10560390092,1960.7179641439,81.1039521006356));
#11781=CARTESIAN_POINT('Ctrl Pts',(1550.10560390092,1960.7179641439,82.7706187673023));
#11782=CARTESIAN_POINT('Ctrl Pts',(1550.10560390092,1960.7179641439,84.437285433969));
#11783=CARTESIAN_POINT('Ctrl Pts',(1550.10560390092,1960.7179641439,86.1039521006356));
#11784=CARTESIAN_POINT('Ctrl Pts',(1537.62664956182,1945.69816979607,81.1039521006356));
#11785=CARTESIAN_POINT('Ctrl Pts',(1537.62664956182,1945.69816979607,82.7706187673023));
#11786=CARTESIAN_POINT('Ctrl Pts',(1537.62664956182,1945.69816979607,84.437285433969));
#11787=CARTESIAN_POINT('Ctrl Pts',(1537.62664956182,1945.69816979607,86.1039521006356));
#11788=CARTESIAN_POINT('Ctrl Pts',(1526.92491948913,1924.82862815732,81.1039521006356));
#11789=CARTESIAN_POINT('Ctrl Pts',(1526.92491948913,1924.82862815732,82.7706187673023));
#11790=CARTESIAN_POINT('Ctrl Pts',(1526.92491948913,1924.82862815732,84.437285433969));
#11791=CARTESIAN_POINT('Ctrl Pts',(1526.92491948913,1924.82862815732,86.1039521006357));
#11792=CARTESIAN_POINT('Ctrl Pts',(1518.90844449239,1899.85738306393,81.1039521006356));
#11793=CARTESIAN_POINT('Ctrl Pts',(1518.90844449239,1899.85738306393,82.7706187673023));
#11794=CARTESIAN_POINT('Ctrl Pts',(1518.90844449239,1899.85738306393,84.437285433969));
#11795=CARTESIAN_POINT('Ctrl Pts',(1518.90844449239,1899.85738306393,86.1039521006357));
#11796=CARTESIAN_POINT('Ctrl Pts',(1513.98700010044,1873.10638832811,81.1039521006356));
#11797=CARTESIAN_POINT('Ctrl Pts',(1513.98700010044,1873.10638832811,82.7706187673023));
#11798=CARTESIAN_POINT('Ctrl Pts',(1513.98700010044,1873.10638832811,84.437285433969));
#11799=CARTESIAN_POINT('Ctrl Pts',(1513.98700010044,1873.10638832811,86.1039521006357));
#11800=CARTESIAN_POINT('Ctrl Pts',(1512.70752560361,1855.57300721843,81.1039521006356));
#11801=CARTESIAN_POINT('Ctrl Pts',(1512.70752560361,1855.57300721843,82.7706187673023));
#11802=CARTESIAN_POINT('Ctrl Pts',(1512.70752560361,1855.57300721843,84.437285433969));
#11803=CARTESIAN_POINT('Ctrl Pts',(1512.70752560361,1855.57300721843,86.1039521006357));
#11804=CARTESIAN_POINT('Ctrl Pts',(1512.4871696791,1847.15795396422,81.1039521006356));
#11805=CARTESIAN_POINT('Ctrl Pts',(1512.4871696791,1847.15795396422,82.7706187673023));
#11806=CARTESIAN_POINT('Ctrl Pts',(1512.4871696791,1847.15795396422,84.437285433969));
#11807=CARTESIAN_POINT('Ctrl Pts',(1512.4871696791,1847.15795396422,86.1039521006357));
#11808=CARTESIAN_POINT('',(1512.4871696791,1847.15795396422,81.1039521006356));
#11809=CARTESIAN_POINT('Ctrl Pts',(1575.73872771612,1970.5445026877,81.1039521006356));
#11810=CARTESIAN_POINT('Ctrl Pts',(1571.6995021541,1970.65027353146,81.1039521006356));
#11811=CARTESIAN_POINT('Ctrl Pts',(1567.46422761479,1969.90591548505,81.1039521006356));
#11812=CARTESIAN_POINT('Ctrl Pts',(1563.1593654827,1968.12647091272,81.1039521006356));
#11813=CARTESIAN_POINT('Ctrl Pts',(1558.85450335062,1966.3470263404,81.1039521006356));
#11814=CARTESIAN_POINT('Ctrl Pts',(1554.48005362577,1963.53249524215,81.1039521006356));
#11815=CARTESIAN_POINT('Ctrl Pts',(1550.21300304016,1959.62193063505,81.1039521006356));
#11816=CARTESIAN_POINT('Ctrl Pts',(1545.94595245455,1955.71136602795,81.1039521006356));
#11817=CARTESIAN_POINT('Ctrl Pts',(1541.78630100819,1950.70476791201,81.1039521006356));
#11818=CARTESIAN_POINT('Ctrl Pts',(1537.92285360622,1944.72321191425,81.1039521006356));
#11819=CARTESIAN_POINT('Ctrl Pts',(1534.05940620426,1938.74165591648,81.1039521006356));
#11820=CARTESIAN_POINT('Ctrl Pts',(1530.49216284669,1931.7851420369,81.1039521006356));
#11821=CARTESIAN_POINT('Ctrl Pts',(1527.37246200179,1924.14501091488,81.1039521006356));
#11822=CARTESIAN_POINT('Ctrl Pts',(1524.25276115689,1916.50487979286,81.1039521006356));
#11823=CARTESIAN_POINT('Ctrl Pts',(1521.58060282464,1908.18113142839,81.1039521006356));
#11824=CARTESIAN_POINT('Ctrl Pts',(1519.42428292652,1899.56075812353,81.1039521006356));
#11825=CARTESIAN_POINT('Ctrl Pts',(1517.26796302841,1890.94038481866,81.1039521006356));
#11826=CARTESIAN_POINT('Ctrl Pts',(1515.62748156443,1882.02338657339,81.1039521006356));
#11827=CARTESIAN_POINT('Ctrl Pts',(1514.48737220823,1873.18154217333,81.1039521006356));
#11828=CARTESIAN_POINT('Ctrl Pts',(1513.34726285203,1864.33969777327,81.1039521006356));
#11829=CARTESIAN_POINT('Ctrl Pts',(1512.70752560361,1855.57300721843,81.1039521006356));
#11830=CARTESIAN_POINT('Ctrl Pts',(1512.4871696791,1847.15795396422,81.1039521006356));
#11831=CARTESIAN_POINT('Ctrl Pts',(1512.4871696791,1847.15795396422,81.1039521006356));
#11832=CARTESIAN_POINT('Ctrl Pts',(1512.4871696791,1847.15795396422,82.7706187673023));
#11833=CARTESIAN_POINT('Ctrl Pts',(1512.4871696791,1847.15795396422,84.437285433969));
#11834=CARTESIAN_POINT('Ctrl Pts',(1512.4871696791,1847.15795396422,86.1039521006357));
#11835=CARTESIAN_POINT('Origin',(1512.43481578248,1845.15863931427,81.1039521006356));
#11836=CARTESIAN_POINT('',(1512.43481578248,1845.15863931427,81.1039521006356));
#11837=CARTESIAN_POINT('',(1512.43481578248,1845.15863931427,81.1039521006356));
#11838=CARTESIAN_POINT('',(1512.43481578248,1845.15863931427,86.1039521006356));
#11839=CARTESIAN_POINT('Origin',(1614.,1842.49906136619,81.1039521006356));
#11840=CARTESIAN_POINT('',(1614.,1842.49906136619,81.1039521006356));
#11841=CARTESIAN_POINT('Origin',(1563.21740789124,1843.82885034023,83.6039521006356));
#11842=UNCERTAINTY_MEASURE_WITH_UNIT(LENGTH_MEASURE(0.01),#11846,
'DISTANCE_ACCURACY_VALUE',
'Maximum model space distance between geometric entities at asserted c
onnectivities');
#11843=UNCERTAINTY_MEASURE_WITH_UNIT(LENGTH_MEASURE(0.01),#11846,
'DISTANCE_ACCURACY_VALUE',
'Maximum model space distance between geometric entities at asserted c
onnectivities');
#11844=(
GEOMETRIC_REPRESENTATION_CONTEXT(3)
GLOBAL_UNCERTAINTY_ASSIGNED_CONTEXT((#11842))
GLOBAL_UNIT_ASSIGNED_CONTEXT((#11846,#11848,#11849))
REPRESENTATION_CONTEXT('','3D')
);
#11845=(
GEOMETRIC_REPRESENTATION_CONTEXT(3)
GLOBAL_UNCERTAINTY_ASSIGNED_CONTEXT((#11843))
GLOBAL_UNIT_ASSIGNED_CONTEXT((#11846,#11848,#11849))
REPRESENTATION_CONTEXT('','3D')
);
#11846=(
LENGTH_UNIT()
NAMED_UNIT(*)
SI_UNIT(.MILLI.,.METRE.)
);
#11847=(
LENGTH_UNIT()
NAMED_UNIT(*)
SI_UNIT($,.METRE.)
);
#11848=(
NAMED_UNIT(*)
PLANE_ANGLE_UNIT()
SI_UNIT($,.RADIAN.)
);
#11849=(
NAMED_UNIT(*)
SI_UNIT($,.STERADIAN.)
SOLID_ANGLE_UNIT()
);
#11850=SHAPE_DEFINITION_REPRESENTATION(#11851,#11852);
#11851=PRODUCT_DEFINITION_SHAPE('',$,#11854);
#11852=SHAPE_REPRESENTATION('',(#6398),#11844);
#11853=PRODUCT_DEFINITION_CONTEXT('part definition',#11858,'design');
#11854=PRODUCT_DEFINITION('2026-09-18-19-34-46-326','Foam Plane',#11855,
#11853);
#11855=PRODUCT_DEFINITION_FORMATION('',$,#11860);
#11856=PRODUCT_RELATED_PRODUCT_CATEGORY('Foam Plane','Foam Plane',(#11860));
#11857=APPLICATION_PROTOCOL_DEFINITION('international standard',
'automotive_design',2009,#11858);
#11858=APPLICATION_CONTEXT(
'Core Data for Automotive Mechanical Design Process');
#11859=PRODUCT_CONTEXT('part definition',#11858,'mechanical');
#11860=PRODUCT('2026-09-18-19-34-46-326','Foam Plane',$,(#11859));
#11861=PRESENTATION_STYLE_ASSIGNMENT((#11864));
#11862=PRESENTATION_STYLE_ASSIGNMENT((#11865));
#11863=PRESENTATION_STYLE_ASSIGNMENT((#11866));
#11864=SURFACE_STYLE_USAGE(.BOTH.,#11867);
#11865=SURFACE_STYLE_USAGE(.BOTH.,#11868);
#11866=SURFACE_STYLE_USAGE(.BOTH.,#11869);
#11867=SURFACE_SIDE_STYLE('',(#11870));
#11868=SURFACE_SIDE_STYLE('',(#11871));
#11869=SURFACE_SIDE_STYLE('',(#11872));
#11870=SURFACE_STYLE_FILL_AREA(#11873);
#11871=SURFACE_STYLE_FILL_AREA(#11874);
#11872=SURFACE_STYLE_FILL_AREA(#11875);
#11873=FILL_AREA_STYLE('Steel - Satin',(#11876));
#11874=FILL_AREA_STYLE('Polystyrene',(#11877));
#11875=FILL_AREA_STYLE('Polymide (Kapton)',(#11878));
#11876=FILL_AREA_STYLE_COLOUR('Steel - Satin',#11879);
#11877=FILL_AREA_STYLE_COLOUR('Polystyrene',#11880);
#11878=FILL_AREA_STYLE_COLOUR('Polymide (Kapton)',#11881);
#11879=COLOUR_RGB('Steel - Satin',0.627450980392157,0.627450980392157,0.627450980392157);
#11880=COLOUR_RGB('Polystyrene',0.,0.,0.);
#11881=COLOUR_RGB('Polymide (Kapton)',0.784313725490196,0.556862745098039,
0.0274509803921569);
ENDSEC;
END-ISO-10303-21;
